     1.000     1.000     1.000     0.000     0.000     1.000     1.000     1.000     1.000     0.000         *     0.004     0.027     0.000     0.964     0.004     4.000
     0.000     1.000     1.000     1.000     1.000     1.000     1.000     1.000     0.000     1.000    59.400     0.045     0.504     0.000     0.004     0.447     2.000
     1.000     1.000     1.000     0.000     1.000     1.000     1.000     1.000     1.000     0.000    62.490     0.005     0.788     0.000     0.191     0.017     2.000
     1.000     1.000     1.000     1.000     1.000     1.000     1.000     1.000     1.000     0.000    71.580     0.000     0.986     0.000     0.006     0.008     2.000
     0.000     1.000         *     1.000     1.000     1.000     0.000     0.000     1.000     1.000    56.720     0.056     0.143     0.007     0.001     0.793     5.000
     1.000     1.000     1.000     1.000     1.000     1.000     1.000     1.000     1.000     0.000    91.260     0.000     0.986     0.000     0.006     0.008     2.000
     1.000     1.000     1.000     1.000     1.000     1.000     0.000     1.000     1.000     0.000    72.720     0.001     0.918     0.000     0.006     0.075     2.000
     0.000     1.000     0.000     0.000     0.000     1.000     1.000     1.000     0.000     0.000    44.420     0.839     0.001     0.011     0.110     0.038     1.000
     1.000     1.000     1.000     1.000     1.000     1.000     1.000     1.000     1.000     1.000         *     0.000     0.986     0.000     0.006     0.008     2.000
     0.000     0.000     0.000     0.000     0.000     1.000     1.000     1.000     1.000     0.000    52.190     0.992     0.000     0.000     0.007     0.000     1.000
     0.000     0.000     1.000     0.000     1.000     1.000     1.000     1.000     0.000     1.000    52.610     0.941     0.007     0.003     0.005     0.044     1.000
     1.000     1.000         *     1.000     1.000     1.000         *     1.000     1.000     1.000    54.140     0.001     0.973     0.000     0.006     0.019     2.000
     1.000     1.000     1.000     1.000     1.000     1.000     1.000     1.000     1.000     0.000    51.890     0.000     0.986     0.000     0.006     0.008     2.000
     1.000     1.000     1.000     0.000     0.000     1.000     1.000     1.000     1.000     0.000    56.310     0.004     0.027     0.000     0.964     0.004     4.000
     1.000     1.000     1.000     1.000     1.000     0.000     0.000     1.000     1.000     0.000         *     0.001     0.319     0.000     0.004     0.676     5.000
     0.000     1.000     0.000     1.000     1.000     1.000     1.000     1.000     1.000     0.000    83.250     0.296     0.652     0.000     0.007     0.045     2.000
     1.000     1.000     1.000     0.000     0.000     0.000     0.000     0.000     0.000     1.000         *     0.001     0.000     0.141     0.009     0.848     5.000
     1.000     1.000     1.000     1.000     1.000     1.000     1.000     1.000     1.000     1.000         *     0.000     0.986     0.000     0.006     0.008     2.000
     1.000     1.000     1.000     1.000     1.000     1.000     0.000     0.000     1.000     1.000    58.060     0.002     0.389     0.000     0.005     0.604     5.000
     1.000     1.000     1.000     0.000     0.000     0.000     1.000     0.000     1.000     1.000    65.930     0.011     0.004     0.001     0.621     0.363     4.000
     1.000     0.000         *     0.000     0.000     1.000     1.000     1.000     1.000     1.000    33.670     0.326     0.009     0.000     0.661     0.004     4.000
     0.000     0.000     1.000     0.000     1.000     1.000     1.000     1.000     1.000     1.000    61.820     0.935     0.043     0.000     0.014     0.008     1.000
     0.000     0.000     1.000     0.000     1.000     0.000     0.000     1.000     1.000     1.000    39.400     0.797     0.003     0.046     0.002     0.151     1.000
     1.000     1.000     1.000     1.000     0.000     1.000     1.000     0.000     1.000     1.000    60.020     0.010     0.254     0.000     0.441     0.295     4.000
     0.000     0.000     1.000     0.000     0.000     0.000     1.000     1.000     0.000     1.000    55.950     0.807     0.000     0.109     0.012     0.071     1.000
     1.000     1.000     1.000     1.000     1.000     1.000     1.000     1.000     1.000     1.000    57.940     0.000     0.986     0.000     0.006     0.008     2.000
     1.000     1.000     1.000     1.000     1.000     1.000     1.000     0.000     1.000     1.000    64.620     0.001     0.858     0.000     0.010     0.130     2.000
     1.000     1.000     1.000         *     1.000     1.000     1.000     1.000     1.000     0.000    66.640     0.001     0.954     0.000     0.035     0.009     2.000
     1.000     1.000     1.000     1.000     1.000     0.000     0.000     1.000     0.000     0.000         *     0.000     0.014     0.001     0.000     0.985     5.000
     0.000     0.000     0.000     0.000     0.000     0.000     0.000     1.000     1.000     1.000         *     0.834     0.000     0.161     0.001     0.004     1.000
     0.000     0.000     1.000     0.000     1.000     1.000     1.000     1.000     1.000     0.000    36.560     0.935     0.043     0.000     0.014     0.008     1.000
     1.000     1.000     1.000     1.000     1.000     1.000     1.000     1.000     1.000     1.000         *     0.000     0.986     0.000     0.006     0.008     2.000
     1.000     1.000     1.000     1.000     0.000     0.000     0.000     1.000     0.000     1.000    59.990     0.001     0.002     0.004     0.007     0.987     5.000
     0.000     1.000     1.000     1.000     1.000     1.000     0.000     1.000     1.000     1.000    57.190     0.033     0.758     0.000     0.003     0.205     2.000
     1.000     1.000     1.000     0.000     0.000     1.000     1.000     1.000     1.000     0.000         *     0.004     0.027     0.000     0.964     0.004     4.000
     0.000     0.000     0.000     0.000     1.000     0.000     1.000     1.000     1.000     1.000    43.350     0.989     0.000     0.005     0.001     0.005     1.000
     1.000     1.000     1.000     0.000     1.000     1.000     1.000     1.000     1.000     0.000    75.610     0.005     0.788     0.000     0.191     0.017     2.000
     1.000     1.000     1.000     0.000     0.000     1.000     1.000     0.000     1.000     0.000    50.590     0.008     0.013     0.000     0.938     0.041     4.000
     1.000     0.000     1.000     0.000     0.000     1.000     1.000     0.000     1.000     1.000    44.240     0.280     0.005     0.001     0.675     0.039     4.000
     0.000     1.000     1.000     0.000     1.000     1.000     1.000     1.000     0.000     1.000    68.580     0.265     0.195     0.001     0.071     0.468     5.000
     1.000     0.000     1.000     0.000     0.000     1.000     0.000     0.000     1.000     1.000    73.830     0.404     0.003     0.031     0.360     0.202     1.000
     1.000     0.000     1.000     1.000     1.000     0.000     1.000     0.000     0.000     1.000         *     0.010     0.003     0.018     0.000     0.969     5.000
     1.000     1.000     1.000     1.000     1.000     1.000     1.000     1.000     1.000     0.000    50.860     0.000     0.986     0.000     0.006     0.008     2.000
     0.000     1.000     1.000         *     1.000         *     1.000     1.000     1.000     0.000    51.190     0.045     0.858     0.000     0.024     0.073     2.000
     1.000     1.000     1.000     1.000     1.000     0.000     1.000     1.000     1.000     1.000    72.580     0.001     0.819     0.000     0.009     0.170     2.000
     1.000     1.000     1.000     1.000     1.000     1.000     1.000     1.000     1.000     0.000    68.620     0.000     0.986     0.000     0.006     0.008     2.000
     1.000     1.000     1.000     1.000     1.000     1.000     1.000     1.000     1.000     0.000    50.700     0.000     0.986     0.000     0.006     0.008     2.000
     1.000     0.000     1.000     1.000     1.000     1.000     0.000     1.000     1.000     1.000    56.830     0.081     0.756     0.000     0.009     0.154     2.000
     0.000     0.000     1.000     0.000     0.000     0.000     0.000     0.000     1.000     0.000    37.210     0.230     0.000     0.703     0.002     0.065     3.000
     1.000     1.000     1.000     1.000     1.000     1.000     1.000     1.000     1.000     0.000    84.210     0.000     0.986     0.000     0.006     0.008     2.000
     0.000     0.000     0.000     0.000     0.000     1.000     1.000     1.000     1.000     0.000    60.370     0.992     0.000     0.000     0.007     0.000     1.000
     1.000     0.000     0.000     0.000     0.000     0.000     0.000     0.000     0.000     0.000    47.860     0.005     0.000     0.986     0.000     0.008     3.000
     0.000     0.000     1.000     1.000     1.000     0.000     0.000     1.000     1.000     0.000         *     0.460     0.028     0.022     0.000     0.489     5.000
     1.000     1.000     1.000     1.000     1.000     1.000     1.000     1.000     1.000     0.000         *     0.000     0.986     0.000     0.006     0.008     2.000
     1.000     1.000     1.000     1.000     1.000     1.000     1.000     1.000     1.000     1.000    65.180     0.000     0.986     0.000     0.006     0.008     2.000
     1.000     1.000     0.000     1.000     1.000     1.000     1.000     1.000     1.000     1.000    59.790     0.011     0.954     0.000     0.015     0.020     2.000
     0.000     0.000     1.000     1.000     1.000     1.000     1.000     1.000     1.000     1.000    39.990     0.573     0.398     0.000     0.003     0.026     1.000
     1.000     1.000     1.000     0.000     0.000     1.000     1.000     1.000     0.000     0.000    60.800     0.011     0.012     0.000     0.908     0.068     4.000
     1.000     1.000     1.000     1.000     1.000     1.000     1.000     1.000     1.000     1.000    69.140     0.000     0.986     0.000     0.006     0.008     2.000
     1.000     1.000     1.000     0.000     1.000     1.000     0.000     1.000     1.000     0.000         *     0.012     0.670     0.000     0.171     0.148     2.000
     1.000     1.000     1.000     1.000     1.000     1.000     1.000     1.000     1.000     1.000    58.280     0.000     0.986     0.000     0.006     0.008     2.000
     1.000     1.000     1.000     0.000     1.000     1.000     1.000     1.000     1.000     0.000         *     0.005     0.788     0.000     0.191     0.017     2.000
     1.000     1.000     1.000     1.000     1.000     0.000     0.000     0.000     0.000     1.000         *     0.000     0.001     0.005     0.000     0.995     5.000
     1.000     1.000     1.000     0.000     0.000     0.000     0.000     1.000     1.000     1.000         *     0.015     0.008     0.001     0.611     0.364     4.000
     1.000     1.000     1.000     1.000     1.000     1.000     1.000     1.000     1.000     0.000    61.060     0.000     0.986     0.000     0.006     0.008     2.000
     1.000     1.000     1.000     1.000     1.000     1.000     0.000     1.000     0.000     0.000    41.700     0.002     0.267     0.000     0.003     0.728     5.000
     1.000     1.000     1.000     1.000     1.000     1.000     1.000     1.000     1.000     1.000    67.080     0.000     0.986     0.000     0.006     0.008     2.000
     1.000     1.000     1.000     0.000     0.000     1.000     1.000     1.000     1.000     0.000    37.270     0.004     0.027     0.000     0.964     0.004     4.000
     0.000     1.000         *     1.000     1.000     1.000     0.000     1.000     0.000     0.000         *     0.053     0.087     0.008     0.001     0.851     5.000
     1.000     0.000     1.000     1.000     1.000     1.000     1.000     1.000     1.000     0.000    56.390     0.035     0.936     0.000     0.010     0.019     2.000
     1.000     0.000     0.000     1.000     0.000     1.000     0.000     1.000     1.000     1.000    47.330     0.894     0.011     0.004     0.048     0.043     1.000
     1.000     1.000     1.000     0.000     1.000     0.000     0.000     1.000     0.000     1.000    66.370     0.002     0.005     0.005     0.005     0.983     5.000
     1.000     0.000     1.000     1.000     1.000     0.000     0.000     1.000     1.000     0.000         *     0.064     0.148     0.002     0.003     0.782     5.000
     1.000     1.000     1.000     0.000     1.000     1.000     1.000     1.000     1.000     0.000    81.510     0.005     0.788     0.000     0.191     0.017     2.000
     0.000     0.000     1.000     0.000     0.000     1.000     1.000         *     1.000     1.000    65.740     0.922     0.001     0.001     0.072     0.004     1.000
     1.000     1.000     1.000     0.000     1.000     1.000     1.000     0.000     1.000     0.000    50.590     0.012     0.522     0.000     0.253     0.214     2.000
     1.000     1.000     1.000     1.000     1.000     1.000     0.000     1.000     1.000     1.000         *     0.001     0.918     0.000     0.006     0.075     2.000
     1.000     1.000     0.000     0.000     0.000     1.000     1.000     0.000     0.000     0.000         *     0.129     0.001     0.044     0.481     0.344     4.000
     0.000     0.000     0.000     0.000     0.000     0.000     0.000     0.000     0.000     0.000    71.600     0.004     0.000     0.996     0.000     0.001     3.000
     0.000     0.000     0.000     0.000     1.000     0.000     0.000     1.000     1.000     0.000    51.220     0.874     0.000     0.111     0.000     0.015     1.000
     1.000     0.000     0.000         *     0.000     0.000     1.000     0.000     1.000     0.000         *     0.688     0.001     0.122     0.058     0.132     1.000
     1.000     1.000     1.000     0.000     0.000     1.000     0.000     0.000     1.000     0.000    61.610     0.015     0.009     0.002     0.683     0.291     4.000
     1.000     0.000     1.000     0.000     0.000     0.000     1.000     0.000     0.000     0.000    60.260     0.100     0.000     0.340     0.042     0.518     5.000
     1.000     1.000     1.000     1.000     1.000     1.000     1.000     1.000     1.000     1.000    76.850     0.000     0.986     0.000     0.006     0.008     2.000
     0.000     0.000     0.000     0.000     1.000         *     1.000     1.000     1.000     1.000         *     0.995     0.001     0.001     0.001     0.002     1.000
     0.000     1.000     1.000     1.000     0.000     0.000     0.000     1.000     1.000     1.000         *     0.075     0.016     0.007     0.021     0.880     5.000
     1.000     1.000     1.000     1.000     1.000     1.000     0.000     1.000     0.000     1.000    72.690     0.002     0.267     0.000     0.003     0.728     5.000
     1.000     1.000     0.000     1.000     1.000     1.000     1.000     1.000     1.000     1.000    51.560     0.011     0.954     0.000     0.015     0.020     2.000
     1.000     1.000     1.000     1.000     1.000     0.000     0.000     1.000     0.000     1.000    63.890     0.000     0.014     0.001     0.000     0.985     5.000
     0.000     0.000     0.000     1.000     1.000     0.000     0.000     0.000     0.000     1.000    54.370     0.007     0.000     0.974     0.000     0.019     3.000
     0.000     1.000     1.000     1.000     1.000     1.000     0.000     1.000     1.000     0.000    72.070     0.033     0.758     0.000     0.003     0.205     2.000
     1.000     1.000     1.000     0.000     0.000     1.000     1.000     1.000     1.000     0.000    36.290     0.004     0.027     0.000     0.964     0.004     4.000
     0.000     0.000     0.000     0.000     0.000     1.000     0.000     1.000     1.000     1.000         *     0.990     0.000     0.007     0.003     0.001     1.000
     0.000     0.000     1.000     1.000     0.000     1.000     0.000     0.000     1.000     1.000    71.840     0.747     0.002     0.064     0.005     0.183     1.000
     1.000     1.000     1.000     0.000     0.000     0.000     0.000     0.000     1.000     0.000         *     0.007     0.001     0.020     0.146     0.826     5.000
     1.000     1.000     1.000     0.000     1.000     1.000     1.000     1.000     1.000     0.000    83.730     0.005     0.788     0.000     0.191     0.017     2.000
     1.000     1.000     1.000     1.000     1.000     0.000     0.000     1.000     0.000     0.000    73.840     0.000     0.014     0.001     0.000     0.985     5.000
     0.000     1.000     1.000     0.000     1.000     1.000     1.000     1.000     1.000     0.000    67.430     0.157     0.676     0.000     0.118     0.048     2.000
     1.000     1.000     1.000     0.000     0.000     1.000     1.000     1.000     1.000     0.000    56.720     0.004     0.027     0.000     0.964     0.004     4.000
     1.000     1.000     1.000     1.000     1.000     0.000     1.000     1.000     0.000     0.000    65.170     0.001     0.126     0.000     0.003     0.870     5.000
     1.000     1.000     1.000     1.000     1.000     0.000     1.000     1.000     1.000     1.000         *     0.001     0.819     0.000     0.009     0.170     2.000
     1.000     1.000     1.000     1.000     1.000     1.000     0.000     0.000     0.000     1.000    57.250     0.000     0.019     0.001     0.000     0.979     5.000
     1.000     1.000     1.000     1.000     1.000     1.000     1.000     1.000     1.000     0.000    57.950     0.000     0.986     0.000     0.006     0.008     2.000
     0.000     0.000     0.000     0.000     0.000     1.000     1.000     1.000     1.000     0.000    42.470     0.992     0.000     0.000     0.007     0.000     1.000
     1.000     1.000     1.000     1.000     1.000     1.000     0.000     1.000     1.000     1.000    59.660     0.001     0.918     0.000     0.006     0.075     2.000
     1.000     0.000     1.000     1.000     1.000     1.000     1.000     1.000     1.000     1.000    42.830     0.035     0.936     0.000     0.010     0.019     2.000
     1.000     1.000     1.000     1.000     1.000     1.000     1.000     1.000     1.000     1.000         *     0.000     0.986     0.000     0.006     0.008     2.000
     0.000     0.000     0.000     1.000     1.000     0.000     0.000     0.000     1.000     0.000    60.860     0.198     0.000     0.708     0.000     0.095     3.000
     0.000     0.000     0.000     0.000     1.000     0.000     0.000     1.000     0.000     1.000    72.800     0.164     0.000     0.821     0.000     0.016     3.000
     1.000     1.000     1.000     1.000     1.000     1.000     1.000     1.000     0.000     0.000         *     0.002     0.780     0.000     0.009     0.208     2.000
     1.000     1.000     1.000     1.000     1.000     1.000     1.000     1.000     1.000     0.000         *     0.000     0.986     0.000     0.006     0.008     2.000
     0.000     0.000     1.000     1.000     1.000     0.000     1.000     1.000     1.000     1.000    36.380     0.678     0.117     0.001     0.002     0.202     1.000
     0.000     0.000     0.000     0.000     0.000     0.000     0.000     0.000     0.000     1.000    62.180     0.004     0.000     0.996     0.000     0.001     3.000
     1.000     1.000     1.000     1.000     1.000     1.000     1.000     1.000     1.000     0.000    60.530     0.000     0.986     0.000     0.006     0.008     2.000
     0.000     0.000     0.000     0.000     0.000     0.000     0.000     0.000     0.000     0.000         *     0.004     0.000     0.996     0.000     0.001     3.000
     0.000     0.000     1.000     0.000     0.000     1.000     1.000     0.000     0.000     0.000         *     0.802     0.000     0.129     0.013     0.056     1.000
     0.000     1.000     1.000     0.000     0.000     0.000     1.000     1.000     1.000     1.000         *     0.271     0.011     0.001     0.559     0.158     4.000
     1.000     1.000     1.000     0.000     0.000     0.000     0.000     1.000     1.000     1.000    54.240     0.015     0.008     0.001     0.611     0.364     4.000
     1.000     1.000     1.000     1.000     1.000     1.000     1.000     1.000     1.000     0.000    62.130     0.000     0.986     0.000     0.006     0.008     2.000
     1.000     1.000     1.000     1.000     1.000     1.000     1.000     1.000     1.000     0.000    67.430     0.000     0.986     0.000     0.006     0.008     2.000
     1.000     1.000     1.000     1.000     1.000     1.000     1.000     1.000     1.000     1.000         *     0.000     0.986     0.000     0.006     0.008     2.000
     1.000     1.000     1.000     1.000     1.000     1.000     1.000     1.000     1.000     0.000    92.080     0.000     0.986     0.000     0.006     0.008     2.000
     1.000     1.000     1.000     0.000     0.000     1.000     0.000         *         *     0.000         *     0.012     0.019     0.002     0.806     0.160     4.000
     1.000     1.000     1.000     1.000     1.000     1.000     1.000     1.000     1.000     1.000    54.670     0.000     0.986     0.000     0.006     0.008     2.000
     1.000     1.000     1.000     1.000     1.000     1.000     1.000     1.000     1.000     1.000    52.730     0.000     0.986     0.000     0.006     0.008     2.000
     1.000     1.000     1.000     0.000     0.000     1.000     1.000     1.000     0.000     0.000    45.170     0.011     0.012     0.000     0.908     0.068     4.000
     0.000     0.000     0.000     0.000     0.000     1.000     0.000     0.000     1.000     0.000         *     0.810     0.000     0.186     0.001     0.003     1.000
     1.000         *     1.000     0.000     1.000     0.000     0.000     1.000     1.000     1.000         *     0.062     0.119     0.003     0.063     0.753     5.000
     1.000     1.000     1.000     1.000     1.000     1.000     1.000     1.000     1.000     0.000    67.090     0.000     0.986     0.000     0.006     0.008     2.000
     1.000     1.000     1.000     1.000     1.000     0.000     1.000     1.000     1.000     0.000    65.990     0.001     0.819     0.000     0.009     0.170     2.000
     1.000     1.000     1.000     1.000     1.000     1.000     1.000     1.000     1.000     0.000         *     0.000     0.986     0.000     0.006     0.008     2.000
     1.000     1.000     1.000     0.000     1.000     1.000     1.000     1.000     1.000     0.000    70.420     0.005     0.788     0.000     0.191     0.017     2.000
     0.000     1.000     1.000     0.000     1.000     1.000     1.000     1.000     0.000     0.000    48.160     0.265     0.195     0.001     0.071     0.468     5.000
     1.000     1.000     1.000     0.000     0.000     1.000     1.000     1.000     1.000     1.000    53.050     0.004     0.027     0.000     0.964     0.004     4.000
     1.000     0.000     1.000     0.000     0.000     0.000     1.000     1.000     1.000     0.000         *     0.295     0.005     0.001     0.647     0.052     4.000
     1.000     0.000     1.000     1.000     1.000     1.000     1.000     1.000     1.000     1.000    43.260     0.035     0.936     0.000     0.010     0.019     2.000
     0.000     0.000     0.000     1.000     1.000     0.000     1.000     1.000     0.000     0.000         *     0.763     0.001     0.121     0.000     0.115     1.000
     1.000     1.000     1.000     1.000     1.000     0.000     0.000     1.000     1.000     0.000    66.380     0.001     0.319     0.000     0.004     0.676     5.000
     1.000     1.000     1.000     0.000     0.000     1.000     1.000         *     1.000     0.000         *     0.005     0.026     0.000     0.962     0.008     4.000
     1.000     1.000     1.000     1.000     1.000     1.000     1.000     1.000     1.000     0.000         *     0.000     0.986     0.000     0.006     0.008     2.000
     1.000     0.000     1.000     0.000     1.000     1.000     1.000     1.000     0.000     1.000    36.200     0.471     0.141     0.001     0.133     0.254     1.000
     0.000     0.000     1.000     1.000     1.000     0.000     0.000     0.000     0.000     1.000    50.030     0.010     0.000     0.669     0.000     0.321     3.000
     1.000     1.000     1.000     0.000     0.000     1.000     1.000     1.000     1.000     1.000         *     0.004     0.027     0.000     0.964     0.004     4.000
     1.000     1.000     1.000     1.000     1.000     1.000     1.000     1.000     1.000     1.000         *     0.000     0.986     0.000     0.006     0.008     2.000
     0.000     0.000     0.000     1.000     1.000     0.000     0.000     1.000     0.000     1.000    48.800     0.178     0.000     0.727     0.000     0.095     3.000
     1.000     1.000     1.000     0.000     1.000     1.000     1.000     1.000     1.000     1.000    61.480     0.005     0.788     0.000     0.191     0.017     2.000
     1.000     0.000     1.000     0.000     0.000     1.000     0.000     0.000     0.000     1.000    52.550     0.139     0.000     0.419     0.044     0.398     3.000
     0.000     1.000     1.000     0.000     1.000     1.000     1.000     1.000     0.000     1.000    57.140     0.265     0.195     0.001     0.071     0.468     5.000
     0.000     1.000     1.000     0.000     1.000     1.000     1.000     1.000     1.000     0.000    71.270     0.157     0.676     0.000     0.118     0.048     2.000
     0.000     0.000     0.000     0.000     1.000     1.000     1.000     1.000     1.000     1.000         *     0.996     0.002     0.000     0.001     0.001     1.000
     1.000     1.000     1.000     0.000     0.000     0.000         *     1.000     0.000     0.000    30.950     0.010     0.002     0.011     0.296     0.680     5.000
     1.000     0.000     1.000     0.000     0.000     0.000     0.000     1.000     1.000     0.000         *     0.398     0.002     0.026     0.322     0.252     1.000
     1.000     1.000     1.000     1.000     1.000     1.000     1.000     1.000     1.000     0.000    67.920     0.000     0.986     0.000     0.006     0.008     2.000
     1.000     1.000     1.000         *     0.000     1.000     0.000     1.000     1.000     1.000    70.760     0.011     0.132     0.000     0.756     0.101     4.000
     0.000     1.000     1.000     0.000     1.000     0.000     0.000         *     0.000     0.000    77.930     0.011     0.001     0.222     0.000     0.765     5.000
     1.000     0.000     0.000     0.000     1.000     0.000     0.000     1.000     0.000     0.000    40.910     0.174     0.000     0.634     0.001     0.191     3.000
     1.000     1.000     1.000     0.000     1.000     1.000     0.000     1.000     1.000     1.000    55.520     0.012     0.670     0.000     0.171     0.148     2.000
     1.000     1.000     1.000     0.000     1.000     0.000     0.000     0.000     1.000     0.000    65.490     0.002     0.009     0.005     0.009     0.975     5.000
     1.000     1.000     1.000     1.000     1.000     0.000     1.000     1.000     0.000     1.000    71.760     0.001     0.126     0.000     0.003     0.870     5.000
     0.000     0.000     0.000     1.000     0.000     0.000     0.000     0.000     0.000     1.000    44.500     0.005     0.000     0.992     0.000     0.004     3.000
     1.000     1.000     1.000     0.000     0.000     0.000     0.000     0.000     1.000     0.000    77.720     0.007     0.001     0.020     0.146     0.826     5.000
     1.000     1.000     1.000     1.000     1.000     0.000     0.000     1.000     0.000     1.000    29.630     0.000     0.014     0.001     0.000     0.985     5.000
     1.000     1.000     1.000     1.000     1.000     1.000     0.000     1.000     1.000     0.000    36.140     0.001     0.918     0.000     0.006     0.075     2.000
     0.000     1.000     1.000     1.000     1.000     0.000     0.000     0.000     0.000     0.000         *     0.001     0.000     0.068     0.000     0.931     5.000
     1.000     1.000     1.000     1.000     1.000     1.000     1.000     1.000     1.000     1.000    42.810     0.000     0.986     0.000     0.006     0.008     2.000
     0.000     0.000     0.000     0.000     0.000     1.000     0.000     0.000     0.000     0.000    40.320     0.099     0.000     0.899     0.000     0.002     3.000
     1.000     1.000     1.000     1.000     1.000     1.000     1.000     1.000     1.000     1.000    48.160     0.000     0.986     0.000     0.006     0.008     2.000
     0.000     0.000     1.000     1.000     1.000     1.000     0.000     1.000     1.000     1.000    62.460     0.709     0.172     0.001     0.001     0.116     1.000
     0.000     0.000     0.000     0.000     1.000     1.000     1.000     1.000     0.000     0.000    45.160     0.989     0.000     0.007     0.000     0.004     1.000
     0.000     0.000     0.000     1.000     1.000     1.000     1.000     0.000     0.000     1.000    46.550     0.764     0.001     0.145     0.000     0.091     1.000
     1.000     1.000     1.000     1.000     1.000     1.000     1.000     0.000     1.000     0.000    55.030     0.001     0.858     0.000     0.010     0.130     2.000
     1.000     1.000     1.000         *     0.000     1.000     1.000     1.000     1.000     0.000    44.050     0.005     0.153     0.000     0.831     0.011     4.000
     1.000     1.000     1.000     0.000     0.000     1.000     1.000     1.000     1.000     0.000    45.060     0.004     0.027     0.000     0.964     0.004     4.000
     0.000     1.000     1.000     1.000     1.000     1.000     1.000     1.000     1.000     1.000    63.230     0.015     0.956     0.000     0.004     0.025     2.000
     0.000     0.000     0.000     1.000     1.000     1.000     0.000     1.000     1.000     1.000    44.980     0.974     0.008     0.003     0.000     0.014     1.000
     1.000     0.000     1.000     0.000     1.000     1.000     0.000     1.000     1.000     1.000    52.230     0.445     0.273     0.001     0.132     0.150     1.000
     1.000     0.000     1.000     0.000     1.000     1.000     1.000     1.000     1.000     0.000         *     0.274     0.480     0.000     0.220     0.026     2.000
     1.000     1.000     1.000     1.000     1.000     1.000     1.000     1.000     1.000     1.000    59.210     0.000     0.986     0.000     0.006     0.008     2.000
     0.000     0.000     0.000     0.000     0.000     0.000     0.000     0.000     0.000     0.000    53.060     0.004     0.000     0.996     0.000     0.001     3.000
     0.000     1.000     1.000     1.000     1.000     1.000     1.000     1.000     1.000     0.000         *     0.015     0.956     0.000     0.004     0.025     2.000
     0.000     0.000     1.000     1.000     1.000     1.000     0.000     1.000     0.000     0.000         *     0.488     0.020     0.032     0.000     0.460     1.000
     1.000     1.000     0.000     1.000     1.000     1.000     1.000     0.000     1.000     0.000    82.510     0.030     0.679     0.000     0.021     0.270     2.000
     1.000     1.000     1.000     1.000     1.000     1.000     0.000     1.000     0.000     0.000    62.640     0.002     0.267     0.000     0.003     0.728     5.000
     1.000     0.000     0.000     0.000     0.000     0.000     0.000     0.000     0.000     1.000    40.510     0.005     0.000     0.986     0.000     0.008     3.000
     1.000     1.000     1.000     1.000     1.000     1.000     0.000     1.000     1.000     1.000    69.170     0.001     0.918     0.000     0.006     0.075     2.000
     0.000         *     0.000     0.000     1.000     1.000     1.000     1.000     1.000     1.000    46.750     0.968     0.019     0.000     0.009     0.004     1.000
     1.000     1.000     0.000     0.000     1.000     0.000     1.000     1.000     0.000     1.000         *     0.073     0.017     0.014     0.044     0.851     5.000
     1.000     1.000     1.000     1.000     1.000     1.000     1.000     1.000     1.000     1.000    64.630     0.000     0.986     0.000     0.006     0.008     2.000
     1.000     1.000     1.000     1.000     0.000     1.000     1.000     1.000     0.000     1.000    53.140     0.013     0.204     0.000     0.366     0.417     5.000
     1.000     1.000     1.000     1.000     1.000         *     1.000     1.000     1.000     0.000         *     0.000     0.973     0.000     0.006     0.020     2.000
     1.000     0.000     1.000     1.000     1.000     0.000     0.000     0.000     0.000     0.000    83.870     0.002     0.000     0.116     0.000     0.881     5.000
     1.000     1.000     1.000     1.000     1.000     1.000     0.000     0.000     1.000     0.000    57.680     0.002     0.389     0.000     0.005     0.604     5.000
     1.000     0.000     1.000     1.000     1.000     0.000     1.000     1.000     0.000     1.000         *     0.046     0.052     0.002     0.002     0.898     5.000
     1.000     1.000     1.000     1.000     1.000     1.000     1.000     1.000     1.000     1.000    49.050     0.000     0.986     0.000     0.006     0.008     2.000
     1.000     0.000     1.000     0.000     1.000     1.000     0.000     1.000     1.000     1.000    73.100     0.445     0.273     0.001     0.132     0.150     1.000
     0.000     0.000     1.000     0.000     1.000     0.000     1.000     0.000     0.000     0.000    66.260     0.178     0.000     0.547     0.000     0.275     3.000
     0.000     0.000     0.000     1.000     0.000     0.000     0.000     1.000     1.000     1.000         *     0.843     0.000     0.133     0.000     0.023     1.000
     0.000     1.000     1.000     0.000     1.000     0.000     1.000     0.000     1.000     0.000    44.550     0.085     0.024     0.009     0.017     0.865     5.000
     1.000     0.000     0.000     0.000     0.000     0.000     0.000         *     0.000     0.000    51.230     0.026     0.000     0.959     0.001     0.014     3.000
     1.000     1.000     0.000     1.000     0.000     1.000     1.000     1.000     1.000     1.000    55.070     0.083     0.268     0.000     0.606     0.043     4.000
     1.000     1.000     1.000     0.000     1.000     1.000     1.000     1.000     1.000     1.000    76.490     0.005     0.788     0.000     0.191     0.017     2.000
     0.000     0.000     1.000     1.000     0.000     0.000     0.000     0.000     0.000     0.000         *     0.009     0.000     0.907     0.000     0.083     3.000
     0.000     1.000     1.000     1.000     1.000     1.000     1.000     1.000     1.000     1.000    60.470     0.015     0.956     0.000     0.004     0.025     2.000
     0.000     0.000     0.000     0.000     0.000     0.000     0.000     0.000     0.000     0.000    73.410     0.004     0.000     0.996     0.000     0.001     3.000
     0.000     0.000     0.000     0.000     0.000     0.000     0.000     0.000     0.000     0.000         *     0.004     0.000     0.996     0.000     0.001     3.000
     1.000     1.000     1.000     0.000     0.000     1.000     1.000     1.000     0.000     0.000    64.110     0.011     0.012     0.000     0.908     0.068     4.000
     1.000     1.000     1.000     1.000     1.000     1.000     1.000     1.000     1.000     0.000    55.180     0.000     0.986     0.000     0.006     0.008     2.000
     1.000     1.000     0.000     1.000     0.000     1.000     1.000     0.000     0.000     0.000    37.990     0.056     0.008     0.016     0.077     0.842     5.000
     0.000     0.000     1.000     0.000     0.000     1.000     1.000     1.000     1.000     0.000         *     0.918     0.002     0.000     0.078     0.002     1.000
     1.000     1.000     1.000     1.000     1.000     0.000     0.000     0.000     0.000     0.000    53.870     0.000     0.001     0.005     0.000     0.995     5.000
     1.000     1.000     1.000     1.000     1.000     1.000     1.000     1.000     1.000     1.000    68.690     0.000     0.986     0.000     0.006     0.008     2.000
     0.000     0.000     0.000     0.000     1.000     1.000     1.000     0.000     0.000     0.000    74.360     0.798     0.000     0.185     0.000     0.017     1.000
     1.000     1.000     1.000     1.000     1.000     1.000     1.000     1.000     1.000     0.000    61.200     0.000     0.986     0.000     0.006     0.008     2.000
     0.000     0.000     0.000     0.000     0.000     0.000     1.000     0.000     0.000     0.000    52.400     0.089     0.000     0.908     0.000     0.004     3.000
     0.000     0.000     0.000     0.000     0.000     0.000     0.000     0.000     0.000     1.000    67.530     0.004     0.000     0.996     0.000     0.001     3.000
     0.000     0.000     1.000     1.000     1.000     1.000     1.000     1.000     1.000     1.000    58.780     0.573     0.398     0.000     0.003     0.026     1.000
     1.000     1.000     1.000     1.000     1.000     1.000         *     1.000     1.000     1.000    52.880     0.000     0.976     0.000     0.006     0.018     2.000
     0.000     0.000     0.000     0.000     0.000     1.000     1.000     1.000     1.000     1.000    64.600     0.992     0.000     0.000     0.007     0.000     1.000
     1.000     1.000     1.000     0.000     0.000     1.000     1.000     1.000     1.000     1.000    34.000     0.004     0.027     0.000     0.964     0.004     4.000
     0.000     1.000     1.000     0.000     1.000     1.000     1.000     1.000     1.000     0.000         *     0.157     0.676     0.000     0.118     0.048     2.000
     1.000     0.000     1.000     0.000     1.000     0.000     0.000     1.000     1.000     1.000         *     0.284     0.043     0.012     0.041     0.619     5.000
     1.000     1.000         *     1.000     1.000     1.000     1.000     1.000     1.000     0.000    73.640     0.001     0.984     0.000     0.006     0.008     2.000
     1.000     1.000     1.000     1.000     1.000     1.000     1.000     1.000     1.000     0.000    60.280     0.000     0.986     0.000     0.006     0.008     2.000
     1.000     1.000     1.000     0.000     1.000     1.000     1.000     1.000     1.000     0.000    66.000     0.005     0.788     0.000     0.191     0.017     2.000
     0.000     0.000     1.000     1.000     1.000     1.000     1.000     1.000     0.000     0.000         *     0.721     0.086     0.002     0.001     0.190     1.000
     1.000     1.000     1.000     1.000     1.000     1.000     1.000         *         *     0.000    57.320     0.001     0.956     0.000     0.006     0.037     2.000
     1.000     1.000     1.000     0.000     0.000     0.000     0.000     0.000     0.000     0.000    49.500     0.001     0.000     0.141     0.009     0.848     5.000
     1.000     0.000     0.000     1.000     0.000     1.000     1.000     1.000     1.000     1.000    70.630     0.837     0.029     0.000     0.122     0.011     1.000
     0.000     1.000     1.000     0.000     1.000     1.000     1.000     1.000     1.000     0.000         *     0.157     0.676     0.000     0.118     0.048     2.000
     0.000     0.000     0.000     1.000     1.000     0.000     0.000     0.000     0.000     1.000    50.590     0.007     0.000     0.974     0.000     0.019     3.000
     0.000     0.000     1.000     0.000     0.000     1.000     1.000     0.000     1.000     1.000    51.730     0.941     0.000     0.004     0.043     0.011     1.000
     0.000     1.000     1.000     1.000     1.000     0.000     0.000     1.000     0.000     1.000    58.130     0.004     0.004     0.011     0.000     0.981     5.000
     1.000     1.000     1.000     1.000     0.000     1.000     1.000     1.000     0.000     1.000    64.760     0.013     0.204     0.000     0.366     0.417     5.000
     1.000     1.000     1.000     1.000     1.000     1.000     0.000     1.000     1.000     0.000    45.320     0.001     0.918     0.000     0.006     0.075     2.000
     0.000     0.000     0.000     0.000     0.000     0.000     0.000     0.000     0.000     0.000    55.240     0.004     0.000     0.996     0.000     0.001     3.000
     1.000     1.000     1.000     1.000     1.000     1.000     1.000     1.000     1.000     0.000    52.690     0.000     0.986     0.000     0.006     0.008     2.000
     1.000     1.000     1.000     1.000     0.000     0.000     0.000     1.000     1.000     0.000    44.940     0.006     0.052     0.000     0.094     0.847     5.000
     0.000     0.000     1.000     1.000     1.000     0.000     0.000     0.000     1.000     1.000    69.960     0.124     0.002     0.203     0.000     0.671     5.000
     1.000     1.000     1.000     1.000     1.000     1.000     0.000     1.000     1.000     1.000    68.820     0.001     0.918     0.000     0.006     0.075     2.000
     1.000     1.000     1.000     0.000     0.000     1.000     1.000     1.000     1.000     0.000    52.220     0.004     0.027     0.000     0.964     0.004     4.000
     1.000     0.000     1.000     1.000     1.000     1.000     1.000     1.000     0.000     1.000    56.000     0.115     0.524     0.000     0.012     0.349     2.000
     1.000     1.000     1.000     1.000     0.000     1.000     1.000     1.000     1.000     0.000    66.130     0.005     0.516     0.000     0.447     0.031     2.000
     0.000     0.000     1.000     0.000     1.000     1.000     0.000     1.000     1.000     0.000    69.920     0.950     0.015     0.002     0.005     0.028     1.000
     1.000     1.000     1.000     1.000     1.000     1.000     1.000     1.000     1.000     1.000    58.680     0.000     0.986     0.000     0.006     0.008     2.000
     1.000     1.000     1.000     1.000     1.000     1.000     1.000     1.000     1.000     1.000    57.430     0.000     0.986     0.000     0.006     0.008     2.000
     0.000     0.000     1.000     0.000     0.000     1.000     1.000         *     1.000     0.000    43.570     0.922     0.001     0.001     0.072     0.004     1.000
     0.000     0.000     0.000     0.000     0.000     0.000     0.000     0.000     0.000     0.000         *     0.004     0.000     0.996     0.000     0.001     3.000
     1.000     1.000     1.000     1.000     1.000     1.000     0.000     1.000     1.000     1.000    48.830     0.001     0.918     0.000     0.006     0.075     2.000
     1.000     1.000     1.000     0.000     1.000     1.000     1.000     1.000     1.000     0.000    91.670     0.005     0.788     0.000     0.191     0.017     2.000
     1.000     1.000     1.000     1.000     0.000     0.000     1.000     1.000     0.000     0.000    59.340     0.004     0.017     0.000     0.061     0.917     5.000
     0.000     1.000     0.000     1.000     0.000     0.000     0.000     0.000     0.000     1.000    66.100     0.003     0.000     0.902     0.000     0.095     3.000
     0.000     0.000     1.000     0.000     1.000     1.000     0.000     0.000     0.000     1.000    49.640     0.218     0.000     0.595     0.000     0.187     3.000
     1.000     1.000     1.000     1.000     1.000     1.000     1.000     1.000     1.000     0.000    66.230     0.000     0.986     0.000     0.006     0.008     2.000
     0.000     0.000     0.000     0.000     0.000     0.000     0.000     0.000     0.000     0.000    38.420     0.004     0.000     0.996     0.000     0.001     3.000
     1.000     1.000     1.000     1.000     1.000     1.000     1.000     1.000     1.000     1.000    51.360     0.000     0.986     0.000     0.006     0.008     2.000
     0.000     0.000     0.000     0.000     1.000     1.000     1.000     1.000     1.000     1.000    44.110     0.996     0.002     0.000     0.001     0.001     1.000
     0.000     1.000     0.000     0.000     0.000     1.000     1.000     1.000     1.000     1.000    56.510     0.722     0.004     0.000     0.269     0.006     1.000
     0.000     0.000     0.000     0.000     0.000     1.000     1.000         *     1.000     1.000    48.240     0.991     0.000     0.002     0.007     0.000     1.000
     0.000     0.000     1.000     1.000     1.000     1.000     0.000     1.000     0.000     0.000         *     0.488     0.020     0.032     0.000     0.460     1.000
     0.000     0.000     0.000     0.000     0.000     0.000     0.000     1.000     1.000     0.000    32.750     0.834     0.000     0.161     0.001     0.004     1.000
     0.000     0.000     1.000     0.000     0.000     0.000     0.000     0.000     0.000     0.000    42.110     0.008     0.000     0.979     0.000     0.013     3.000
     0.000     0.000     0.000     0.000     0.000     0.000     1.000     0.000     0.000     1.000    54.810     0.089     0.000     0.908     0.000     0.004     3.000
     1.000     1.000     1.000     0.000     1.000     1.000     1.000     1.000     1.000     0.000    42.750     0.005     0.788     0.000     0.191     0.017     2.000
     0.000     0.000     1.000     0.000     0.000     1.000     1.000     1.000     1.000     0.000         *     0.918     0.002     0.000     0.078     0.002     1.000
     1.000     1.000     0.000     0.000     1.000     1.000     0.000     1.000     1.000     0.000    54.310     0.186     0.363     0.001     0.241     0.209     2.000
     1.000     1.000     1.000     1.000     1.000     1.000     1.000     1.000     1.000     1.000         *     0.000     0.986     0.000     0.006     0.008     2.000
     1.000     1.000     1.000     1.000     1.000     1.000     0.000     1.000     1.000     1.000         *     0.001     0.918     0.000     0.006     0.075     2.000
     1.000     0.000     1.000     0.000     0.000     1.000     1.000     1.000     1.000     0.000    48.160     0.179     0.012     0.000     0.804     0.005     4.000
     1.000     1.000     1.000     0.000     0.000     1.000     1.000     1.000     0.000     0.000         *     0.011     0.012     0.000     0.908     0.068     4.000
     0.000     1.000     1.000     1.000     1.000     1.000     1.000     1.000     1.000     0.000    53.170     0.015     0.956     0.000     0.004     0.025     2.000
     0.000     1.000     0.000     0.000     1.000     0.000     0.000     0.000     0.000     0.000    36.580     0.004     0.000     0.922     0.000     0.074     3.000
     0.000     0.000     0.000     0.000     0.000     0.000     0.000     0.000     1.000     0.000    37.000     0.130     0.000     0.867     0.000     0.003     3.000
     0.000     0.000     0.000     0.000     0.000     0.000     1.000     1.000     1.000     1.000    44.570     0.988     0.000     0.007     0.004     0.001     1.000
     1.000     1.000     1.000     1.000     1.000     0.000     1.000     1.000     1.000     1.000    67.400     0.001     0.819     0.000     0.009     0.170     2.000
     0.000     0.000     0.000     1.000     1.000     0.000     0.000     0.000     0.000     0.000    39.280     0.007     0.000     0.974     0.000     0.019     3.000
     1.000     1.000     1.000     1.000     1.000     1.000     0.000     1.000     1.000     0.000         *     0.001     0.918     0.000     0.006     0.075     2.000
     1.000     1.000     1.000     1.000     1.000     1.000     1.000     1.000     1.000     0.000    51.560     0.000     0.986     0.000     0.006     0.008     2.000
     1.000     0.000     1.000     0.000     0.000     0.000     0.000     1.000     0.000     1.000    35.410     0.134     0.000     0.340     0.038     0.487     5.000
     0.000     0.000     0.000     0.000     0.000     1.000     1.000     1.000     1.000     0.000         *     0.992     0.000     0.000     0.007     0.000     1.000
     1.000     1.000     1.000     1.000     1.000     1.000     1.000     1.000     1.000     0.000    74.780     0.000     0.986     0.000     0.006     0.008     2.000
     0.000     1.000     1.000     1.000     1.000     1.000     1.000     0.000     0.000     1.000    43.500     0.018     0.055     0.002     0.001     0.924     5.000
     1.000     1.000     1.000     1.000     1.000     1.000     1.000     1.000     1.000     1.000    65.220     0.000     0.986     0.000     0.006     0.008     2.000
     0.000     0.000     0.000     0.000     0.000     0.000     0.000     0.000     0.000     1.000    44.590     0.004     0.000     0.996     0.000     0.001     3.000
     1.000     1.000     0.000     1.000     0.000     1.000     1.000     0.000     0.000     0.000    52.620     0.056     0.008     0.016     0.077     0.842     5.000
     1.000     0.000     1.000     1.000     1.000     1.000     1.000     1.000     1.000     0.000    46.180     0.035     0.936     0.000     0.010     0.019     2.000
     1.000     1.000     1.000     1.000     1.000     1.000     1.000     1.000     0.000     1.000         *     0.002     0.780     0.000     0.009     0.208     2.000
     1.000     1.000     1.000     1.000     1.000     1.000     1.000     1.000     1.000     1.000         *     0.000     0.986     0.000     0.006     0.008     2.000
     1.000     1.000     1.000     0.000     0.000     0.000     0.000     0.000     1.000     1.000    41.320     0.007     0.001     0.020     0.146     0.826     5.000
     1.000     1.000     1.000     0.000     1.000     0.000     0.000     1.000     0.000     1.000    71.790     0.002     0.005     0.005     0.005     0.983     5.000
     1.000     1.000     1.000     1.000     1.000     0.000     1.000     1.000     1.000     0.000         *     0.001     0.819     0.000     0.009     0.170     2.000
     1.000     1.000     1.000         *     1.000     1.000     0.000     0.000     1.000     0.000    72.250     0.004     0.334     0.000     0.026     0.635     5.000
     1.000     1.000     0.000     1.000     1.000     1.000         *     1.000     1.000     1.000    55.440     0.014     0.927     0.000     0.014     0.045     2.000
     1.000     1.000     1.000     1.000     1.000     1.000     0.000     0.000     1.000     1.000    65.200     0.002     0.389     0.000     0.005     0.604     5.000
     1.000     1.000     1.000     1.000     1.000     1.000     1.000     1.000     0.000     1.000    72.250     0.002     0.780     0.000     0.009     0.208     2.000
     1.000     1.000     1.000     1.000     1.000     1.000     1.000     1.000     1.000     1.000         *     0.000     0.986     0.000     0.006     0.008     2.000
     1.000     1.000     1.000     1.000     1.000     1.000     1.000     1.000     1.000     0.000         *     0.000     0.986     0.000     0.006     0.008     2.000
     1.000     1.000     1.000     1.000     1.000     0.000     0.000     1.000     0.000     0.000    78.700     0.000     0.014     0.001     0.000     0.985     5.000
     1.000     0.000     1.000     1.000     1.000     1.000     1.000     0.000     1.000     1.000    63.610     0.091     0.648     0.000     0.014     0.246     2.000
     0.000     0.000     0.000     0.000     1.000     1.000     1.000     1.000     1.000     0.000    53.200     0.996     0.002     0.000     0.001     0.001     1.000
     1.000     1.000     1.000     1.000     1.000     1.000     0.000     1.000     0.000     1.000    62.480     0.002     0.267     0.000     0.003     0.728     5.000
     0.000     1.000     1.000     0.000     1.000     0.000     0.000     1.000     0.000     1.000    62.420     0.022     0.001     0.068     0.001     0.908     5.000
     1.000     1.000     1.000     1.000     1.000     1.000     1.000     1.000     1.000     0.000    75.730     0.000     0.986     0.000     0.006     0.008     2.000
     1.000     1.000     0.000     1.000     1.000     0.000     0.000     1.000     1.000     0.000         *     0.020     0.149     0.002     0.005     0.824     5.000
     1.000     1.000     1.000     1.000     1.000     1.000     0.000     0.000     1.000     1.000    72.940     0.002     0.389     0.000     0.005     0.604     5.000
     1.000     1.000     1.000     0.000     0.000     1.000     1.000     1.000     1.000     0.000         *     0.004     0.027     0.000     0.964     0.004     4.000
     1.000     1.000     1.000     1.000     1.000     1.000     1.000     1.000     1.000     0.000         *     0.000     0.986     0.000     0.006     0.008     2.000
     1.000     1.000     1.000     1.000     1.000     1.000     1.000     1.000     1.000     1.000    63.540     0.000     0.986     0.000     0.006     0.008     2.000
     0.000     0.000     1.000     0.000     1.000     0.000     1.000     0.000     0.000     0.000         *     0.178     0.000     0.547     0.000     0.275     3.000
     0.000     0.000     0.000     0.000     0.000     0.000     1.000     1.000     1.000     0.000         *     0.988     0.000     0.007     0.004     0.001     1.000
     1.000     1.000     1.000     1.000     1.000     1.000     1.000     1.000     1.000     0.000         *     0.000     0.986     0.000     0.006     0.008     2.000
     1.000     1.000     1.000     1.000     0.000     1.000     1.000     1.000     1.000     0.000    60.130     0.005     0.516     0.000     0.447     0.031     2.000
     1.000     1.000     1.000     0.000     1.000     0.000     1.000     1.000     1.000     1.000    70.410     0.012     0.486     0.000     0.230     0.272     2.000
     1.000     1.000     1.000     1.000     1.000     1.000     1.000     0.000     0.000     0.000    73.510     0.001     0.163     0.000     0.004     0.831     5.000
     1.000     1.000     1.000     1.000     1.000     1.000     0.000     1.000     1.000     0.000    56.730     0.001     0.918     0.000     0.006     0.075     2.000
     1.000     1.000     1.000     0.000     0.000     1.000     1.000     1.000     1.000     0.000    49.880     0.004     0.027     0.000     0.964     0.004     4.000
     0.000     1.000     0.000     0.000     0.000     1.000     1.000     1.000     1.000     0.000    49.410     0.722     0.004     0.000     0.269     0.006     1.000
     1.000     1.000     0.000     0.000     0.000     0.000     0.000     0.000     1.000     0.000         *     0.050     0.000     0.321     0.094     0.535     5.000
     1.000     1.000     1.000     1.000     1.000     0.000     1.000     0.000     0.000     0.000    68.360     0.000     0.008     0.001     0.000     0.991     5.000
     1.000     1.000     1.000     1.000     1.000     1.000     1.000     0.000     1.000     0.000         *     0.001     0.858     0.000     0.010     0.130     2.000
     0.000     1.000     1.000     1.000     1.000         *     1.000     1.000     1.000     1.000    50.190     0.017     0.915     0.000     0.004     0.064     2.000
     1.000     1.000     1.000     1.000     1.000     1.000     1.000     1.000     1.000     0.000    73.010     0.000     0.986     0.000     0.006     0.008     2.000
     1.000     1.000     1.000     0.000     1.000     1.000     0.000     0.000     0.000     1.000         *     0.003     0.007     0.007     0.007     0.976     5.000
     1.000     1.000     1.000     1.000     1.000     1.000     0.000     1.000     1.000     0.000         *     0.001     0.918     0.000     0.006     0.075     2.000
     1.000     1.000     1.000     1.000     1.000     0.000     0.000     0.000     1.000     0.000    36.860     0.000     0.024     0.001     0.001     0.974     5.000
     1.000     0.000     1.000     0.000     1.000     0.000     0.000     0.000     1.000     1.000    68.870     0.073     0.003     0.107     0.006     0.812     5.000
     0.000     0.000     0.000     0.000     0.000     0.000     0.000     1.000     0.000     1.000    63.750     0.116     0.000     0.881     0.000     0.003     3.000
     1.000     1.000     1.000     0.000     1.000     0.000     0.000     1.000     1.000     0.000    51.530     0.010     0.137     0.001     0.068     0.784     5.000
     0.000     0.000     0.000     0.000     0.000     0.000     1.000     1.000     0.000     1.000         *     0.766     0.000     0.227     0.001     0.006     1.000
     1.000     1.000     1.000     1.000     1.000     1.000     1.000     1.000     1.000     0.000    78.100     0.000     0.986     0.000     0.006     0.008     2.000
     1.000     1.000     1.000     1.000     1.000     1.000     1.000     0.000     1.000     0.000    59.630     0.001     0.858     0.000     0.010     0.130     2.000
     1.000     1.000     1.000     1.000     1.000     0.000     0.000     0.000     0.000     1.000    56.860     0.000     0.001     0.005     0.000     0.995     5.000
     1.000     0.000     1.000     1.000     1.000     1.000     1.000     1.000     1.000     1.000    40.280     0.035     0.936     0.000     0.010     0.019     2.000
     1.000     1.000     1.000     0.000     0.000     1.000     1.000     1.000     1.000     0.000         *     0.004     0.027     0.000     0.964     0.004     4.000
     1.000     1.000     1.000     0.000     0.000     0.000     1.000     1.000     1.000     0.000    66.920     0.008     0.013     0.000     0.922     0.057     4.000
     0.000     1.000     1.000     0.000     0.000     0.000     0.000     0.000     0.000     0.000         *     0.004     0.000     0.721     0.001     0.274     3.000
     1.000     1.000     1.000     1.000     1.000     1.000     1.000     0.000     0.000     1.000    58.540     0.001     0.163     0.000     0.004     0.831     5.000
     1.000     1.000     1.000     0.000     0.000     1.000     0.000     1.000     1.000     1.000    59.320     0.011     0.025     0.000     0.923     0.041     4.000
     0.000     1.000     0.000     0.000     1.000     1.000     1.000     1.000     0.000     1.000         *     0.824     0.021     0.007     0.019     0.128     1.000
     1.000     1.000     1.000     1.000     1.000     1.000     1.000     1.000     1.000     1.000    63.990     0.000     0.986     0.000     0.006     0.008     2.000
     0.000     0.000     0.000     1.000     0.000     1.000     1.000     1.000     1.000     1.000    72.030     0.995     0.001     0.000     0.003     0.001     1.000
     1.000     0.000     1.000     0.000     0.000     1.000     1.000     1.000     1.000     1.000    64.180     0.179     0.012     0.000     0.804     0.005     4.000
     1.000     1.000     1.000     0.000     0.000     1.000     0.000     1.000     1.000     0.000         *     0.011     0.025     0.000     0.923     0.041     4.000
     1.000     1.000     1.000     0.000     0.000     0.000     1.000     1.000     1.000     0.000    40.350     0.008     0.013     0.000     0.922     0.057     4.000
     0.000     1.000     0.000     0.000     0.000     0.000     1.000     1.000     0.000     0.000         *     0.571     0.000     0.225     0.037     0.168     1.000
     1.000     1.000     1.000     1.000     1.000     1.000     1.000     0.000     0.000     1.000    63.770     0.001     0.163     0.000     0.004     0.831     5.000
     1.000     1.000     1.000     0.000     0.000     1.000     1.000     1.000     1.000     0.000    58.650     0.004     0.027     0.000     0.964     0.004     4.000
     1.000     1.000     1.000     0.000     0.000     1.000     1.000     1.000     1.000     0.000         *     0.004     0.027     0.000     0.964     0.004     4.000
     0.000     0.000     0.000     0.000     0.000     0.000     1.000     1.000     1.000     1.000         *     0.988     0.000     0.007     0.004     0.001     1.000
     0.000     1.000     1.000     0.000     1.000     0.000     0.000     1.000     0.000     1.000    62.930     0.022     0.001     0.068     0.001     0.908     5.000
     1.000     0.000     1.000     0.000     1.000     0.000     1.000     0.000     0.000     0.000         *     0.047     0.001     0.106     0.004     0.842     5.000
     0.000     0.000     0.000     0.000     0.000     1.000     0.000     1.000     1.000     0.000    68.260     0.990     0.000     0.007     0.003     0.001     1.000
     1.000     0.000     0.000     0.000     0.000     1.000     0.000     1.000     1.000     0.000    41.100     0.862     0.001     0.004     0.126     0.007     1.000
     0.000     1.000     1.000     0.000     1.000     0.000     1.000     1.000     0.000     0.000    47.480     0.078     0.014     0.009     0.010     0.889     5.000
     0.000     1.000     1.000     0.000     1.000     0.000     0.000     1.000     0.000     0.000    50.190     0.022     0.001     0.068     0.001     0.908     5.000
     0.000     1.000     1.000     0.000     0.000     1.000     1.000     0.000     1.000     1.000    56.260     0.265     0.012     0.001     0.601     0.121     4.000
     1.000     1.000     1.000     0.000     0.000     1.000     1.000     0.000     1.000     1.000    79.070     0.008     0.013     0.000     0.938     0.041     4.000
     1.000     1.000     1.000     0.000     0.000     1.000     0.000     0.000     1.000     1.000         *     0.015     0.009     0.002     0.683     0.291     4.000
     1.000     1.000     0.000     1.000     0.000     1.000     0.000     1.000     0.000     0.000    34.760     0.078     0.015     0.016     0.074     0.817     5.000
     1.000     1.000     0.000     0.000     0.000     1.000     0.000     1.000     0.000     1.000    60.650     0.176     0.002     0.045     0.450     0.328     4.000
     1.000     0.000     0.000     1.000     1.000     1.000     0.000     1.000     1.000     0.000         *     0.670     0.210     0.002     0.006     0.112     1.000
     0.000     0.000     0.000     0.000     0.000     0.000     0.000     0.000     0.000     0.000    62.230     0.004     0.000     0.996     0.000     0.001     3.000
     1.000     1.000     1.000     1.000     1.000     1.000     1.000     0.000     1.000     1.000    64.750     0.001     0.858     0.000     0.010     0.130     2.000
     0.000     0.000     0.000     0.000     1.000     1.000     1.000     1.000     1.000     1.000    75.750     0.996     0.002     0.000     0.001     0.001     1.000
     1.000     1.000     1.000     1.000     1.000     1.000     1.000     1.000     1.000     1.000    74.120     0.000     0.986     0.000     0.006     0.008     2.000
     1.000     0.000     1.000     0.000     0.000     1.000     1.000     0.000     1.000     1.000    36.640     0.280     0.005     0.001     0.675     0.039     4.000
     1.000     1.000     1.000     1.000     1.000     1.000     1.000     1.000     1.000     1.000    71.320     0.000     0.986     0.000     0.006     0.008     2.000
     1.000     1.000     1.000     1.000     1.000     0.000     1.000     1.000     0.000     0.000    66.530     0.001     0.126     0.000     0.003     0.870     5.000
     1.000     1.000     1.000     1.000     1.000     1.000     1.000     1.000     1.000     1.000         *     0.000     0.986     0.000     0.006     0.008     2.000
     1.000     1.000     1.000     0.000     0.000     0.000     1.000     1.000     0.000     0.000         *     0.013     0.003     0.002     0.492     0.490     4.000
     1.000     1.000     1.000     0.000     0.000     0.000     1.000     1.000     1.000     1.000    66.860     0.008     0.013     0.000     0.922     0.057     4.000
     0.000     0.000     1.000     0.000     1.000     0.000     0.000     0.000     0.000     1.000         *     0.012     0.000     0.924     0.000     0.065     3.000
     0.000     0.000     0.000     0.000     1.000     0.000     1.000     0.000     0.000     0.000    52.260     0.127     0.000     0.855     0.000     0.017     3.000
     1.000     1.000     0.000     1.000     1.000     1.000     1.000     1.000     0.000     1.000    73.320     0.038     0.556     0.000     0.018     0.388     2.000
     1.000     1.000     1.000     1.000     1.000     1.000     1.000     1.000     1.000     0.000         *     0.000     0.986     0.000     0.006     0.008     2.000
     0.000     0.000     1.000     0.000     1.000     0.000     0.000     1.000     0.000     1.000    61.910     0.228     0.000     0.524     0.000     0.248     3.000
     1.000     1.000     1.000     1.000     1.000     1.000     1.000     1.000     1.000     0.000    58.420     0.000     0.986     0.000     0.006     0.008     2.000
     0.000     0.000     1.000     0.000     1.000     1.000     0.000     1.000     1.000     1.000    42.580     0.950     0.015     0.002     0.005     0.028     1.000
     0.000     1.000     1.000     1.000     1.000     0.000     1.000     1.000     0.000     1.000         *     0.015     0.041     0.001     0.001     0.942     5.000
     0.000     0.000     1.000     1.000     1.000     0.000     0.000     0.000     0.000     1.000         *     0.010     0.000     0.669     0.000     0.321     3.000
     1.000     1.000     1.000     1.000     1.000     1.000     1.000     1.000     1.000     1.000    63.400     0.000     0.986     0.000     0.006     0.008     2.000
     0.000     1.000     1.000     0.000     0.000     1.000     1.000     1.000     1.000     0.000    80.430     0.182     0.030     0.000     0.771     0.016     4.000
     0.000     0.000     0.000     1.000     1.000     1.000     1.000     1.000     1.000     1.000    53.970     0.973     0.023     0.000     0.000     0.004     1.000
     0.000     0.000     0.000     0.000     0.000     0.000     0.000     0.000     0.000     1.000         *     0.004     0.000     0.996     0.000     0.001     3.000
     1.000     1.000     1.000     1.000     1.000     1.000     1.000     1.000     1.000     1.000    74.010     0.000     0.986     0.000     0.006     0.008     2.000
     0.000     1.000     1.000     1.000     1.000     0.000         *     0.000     1.000     0.000    43.790     0.009     0.031     0.007     0.001     0.952     5.000
     1.000     1.000     1.000     1.000     1.000     1.000     1.000     1.000     1.000     1.000    68.310     0.000     0.986     0.000     0.006     0.008     2.000
     1.000     1.000     1.000     1.000     1.000     1.000     1.000     0.000     1.000     0.000    54.610     0.001     0.858     0.000     0.010     0.130     2.000
     1.000     1.000     1.000     1.000     1.000     1.000     1.000     1.000     1.000     0.000    78.010     0.000     0.986     0.000     0.006     0.008     2.000
     0.000     1.000     1.000     1.000     0.000     1.000     0.000     1.000     1.000     0.000    55.190     0.235     0.205     0.001     0.135     0.424     5.000
     0.000     0.000     1.000     0.000     0.000     1.000     0.000     1.000     1.000     0.000    61.890     0.958     0.001     0.003     0.030     0.008     1.000
     0.000     0.000     0.000     0.000     0.000     0.000     0.000     1.000     0.000     0.000    61.660     0.116     0.000     0.881     0.000     0.003     3.000
     1.000     1.000     0.000     0.000     0.000     1.000     1.000     1.000     1.000     0.000         *     0.048     0.010     0.000     0.938     0.004     4.000
     1.000     1.000     0.000     0.000     0.000     1.000     0.000     1.000     1.000     1.000    37.350     0.115     0.009     0.001     0.838     0.038     4.000
     1.000     1.000     1.000     1.000     1.000     0.000     0.000     1.000     1.000     1.000    72.220     0.001     0.319     0.000     0.004     0.676     5.000
     1.000     1.000     1.000     0.000     0.000     1.000     1.000     1.000     1.000     1.000         *     0.004     0.027     0.000     0.964     0.004     4.000
     1.000     1.000     1.000     1.000     1.000     1.000     1.000     1.000     1.000     0.000    37.770     0.000     0.986     0.000     0.006     0.008     2.000
     0.000     1.000     1.000     1.000     1.000     0.000     0.000     0.000     0.000     0.000    76.840     0.001     0.000     0.068     0.000     0.931     5.000
     1.000     0.000     0.000     1.000     0.000     1.000     1.000     1.000     1.000     1.000         *     0.837     0.029     0.000     0.122     0.011     1.000
     1.000     1.000     1.000     1.000     0.000     1.000     1.000     1.000     1.000     1.000    74.330     0.005     0.516     0.000     0.447     0.031     2.000
     1.000     1.000     1.000     1.000     1.000     1.000     1.000     1.000     1.000     1.000    84.940     0.000     0.986     0.000     0.006     0.008     2.000
     1.000     1.000     1.000     1.000     1.000     1.000     1.000     0.000     1.000     1.000    39.660     0.001     0.858     0.000     0.010     0.130     2.000
     1.000     1.000     1.000     1.000     1.000     1.000     1.000     1.000     1.000     0.000         *     0.000     0.986     0.000     0.006     0.008     2.000
     1.000     1.000     1.000     1.000     1.000     1.000     1.000     1.000     1.000     1.000    70.410     0.000     0.986     0.000     0.006     0.008     2.000
     1.000     1.000     1.000     1.000     1.000     1.000     1.000     1.000     1.000     1.000    68.340     0.000     0.986     0.000     0.006     0.008     2.000
     0.000     1.000     0.000     0.000     1.000     0.000     1.000     0.000     0.000     1.000    48.330     0.066     0.000     0.592     0.000     0.341     3.000
     0.000     0.000     0.000     0.000     0.000     0.000     0.000     0.000     0.000     0.000    29.290     0.004     0.000     0.996     0.000     0.001     3.000
     1.000     0.000     1.000     0.000     0.000     0.000     1.000     0.000     0.000     0.000    37.790     0.100     0.000     0.340     0.042     0.518     5.000
     1.000     1.000     1.000     0.000     0.000     1.000     0.000     0.000     1.000     0.000         *     0.015     0.009     0.002     0.683     0.291     4.000
     1.000     1.000     1.000     0.000     0.000     1.000     1.000     1.000     1.000     0.000         *     0.004     0.027     0.000     0.964     0.004     4.000
     1.000     0.000     1.000     0.000     1.000     1.000     1.000     1.000     1.000     1.000    54.290     0.274     0.480     0.000     0.220     0.026     2.000
     0.000     1.000     1.000     1.000     1.000     1.000     1.000     1.000     1.000     1.000    58.330     0.015     0.956     0.000     0.004     0.025     2.000
     0.000     1.000     1.000     1.000     1.000     1.000     0.000     1.000     0.000     0.000         *     0.025     0.097     0.002     0.001     0.876     5.000
     0.000     0.000     1.000     0.000     1.000     1.000     1.000     1.000     1.000     0.000    56.100     0.935     0.043     0.000     0.014     0.008     1.000
     0.000     0.000     0.000     0.000     0.000     1.000     1.000     1.000     0.000     1.000         *     0.986     0.000     0.010     0.003     0.001     1.000
     1.000     1.000     1.000     0.000     0.000     1.000     1.000     1.000     1.000     0.000    44.830     0.004     0.027     0.000     0.964     0.004     4.000
     0.000     0.000         *     0.000     1.000     1.000     0.000     0.000     0.000     1.000    66.850     0.165     0.000     0.771     0.000     0.064     3.000
     0.000     0.000     0.000     0.000     0.000     1.000     0.000     0.000     1.000     0.000    50.800     0.810     0.000     0.186     0.001     0.003     1.000
     1.000     1.000     1.000     0.000         *         *     1.000     1.000     1.000     1.000    64.880     0.005     0.365     0.000     0.604     0.026     4.000
     1.000     1.000     0.000     1.000     1.000     1.000     1.000     1.000     1.000     1.000    68.050     0.011     0.954     0.000     0.015     0.020     2.000
     0.000     0.000     0.000     0.000     0.000     0.000     0.000     0.000     0.000     0.000    38.040     0.004     0.000     0.996     0.000     0.001     3.000
     0.000     1.000     1.000     1.000     1.000     1.000     1.000     1.000     1.000     0.000         *     0.015     0.956     0.000     0.004     0.025     2.000
     1.000     1.000     1.000     1.000     1.000     1.000     1.000     0.000     1.000     1.000    66.990     0.001     0.858     0.000     0.010     0.130     2.000
     1.000     1.000     1.000     1.000     1.000     1.000     1.000     1.000     1.000     0.000    60.910     0.000     0.986     0.000     0.006     0.008     2.000
     1.000     1.000     1.000     1.000     0.000     1.000     0.000     1.000     0.000     0.000    56.090     0.007     0.042     0.001     0.079     0.871     5.000
     1.000     1.000     1.000     1.000     0.000     1.000     1.000     1.000     1.000     0.000    64.170     0.005     0.516     0.000     0.447     0.031     2.000
     1.000     1.000     1.000     1.000     1.000     1.000     0.000     0.000     1.000     0.000    43.500     0.002     0.389     0.000     0.005     0.604     5.000
     0.000     0.000     0.000     1.000     0.000     1.000     0.000     1.000     1.000     1.000         *     0.989     0.000     0.005     0.001     0.004     1.000
     1.000     1.000     1.000     1.000     1.000     1.000     1.000     1.000     1.000     1.000    63.070     0.000     0.986     0.000     0.006     0.008     2.000
     1.000     1.000     0.000     0.000     1.000     0.000     0.000     1.000     0.000     0.000    28.650     0.021     0.002     0.102     0.005     0.871     5.000
     1.000     1.000     1.000     1.000     1.000     1.000     0.000     1.000     1.000     0.000         *     0.001     0.918     0.000     0.006     0.075     2.000
     0.000     1.000     1.000     0.000     1.000     0.000     1.000     0.000     0.000     0.000    43.940     0.016     0.001     0.064     0.001     0.918     5.000
     1.000     1.000     1.000     1.000     1.000     1.000     1.000     1.000     1.000     0.000    55.290     0.000     0.986     0.000     0.006     0.008     2.000
     0.000     0.000     0.000     0.000     0.000         *     1.000     1.000     1.000     0.000    47.350     0.991     0.000     0.002     0.007     0.000     1.000
     1.000     1.000     1.000     0.000     1.000     1.000     0.000     1.000     1.000     1.000    54.770     0.012     0.670     0.000     0.171     0.148     2.000
     0.000     0.000     1.000     0.000     0.000     1.000     1.000     1.000     1.000     1.000    54.780     0.918     0.002     0.000     0.078     0.002     1.000
     1.000     1.000     1.000     1.000     1.000     0.000     1.000     1.000     1.000     1.000    80.210     0.001     0.819     0.000     0.009     0.170     2.000
     0.000     1.000     1.000     1.000     1.000     0.000         *         *     0.000     0.000    50.830     0.005     0.009     0.028     0.000     0.958     5.000
     0.000     0.000     0.000     0.000     0.000     1.000     0.000     1.000     1.000     0.000         *     0.990     0.000     0.007     0.003     0.001     1.000
     0.000     0.000     1.000     0.000     1.000     0.000     1.000     0.000     0.000     0.000    38.090     0.178     0.000     0.547     0.000     0.275     3.000
     0.000     0.000     0.000     0.000     0.000     0.000     0.000     1.000     1.000     0.000    35.860     0.834     0.000     0.161     0.001     0.004     1.000
     1.000     1.000     1.000     1.000     1.000     0.000     1.000     0.000     1.000     0.000    67.130     0.001     0.201     0.000     0.005     0.793     5.000
     1.000     1.000         *     1.000     1.000     1.000     1.000     1.000     1.000     1.000    59.360     0.001     0.984     0.000     0.006     0.008     2.000
     0.000     0.000     1.000     1.000     0.000     0.000     0.000     0.000     0.000     1.000    63.080     0.009     0.000     0.907     0.000     0.083     3.000
     0.000     1.000     0.000     1.000     1.000     1.000     1.000     1.000     1.000     1.000         *     0.296     0.652     0.000     0.007     0.045     2.000
     0.000     0.000     0.000     1.000     1.000     0.000     0.000     0.000     0.000     0.000    34.750     0.007     0.000     0.974     0.000     0.019     3.000
     0.000     0.000     0.000     0.000     0.000     0.000     0.000     1.000     0.000     1.000    34.540     0.116     0.000     0.881     0.000     0.003     3.000
     1.000     1.000     1.000     1.000     1.000     1.000     1.000     1.000     1.000     1.000         *     0.000     0.986     0.000     0.006     0.008     2.000
     1.000     1.000     1.000     1.000     1.000     0.000     0.000     0.000     0.000     0.000    49.550     0.000     0.001     0.005     0.000     0.995     5.000
     0.000     0.000     1.000     1.000     1.000     0.000     0.000     0.000     0.000     0.000    82.330     0.010     0.000     0.669     0.000     0.321     3.000
     0.000     0.000     0.000     1.000     0.000     1.000     1.000     0.000     1.000     1.000    62.160     0.985     0.000     0.007     0.001     0.006     1.000
     1.000     1.000     1.000     1.000     1.000     1.000     0.000     1.000     1.000     0.000    46.360     0.001     0.918     0.000     0.006     0.075     2.000
     1.000     1.000     1.000     1.000     0.000     0.000     1.000     1.000     0.000     1.000         *     0.004     0.017     0.000     0.061     0.917     5.000
     0.000     1.000     1.000     0.000     0.000     0.000     1.000     1.000     1.000     0.000    70.720     0.271     0.011     0.001     0.559     0.158     4.000
     0.000     0.000     1.000     0.000     1.000     1.000     0.000     0.000     1.000     1.000    44.350     0.816     0.004     0.056     0.002     0.122     1.000
     0.000     1.000     1.000     0.000     0.000     1.000     1.000     1.000     1.000     0.000         *     0.182     0.030     0.000     0.771     0.016     4.000
     1.000     1.000     1.000     1.000     1.000     0.000     1.000     1.000     1.000     0.000    43.180     0.001     0.819     0.000     0.009     0.170     2.000
     0.000     1.000     1.000     0.000     1.000     1.000     1.000     1.000     1.000     1.000    49.770     0.157     0.676     0.000     0.118     0.048     2.000
     1.000     1.000     1.000     1.000     1.000     1.000     1.000     0.000     1.000     1.000         *     0.001     0.858     0.000     0.010     0.130     2.000
     1.000     0.000     1.000     1.000     1.000     1.000     1.000     1.000     1.000     0.000    46.180     0.035     0.936     0.000     0.010     0.019     2.000
     1.000     1.000     1.000     0.000     1.000     1.000     0.000     0.000     1.000     0.000    54.830     0.011     0.173     0.001     0.088     0.726     5.000
     0.000     1.000     1.000     1.000     1.000     0.000     0.000     1.000     1.000     0.000         *     0.021     0.121     0.001     0.001     0.855     5.000
     0.000     1.000     0.000     0.000     1.000     1.000     0.000     0.000     0.000     1.000    70.740     0.085     0.000     0.673     0.000     0.241     3.000
     0.000     0.000     1.000     0.000     1.000     1.000     1.000     1.000     1.000     0.000         *     0.935     0.043     0.000     0.014     0.008     1.000
     1.000     1.000     1.000     1.000     1.000     0.000     0.000     1.000     1.000     1.000    69.740     0.001     0.319     0.000     0.004     0.676     5.000
     0.000     0.000     0.000     0.000     0.000     0.000     0.000     0.000     0.000     0.000    71.990     0.004     0.000     0.996     0.000     0.001     3.000
     1.000     1.000     1.000     1.000     1.000     1.000     1.000     1.000     1.000     0.000         *     0.000     0.986     0.000     0.006     0.008     2.000
     1.000     0.000     1.000     1.000     1.000     0.000     1.000     0.000     0.000     1.000    73.460     0.010     0.003     0.018     0.000     0.969     5.000
     1.000     1.000     0.000     0.000     1.000     0.000     0.000     0.000     0.000     1.000    55.950     0.003     0.000     0.440     0.000     0.557     5.000
     1.000     0.000     1.000     0.000     0.000     0.000     0.000     1.000     0.000     1.000         *     0.134     0.000     0.340     0.038     0.487     5.000
     1.000     1.000     1.000     1.000     0.000     1.000     1.000     1.000     1.000     0.000    42.280     0.005     0.516     0.000     0.447     0.031     2.000
     1.000     1.000     1.000     1.000     1.000     1.000     1.000     1.000     1.000     1.000    69.710     0.000     0.986     0.000     0.006     0.008     2.000
     1.000     1.000     1.000     1.000     1.000     1.000     1.000     1.000     1.000     1.000    57.100     0.000     0.986     0.000     0.006     0.008     2.000
     0.000     1.000     1.000     1.000     1.000     1.000     0.000     0.000     1.000     1.000    37.000     0.026     0.158     0.002     0.001     0.813     5.000
     1.000     1.000     1.000     0.000     1.000     0.000     1.000     1.000     1.000     1.000    47.240     0.012     0.486     0.000     0.230     0.272     2.000
     1.000     1.000     1.000     1.000     1.000     1.000     1.000     1.000     1.000     0.000    59.900     0.000     0.986     0.000     0.006     0.008     2.000
     1.000     1.000     1.000     0.000     0.000     1.000     1.000     1.000     1.000     1.000         *     0.004     0.027     0.000     0.964     0.004     4.000
     1.000     1.000     1.000     1.000     1.000     1.000     1.000     1.000     1.000     0.000    64.920     0.000     0.986     0.000     0.006     0.008     2.000
     0.000     0.000     1.000     1.000     1.000     1.000         *     1.000     0.000     1.000         *     0.625     0.059     0.014     0.001     0.302     1.000
     1.000     1.000     1.000     1.000     1.000     1.000     1.000     1.000     1.000     1.000    62.780     0.000     0.986     0.000     0.006     0.008     2.000
     1.000     1.000     1.000     1.000     1.000     1.000     1.000     1.000     1.000     0.000    80.910     0.000     0.986     0.000     0.006     0.008     2.000
     1.000     1.000     1.000     1.000     1.000     1.000     1.000     1.000     1.000     0.000    45.470     0.000     0.986     0.000     0.006     0.008     2.000
     1.000     1.000     1.000     1.000     1.000     1.000     1.000     1.000     1.000     0.000    61.530     0.000     0.986     0.000     0.006     0.008     2.000
     0.000     1.000     0.000     0.000     0.000     0.000     0.000     1.000     0.000     0.000    32.150     0.082     0.000     0.830     0.002     0.086     3.000
     0.000     1.000     1.000     0.000     1.000     1.000     1.000     1.000     0.000     0.000    56.600     0.265     0.195     0.001     0.071     0.468     5.000
     1.000     1.000     1.000     0.000     0.000     1.000     1.000     1.000     1.000     1.000    49.240     0.004     0.027     0.000     0.964     0.004     4.000
     1.000     1.000     1.000     1.000     1.000     1.000     1.000     1.000     1.000     1.000    68.430     0.000     0.986     0.000     0.006     0.008     2.000
     0.000     0.000     1.000     0.000     1.000     1.000     0.000     0.000     0.000     0.000         *     0.218     0.000     0.595     0.000     0.187     3.000
     1.000     1.000     1.000     1.000     1.000     1.000     1.000     1.000     1.000     1.000         *     0.000     0.986     0.000     0.006     0.008     2.000
     1.000     1.000     1.000     0.000     0.000     1.000     1.000     1.000     1.000     0.000    44.700     0.004     0.027     0.000     0.964     0.004     4.000
     1.000     0.000     0.000     1.000     1.000         *     1.000     1.000     1.000     1.000    51.170     0.533     0.399     0.000     0.012     0.055     1.000
     1.000     1.000     1.000     1.000     0.000     1.000     1.000     1.000     1.000     0.000    55.530     0.005     0.516     0.000     0.447     0.031     2.000
     0.000     0.000     1.000     0.000     0.000     1.000     1.000     1.000     0.000     1.000    66.380     0.954     0.000     0.004     0.029     0.013     1.000
     0.000     0.000     1.000     1.000     1.000     0.000     1.000     1.000     1.000     0.000         *     0.678     0.117     0.001     0.002     0.202     1.000
     1.000     1.000     0.000     1.000     1.000     1.000     1.000     1.000     1.000     0.000    67.240     0.011     0.954     0.000     0.015     0.020     2.000
     1.000     1.000     1.000     0.000     0.000     1.000     1.000     1.000     1.000     0.000         *     0.004     0.027     0.000     0.964     0.004     4.000
     1.000     1.000     1.000     1.000     0.000     0.000     0.000     0.000     0.000     1.000         *     0.000     0.000     0.024     0.001     0.975     5.000
     0.000     1.000     1.000     0.000     1.000     1.000     1.000     1.000     1.000     0.000    39.170     0.157     0.676     0.000     0.118     0.048     2.000
     1.000     1.000     0.000     0.000     1.000     1.000     1.000     1.000     1.000     1.000    63.610     0.096     0.536     0.000     0.338     0.030     2.000
     1.000     0.000     0.000     0.000     0.000     0.000     0.000     1.000     1.000     0.000    34.750     0.789     0.000     0.111     0.056     0.044     1.000
     1.000     1.000     1.000     1.000     1.000     0.000     0.000     0.000     1.000     0.000    51.500     0.000     0.024     0.001     0.001     0.974     5.000
     1.000     0.000     0.000     0.000     0.000     0.000     0.000     0.000     0.000     0.000    38.170     0.005     0.000     0.986     0.000     0.008     3.000
     1.000     1.000     1.000     1.000     1.000     1.000     1.000     1.000     1.000     0.000         *     0.000     0.986     0.000     0.006     0.008     2.000
     0.000     0.000     0.000     0.000     0.000     0.000     0.000     0.000     0.000     0.000    55.130     0.004     0.000     0.996     0.000     0.001     3.000
     1.000     0.000     0.000     0.000     0.000     0.000     1.000     0.000     1.000     0.000    54.490     0.729     0.000     0.137     0.075     0.058     1.000
     0.000     0.000     0.000     0.000     0.000     1.000     0.000     1.000     1.000     0.000    65.090     0.990     0.000     0.007     0.003     0.001     1.000
     1.000     0.000     1.000     1.000     1.000     0.000     1.000     1.000     0.000     1.000    76.240     0.046     0.052     0.002     0.002     0.898     5.000
     1.000     1.000     1.000     1.000     1.000     1.000     1.000     1.000     1.000     0.000    86.370     0.000     0.986     0.000     0.006     0.008     2.000
     1.000     1.000     1.000     1.000     1.000     1.000     1.000     1.000     1.000     1.000    66.720     0.000     0.986     0.000     0.006     0.008     2.000
     0.000     0.000     0.000     0.000     1.000     1.000     0.000     1.000     1.000     0.000    42.380     0.992     0.001     0.004     0.000     0.003     1.000
     1.000     0.000     0.000     1.000     1.000     1.000     0.000     0.000     1.000     1.000    52.120     0.493     0.041     0.044     0.003     0.419     1.000
     0.000     0.000     0.000     0.000     0.000     1.000     1.000     1.000     1.000     1.000    42.110     0.992     0.000     0.000     0.007     0.000     1.000
     1.000     1.000     1.000     1.000     1.000     1.000     1.000     1.000     1.000     1.000    58.550     0.000     0.986     0.000     0.006     0.008     2.000
     0.000     0.000     0.000     0.000     0.000     0.000     0.000     0.000     0.000     0.000    62.990     0.004     0.000     0.996     0.000     0.001     3.000
     0.000     1.000     0.000     0.000     1.000     0.000     0.000     0.000     0.000     0.000    68.440     0.004     0.000     0.922     0.000     0.074     3.000
     1.000     0.000     1.000     0.000     1.000     1.000     1.000     1.000     1.000     0.000    80.730     0.274     0.480     0.000     0.220     0.026     2.000
     1.000     1.000     1.000     1.000     1.000     1.000     1.000     1.000     1.000     1.000    61.990     0.000     0.986     0.000     0.006     0.008     2.000
     1.000     1.000     1.000     1.000     1.000     1.000     0.000     1.000     1.000     1.000    57.820     0.001     0.918     0.000     0.006     0.075     2.000
     1.000     1.000     1.000     1.000     1.000     1.000     1.000     1.000     0.000     0.000         *     0.002     0.780     0.000     0.009     0.208     2.000
     1.000     1.000     1.000     0.000     0.000     1.000     1.000     1.000     1.000     0.000    37.710     0.004     0.027     0.000     0.964     0.004     4.000
         *     1.000     1.000     0.000     0.000     1.000     1.000     1.000     1.000     1.000    32.960     0.021     0.027     0.000     0.946     0.006     4.000
     1.000     1.000     1.000     0.000     1.000     1.000     1.000     1.000     1.000     0.000         *     0.005     0.788     0.000     0.191     0.017     2.000
     1.000     1.000     1.000     0.000     1.000     0.000     1.000     1.000     1.000     1.000         *     0.012     0.486     0.000     0.230     0.272     2.000
     0.000     0.000     1.000     0.000     0.000     1.000     1.000     0.000     1.000     0.000    44.000     0.941     0.000     0.004     0.043     0.011     1.000
     1.000     1.000     1.000     1.000     0.000     0.000     0.000     1.000     0.000     0.000    67.330     0.001     0.002     0.004     0.007     0.987     5.000
     1.000     1.000     1.000     1.000     1.000     1.000     1.000     1.000     1.000     0.000    72.390     0.000     0.986     0.000     0.006     0.008     2.000
     1.000     1.000     1.000     0.000     1.000     1.000     1.000     1.000     1.000     1.000         *     0.005     0.788     0.000     0.191     0.017     2.000
     1.000     1.000     1.000     1.000     1.000     1.000     1.000     1.000     1.000     0.000    90.180     0.000     0.986     0.000     0.006     0.008     2.000
     1.000     1.000     1.000     1.000     0.000     1.000     1.000     1.000     1.000     1.000    49.780     0.005     0.516     0.000     0.447     0.031     2.000
     1.000     1.000     1.000     0.000     0.000     1.000     1.000     1.000     1.000     0.000    43.160     0.004     0.027     0.000     0.964     0.004     4.000
     1.000     0.000     0.000     1.000     0.000     1.000     1.000     0.000     0.000     0.000         *     0.611     0.001     0.128     0.017     0.243     1.000
     1.000     1.000     1.000     1.000     1.000     1.000     1.000     1.000     1.000     1.000    60.650     0.000     0.986     0.000     0.006     0.008     2.000
     0.000     1.000     0.000     1.000     1.000     1.000     0.000     0.000     1.000     0.000    59.040     0.240     0.050     0.039     0.001     0.670     5.000
     1.000     1.000     1.000     1.000     1.000     1.000     1.000     1.000     1.000     0.000    65.410     0.000     0.986     0.000     0.006     0.008     2.000
     1.000     0.000     1.000     0.000     1.000     1.000     1.000     0.000     1.000     1.000    42.070     0.420     0.197     0.001     0.181     0.202     1.000
     1.000     1.000     1.000     1.000     1.000     1.000     1.000     1.000     1.000     1.000    59.450     0.000     0.986     0.000     0.006     0.008     2.000
     1.000     1.000     1.000     0.000     0.000     1.000     1.000     1.000     1.000     1.000    51.860     0.004     0.027     0.000     0.964     0.004     4.000
     1.000     1.000     1.000     1.000     1.000     1.000     1.000     1.000     0.000     0.000    56.460     0.002     0.780     0.000     0.009     0.208     2.000
     0.000     0.000     0.000     1.000     1.000     0.000     0.000     0.000     0.000     0.000    51.490     0.007     0.000     0.974     0.000     0.019     3.000
     1.000     1.000     1.000         *     0.000     0.000     0.000     0.000     0.000     0.000    39.260     0.001     0.000     0.061     0.003     0.935     5.000
     1.000     0.000     1.000     0.000     0.000     1.000     1.000     1.000     1.000     0.000    36.260     0.179     0.012     0.000     0.804     0.005     4.000
     1.000     1.000     1.000     1.000     1.000     1.000     1.000     1.000     1.000     0.000    71.130     0.000     0.986     0.000     0.006     0.008     2.000
     1.000     1.000     1.000     0.000     0.000     1.000     1.000     1.000     1.000     0.000         *     0.004     0.027     0.000     0.964     0.004     4.000
     0.000     1.000     1.000     1.000     1.000     1.000     1.000     1.000     0.000     0.000    74.340     0.045     0.504     0.000     0.004     0.447     2.000
     0.000     0.000     0.000     0.000     1.000     1.000     0.000     1.000     1.000     0.000    53.150     0.992     0.001     0.004     0.000     0.003     1.000
     1.000     1.000     1.000     0.000     0.000     1.000     1.000     1.000     1.000     1.000    43.890     0.004     0.027     0.000     0.964     0.004     4.000
     1.000     1.000     1.000     1.000     1.000     1.000     1.000     1.000     1.000     1.000    72.920     0.000     0.986     0.000     0.006     0.008     2.000
     0.000     0.000     0.000     0.000     0.000     0.000     0.000     0.000     0.000     1.000         *     0.004     0.000     0.996     0.000     0.001     3.000
     1.000     1.000     1.000     1.000     1.000     1.000     1.000     1.000     1.000     0.000    84.630     0.000     0.986     0.000     0.006     0.008     2.000
     1.000     1.000     1.000     1.000     1.000     1.000     1.000     1.000     1.000     1.000    57.420     0.000     0.986     0.000     0.006     0.008     2.000
     1.000     0.000     1.000     0.000     0.000     1.000     0.000     1.000     1.000     0.000    26.600     0.359     0.008     0.001     0.596     0.035     4.000
     1.000     1.000     1.000     1.000     1.000     0.000     1.000     1.000     1.000     0.000    51.340     0.001     0.819     0.000     0.009     0.170     2.000
     1.000     1.000     1.000     1.000     1.000     1.000     1.000     1.000     1.000     0.000    67.370     0.000     0.986     0.000     0.006     0.008     2.000
     1.000     0.000     1.000     0.000     0.000     0.000     1.000     0.000     0.000     1.000    70.040     0.100     0.000     0.340     0.042     0.518     5.000
     0.000     0.000     0.000     0.000     0.000     0.000     0.000     0.000     0.000     1.000    29.840     0.004     0.000     0.996     0.000     0.001     3.000
     1.000     1.000     1.000     0.000     0.000     1.000     1.000     1.000     1.000     0.000    52.780     0.004     0.027     0.000     0.964     0.004     4.000
     0.000     0.000     0.000     0.000     0.000     0.000     0.000     0.000     0.000     1.000         *     0.004     0.000     0.996     0.000     0.001     3.000
     0.000     0.000     0.000     1.000     1.000     0.000     0.000     0.000     0.000     0.000    72.910     0.007     0.000     0.974     0.000     0.019     3.000
     0.000     0.000     1.000     0.000     0.000     1.000     1.000     1.000     1.000     1.000    64.690     0.918     0.002     0.000     0.078     0.002     1.000
     1.000     1.000     0.000     1.000     1.000     0.000     1.000     1.000     1.000     0.000         *     0.029     0.617     0.000     0.019     0.334     2.000
     1.000     1.000     1.000     1.000     1.000     1.000     1.000     1.000     1.000     1.000         *     0.000     0.986     0.000     0.006     0.008     2.000
     1.000     1.000     1.000     0.000     1.000     1.000     1.000     1.000     1.000     0.000    51.780     0.005     0.788     0.000     0.191     0.017     2.000
     1.000     1.000     1.000     0.000     0.000     1.000     0.000     0.000     0.000     0.000    43.650     0.008     0.001     0.031     0.121     0.839     5.000
     0.000     0.000     1.000     0.000     1.000     1.000     0.000     1.000     1.000     1.000    38.430     0.950     0.015     0.002     0.005     0.028     1.000
     1.000     1.000     1.000     0.000     0.000     1.000     1.000     1.000     1.000     0.000    78.330     0.004     0.027     0.000     0.964     0.004     4.000
     0.000     0.000     0.000     1.000     0.000     1.000     0.000     1.000     1.000     1.000    59.610     0.989     0.000     0.005     0.001     0.004     1.000
     0.000     1.000     1.000     0.000     1.000     0.000     0.000     1.000     1.000     0.000    73.920     0.115     0.043     0.009     0.016     0.818     5.000
     1.000     1.000     1.000     1.000     1.000     1.000     1.000     1.000     1.000     0.000    73.720     0.000     0.986     0.000     0.006     0.008     2.000
     1.000     1.000     1.000     1.000     1.000     1.000     1.000     1.000     1.000     0.000    91.570     0.000     0.986     0.000     0.006     0.008     2.000
     1.000     0.000     0.000     0.000     0.000     0.000     0.000     0.000     1.000     0.000    60.450     0.162     0.000     0.786     0.006     0.046     3.000
     1.000     1.000     1.000     0.000     1.000     1.000     1.000     1.000     1.000     0.000    76.410     0.005     0.788     0.000     0.191     0.017     2.000
     0.000     0.000     1.000     0.000     1.000     1.000     0.000     1.000     1.000     1.000    57.310     0.950     0.015     0.002     0.005     0.028     1.000
     1.000     1.000     1.000     1.000     1.000     1.000     1.000     1.000     0.000     1.000    78.710     0.002     0.780     0.000     0.009     0.208     2.000
     0.000     0.000     1.000     0.000     0.000     0.000     1.000     0.000     0.000     0.000    44.080     0.163     0.000     0.762     0.001     0.073     3.000
     1.000     1.000     1.000     1.000     1.000     1.000     1.000     1.000     1.000     1.000    84.050     0.000     0.986     0.000     0.006     0.008     2.000
     0.000     1.000     1.000     1.000     1.000     0.000     0.000     0.000     0.000     0.000    45.950     0.001     0.000     0.068     0.000     0.931     5.000
     1.000     1.000     1.000     1.000     1.000     1.000     1.000     1.000     1.000     0.000    71.620     0.000     0.986     0.000     0.006     0.008     2.000
     0.000     0.000     1.000     1.000     0.000     1.000     0.000     0.000     1.000     1.000    50.910     0.747     0.002     0.064     0.005     0.183     1.000
     1.000     1.000     1.000     0.000     1.000     1.000     1.000     0.000     1.000     1.000    52.690     0.012     0.522     0.000     0.253     0.214     2.000
     0.000     0.000     1.000     0.000     0.000     1.000     1.000     1.000     1.000     1.000    63.700     0.918     0.002     0.000     0.078     0.002     1.000
     0.000     0.000     1.000     0.000     1.000     1.000     0.000     1.000     0.000     1.000    45.320     0.799     0.002     0.063     0.002     0.134     1.000
     1.000     1.000     1.000     0.000     1.000     1.000     1.000     1.000     1.000     1.000    54.320     0.005     0.788     0.000     0.191     0.017     2.000
     1.000     1.000     1.000     0.000     0.000     1.000     1.000     1.000     0.000     0.000         *     0.011     0.012     0.000     0.908     0.068     4.000
     1.000     0.000     1.000     1.000     1.000     1.000     1.000     1.000     1.000     0.000    61.750     0.035     0.936     0.000     0.010     0.019     2.000
     0.000     0.000     0.000         *     1.000     1.000     0.000     0.000     0.000     0.000    45.320     0.147     0.000     0.827     0.000     0.027     3.000
     1.000     1.000     1.000     1.000     1.000     1.000     1.000     1.000     1.000     0.000         *     0.000     0.986     0.000     0.006     0.008     2.000
     0.000     0.000     1.000     0.000     0.000     0.000     1.000     1.000         *     1.000         *     0.908     0.000     0.031     0.032     0.029     1.000
     0.000     0.000     0.000     0.000     0.000     1.000     1.000     1.000     1.000     1.000    40.470     0.992     0.000     0.000     0.007     0.000     1.000
     1.000     1.000     1.000     0.000     1.000     1.000     0.000     1.000     1.000     0.000    71.600     0.012     0.670     0.000     0.171     0.148     2.000
     0.000     1.000     1.000     1.000     0.000     1.000     1.000     1.000     1.000     1.000    72.320     0.180     0.448     0.000     0.281     0.091     2.000
     1.000     1.000     0.000     1.000     0.000     1.000     1.000     1.000     1.000     0.000    66.700     0.083     0.268     0.000     0.606     0.043     4.000
     1.000     1.000     1.000     0.000     1.000     1.000     1.000     1.000     1.000     1.000    63.330     0.005     0.788     0.000     0.191     0.017     2.000
     1.000     1.000     1.000     1.000     1.000     1.000     1.000     1.000     1.000     1.000    75.070     0.000     0.986     0.000     0.006     0.008     2.000
     1.000     1.000     1.000     1.000     1.000     1.000     1.000     1.000     1.000     0.000    76.560     0.000     0.986     0.000     0.006     0.008     2.000
     1.000     1.000     1.000     1.000     1.000     1.000     1.000     1.000     1.000     0.000         *     0.000     0.986     0.000     0.006     0.008     2.000
     1.000     1.000     1.000     0.000     0.000     1.000     1.000     1.000     1.000     0.000    50.790     0.004     0.027     0.000     0.964     0.004     4.000
     0.000     1.000     1.000     1.000     1.000     1.000     1.000     1.000     1.000     1.000    48.000     0.015     0.956     0.000     0.004     0.025     2.000
     0.000     1.000     1.000         *     1.000     0.000     1.000     0.000     0.000     1.000         *     0.007     0.002     0.027     0.000     0.964     5.000
     1.000     1.000     1.000     1.000     1.000     1.000     0.000     1.000     1.000     1.000    72.700     0.001     0.918     0.000     0.006     0.075     2.000
     1.000     1.000     0.000         *     1.000     1.000     1.000     1.000     1.000     0.000    61.550     0.029     0.865     0.000     0.083     0.022     2.000
     1.000     1.000     1.000     1.000     1.000     0.000     1.000     1.000     1.000     1.000    55.520     0.001     0.819     0.000     0.009     0.170     2.000
     1.000     0.000     0.000     0.000     1.000     0.000     0.000     1.000     0.000     1.000    52.960     0.174     0.000     0.634     0.001     0.191     3.000
     0.000     1.000     1.000     1.000     1.000     1.000     0.000     1.000     1.000     0.000    47.590     0.033     0.758     0.000     0.003     0.205     2.000
     1.000     1.000     1.000     0.000     0.000     0.000     0.000     1.000     0.000     1.000    42.900     0.006     0.001     0.022     0.091     0.880     5.000
     1.000     1.000     1.000     1.000     1.000     1.000     1.000     1.000     1.000     1.000    54.440     0.000     0.986     0.000     0.006     0.008     2.000
     1.000     1.000     1.000     1.000     1.000     1.000     1.000     1.000     1.000     0.000    57.430     0.000     0.986     0.000     0.006     0.008     2.000
     1.000     0.000     1.000     1.000     0.000     0.000     1.000     1.000     1.000     1.000    48.190     0.327     0.082     0.001     0.265     0.325     1.000
     1.000     0.000     0.000     0.000     0.000     1.000     1.000     1.000     1.000     0.000    48.100     0.714     0.002     0.000     0.282     0.002     1.000
     0.000     0.000     0.000     0.000     0.000     0.000     0.000     0.000     0.000     1.000    39.080     0.004     0.000     0.996     0.000     0.001     3.000
     1.000     1.000     1.000     0.000     0.000     1.000     0.000     1.000     1.000     0.000    56.650     0.011     0.025     0.000     0.923     0.041     4.000
     1.000     1.000     1.000     1.000     1.000     1.000     1.000     1.000     1.000     0.000    61.990     0.000     0.986     0.000     0.006     0.008     2.000
     0.000     0.000     0.000     1.000     0.000     0.000     0.000     0.000     0.000     0.000    68.990     0.005     0.000     0.992     0.000     0.004     3.000
     1.000     1.000     1.000     0.000     0.000     1.000     1.000     0.000     1.000     1.000    77.850     0.008     0.013     0.000     0.938     0.041     4.000
     1.000     0.000     0.000     1.000     1.000     0.000     0.000     1.000     1.000     1.000    59.910     0.447     0.035     0.034     0.002     0.482     5.000
     0.000     0.000     0.000     0.000     0.000     1.000     0.000     1.000     1.000     0.000    47.520     0.990     0.000     0.007     0.003     0.001     1.000
     0.000     1.000     1.000     0.000     0.000     0.000     1.000     0.000     1.000     1.000    60.520     0.191     0.002     0.030     0.211     0.566     5.000
     0.000     0.000     1.000     0.000     1.000     0.000     0.000     0.000     1.000     1.000    57.280     0.252     0.000     0.505     0.000     0.243     3.000
     0.000     0.000     0.000     1.000     1.000     0.000     0.000     0.000     0.000     0.000         *     0.007     0.000     0.974     0.000     0.019     3.000
     1.000     1.000     1.000     0.000     1.000     0.000     0.000     0.000     0.000     1.000    60.230     0.000     0.000     0.031     0.001     0.968     5.000
     0.000     1.000     1.000     1.000     1.000     0.000     0.000     0.000     0.000     1.000    57.860     0.001     0.000     0.068     0.000     0.931     5.000
     1.000     1.000     1.000     1.000     1.000     0.000     0.000     1.000     1.000     1.000         *     0.001     0.319     0.000     0.004     0.676     5.000
     1.000     1.000     1.000     1.000     1.000     1.000     1.000     1.000     1.000     0.000         *     0.000     0.986     0.000     0.006     0.008     2.000
     1.000     1.000     1.000     1.000     1.000     1.000     1.000     1.000     1.000     0.000    72.240     0.000     0.986     0.000     0.006     0.008     2.000
     1.000     1.000     1.000     1.000     1.000     1.000     1.000     1.000     1.000     1.000    72.330     0.000     0.986     0.000     0.006     0.008     2.000
         *     0.000     0.000     0.000     1.000     0.000     0.000     0.000     0.000     1.000    57.270     0.006     0.000     0.985     0.000     0.009     3.000
     1.000     1.000     1.000     1.000     1.000     1.000     0.000     1.000     0.000     0.000    70.390     0.002     0.267     0.000     0.003     0.728     5.000
     1.000     1.000     0.000     1.000     1.000     1.000     1.000     1.000     1.000     0.000    43.260     0.011     0.954     0.000     0.015     0.020     2.000
     1.000     1.000     1.000     1.000     1.000     1.000     1.000     1.000     1.000     0.000    55.390     0.000     0.986     0.000     0.006     0.008     2.000
     0.000     0.000     0.000     1.000     0.000     0.000     1.000     1.000     0.000     0.000         *     0.777     0.000     0.188     0.000     0.034     1.000
     1.000     1.000     1.000     1.000     1.000     1.000     0.000     1.000     1.000     1.000    57.250     0.001     0.918     0.000     0.006     0.075     2.000
     1.000     1.000     1.000     1.000     1.000     1.000     0.000     1.000     1.000     0.000         *     0.001     0.918     0.000     0.006     0.075     2.000
     1.000     0.000     1.000     1.000     1.000     1.000     1.000     1.000     1.000     0.000    56.280     0.035     0.936     0.000     0.010     0.019     2.000
     1.000     1.000     1.000     1.000     0.000     1.000     0.000     1.000     1.000     1.000    55.770     0.012     0.390     0.000     0.356     0.243     2.000
     0.000     0.000     1.000     0.000     1.000     1.000     0.000     1.000     1.000     0.000    63.230     0.950     0.015     0.002     0.005     0.028     1.000
     0.000     0.000     1.000     0.000     1.000     0.000     0.000     1.000     1.000     0.000         *     0.797     0.003     0.046     0.002     0.151     1.000
     0.000     0.000     1.000     0.000     1.000     0.000     0.000     0.000     0.000     1.000    57.120     0.012     0.000     0.924     0.000     0.065     3.000
     1.000     1.000     1.000     1.000     1.000     1.000     0.000     1.000     1.000     1.000    50.610     0.001     0.918     0.000     0.006     0.075     2.000
     1.000     1.000     1.000     0.000     1.000     1.000     0.000     0.000     1.000     1.000    65.200     0.011     0.173     0.001     0.088     0.726     5.000
     0.000     1.000     1.000     1.000     1.000     1.000     1.000     1.000     1.000     1.000    52.700     0.015     0.956     0.000     0.004     0.025     2.000
     1.000     1.000     1.000     1.000     1.000     1.000     1.000     1.000     1.000     0.000    66.770     0.000     0.986     0.000     0.006     0.008     2.000
     1.000     1.000     1.000     1.000     1.000     1.000     0.000     1.000     1.000     1.000         *     0.001     0.918     0.000     0.006     0.075     2.000
     1.000     1.000     1.000     0.000     1.000     1.000     1.000     1.000     1.000     1.000         *     0.005     0.788     0.000     0.191     0.017     2.000
     1.000     1.000     1.000     1.000     0.000     1.000     1.000     1.000     0.000     1.000    70.570     0.013     0.204     0.000     0.366     0.417     5.000
     1.000     1.000     0.000     0.000     1.000     0.000     1.000     0.000     0.000     0.000    67.390     0.015     0.001     0.097     0.005     0.882     5.000
     1.000     1.000     1.000     1.000     1.000     1.000     0.000     1.000     1.000     1.000    55.660     0.001     0.918     0.000     0.006     0.075     2.000
     0.000     1.000         *     0.000     1.000     0.000     0.000     0.000     0.000     0.000    57.390     0.004     0.000     0.655     0.000     0.342     3.000
     1.000     1.000     0.000     0.000     0.000     1.000     0.000     0.000     1.000     1.000    40.790     0.147     0.003     0.033     0.572     0.245     4.000
     1.000     1.000     1.000     1.000     1.000     1.000     1.000     1.000     1.000     1.000    68.100     0.000     0.986     0.000     0.006     0.008     2.000
     0.000     0.000     1.000     1.000     1.000     1.000     1.000     1.000     1.000     1.000         *     0.573     0.398     0.000     0.003     0.026     1.000
     1.000     1.000     1.000     1.000     1.000     0.000     0.000     0.000     0.000     1.000    46.730     0.000     0.001     0.005     0.000     0.995     5.000
     1.000     1.000     1.000     0.000     0.000     1.000     1.000     1.000     0.000     1.000    44.280     0.011     0.012     0.000     0.908     0.068     4.000
     1.000     1.000     1.000     1.000     1.000     0.000     1.000     0.000     0.000     0.000    60.780     0.000     0.008     0.001     0.000     0.991     5.000
     0.000     0.000     0.000     0.000     0.000     0.000     0.000     0.000     0.000     0.000    40.870     0.004     0.000     0.996     0.000     0.001     3.000
     1.000     1.000     1.000     0.000     0.000     1.000     1.000     1.000     1.000     1.000    53.840     0.004     0.027     0.000     0.964     0.004     4.000
     1.000     1.000     1.000     0.000     1.000     1.000     1.000     1.000     1.000     1.000    75.890     0.005     0.788     0.000     0.191     0.017     2.000
     1.000     1.000     1.000     0.000     0.000     0.000     1.000     1.000     0.000     1.000         *     0.013     0.003     0.002     0.492     0.490     4.000
     1.000     1.000     1.000     1.000     1.000     0.000     0.000     1.000     0.000     0.000    72.560     0.000     0.014     0.001     0.000     0.985     5.000
     0.000     1.000     1.000     1.000     1.000     1.000     1.000     1.000     1.000     1.000    42.100     0.015     0.956     0.000     0.004     0.025     2.000
     0.000     0.000     1.000     0.000     0.000     1.000     1.000     1.000     1.000     1.000    53.360     0.918     0.002     0.000     0.078     0.002     1.000
     0.000     0.000     1.000     1.000     1.000     1.000     1.000     1.000     1.000     1.000    60.410     0.573     0.398     0.000     0.003     0.026     1.000
     0.000     1.000     1.000         *     1.000     1.000     1.000     1.000     1.000     0.000    38.460     0.040     0.907     0.000     0.024     0.029     2.000
     1.000     1.000     1.000     1.000     1.000     1.000         *     1.000     1.000     0.000         *     0.000     0.976     0.000     0.006     0.018     2.000
     0.000     0.000     1.000     0.000     0.000     1.000     1.000     1.000     0.000     1.000         *     0.954     0.000     0.004     0.029     0.013     1.000
     0.000     0.000     0.000     0.000     0.000     0.000     0.000     0.000     0.000     1.000    77.680     0.004     0.000     0.996     0.000     0.001     3.000
     0.000     0.000     0.000     1.000     0.000     0.000     0.000     1.000     0.000     0.000         *     0.135     0.000     0.843     0.000     0.021     3.000
     0.000     0.000     1.000     0.000     0.000     1.000     1.000     0.000     1.000     1.000         *     0.941     0.000     0.004     0.043     0.011     1.000
     1.000     1.000     0.000     1.000     0.000     1.000     1.000     0.000     1.000     1.000    47.800     0.119     0.103     0.001     0.465     0.312     4.000
     0.000     0.000     0.000     1.000     1.000     0.000     1.000     1.000     1.000     1.000         *     0.965     0.006     0.004     0.000     0.025     1.000
     1.000     1.000     1.000     0.000     0.000     1.000     1.000         *     0.000     0.000         *     0.012     0.011     0.000     0.860     0.117     4.000
     1.000     1.000     0.000     0.000     0.000     1.000     1.000     1.000     1.000     0.000    63.330     0.048     0.010     0.000     0.938     0.004     4.000
     0.000     1.000     1.000     1.000     1.000     1.000     1.000     1.000     1.000     0.000    66.840     0.015     0.956     0.000     0.004     0.025     2.000
     1.000     1.000     1.000     1.000     1.000         *     0.000     1.000     1.000     1.000    67.670     0.001     0.818     0.000     0.005     0.175     2.000
     1.000     1.000     1.000     0.000     1.000     0.000     1.000     1.000     0.000     1.000         *     0.007     0.048     0.001     0.047     0.898     5.000
     1.000     1.000     1.000     1.000     1.000     0.000     0.000     1.000     1.000     1.000    59.360     0.001     0.319     0.000     0.004     0.676     5.000
     1.000     0.000         *     1.000     1.000     1.000     1.000     1.000     1.000     1.000         *     0.080     0.890     0.000     0.011     0.019     2.000
     0.000     0.000     0.000     0.000     0.000     1.000     1.000     1.000     0.000     1.000    49.610     0.986     0.000     0.010     0.003     0.001     1.000
     1.000     1.000     1.000     0.000     0.000     1.000     1.000     1.000     1.000     1.000    33.210     0.004     0.027     0.000     0.964     0.004     4.000
     0.000     0.000     0.000     0.000     0.000     0.000     0.000     0.000     0.000     0.000    55.670     0.004     0.000     0.996     0.000     0.001     3.000
     0.000     0.000     1.000     1.000     1.000     1.000     0.000     0.000     0.000     0.000    52.180     0.124     0.001     0.277     0.000     0.597     5.000
     1.000     1.000     1.000     1.000     1.000     0.000     0.000     0.000     0.000     1.000         *     0.000     0.001     0.005     0.000     0.995     5.000
     0.000     1.000     1.000     1.000     1.000     1.000     0.000     1.000     1.000     0.000    40.620     0.033     0.758     0.000     0.003     0.205     2.000
     1.000     1.000     1.000     1.000     1.000     1.000     0.000     1.000     0.000     1.000    58.250     0.002     0.267     0.000     0.003     0.728     5.000
     1.000     1.000     1.000     1.000     1.000     1.000     1.000     1.000     1.000     1.000         *     0.000     0.986     0.000     0.006     0.008     2.000
     0.000     1.000     1.000     0.000     0.000     1.000     1.000     1.000     1.000     0.000    80.030     0.182     0.030     0.000     0.771     0.016     4.000
     1.000     1.000     1.000     0.000     0.000     0.000     0.000     1.000     1.000     1.000    62.890     0.015     0.008     0.001     0.611     0.364     4.000
     1.000     1.000     1.000     1.000     1.000     1.000     1.000     1.000     1.000     1.000    71.430     0.000     0.986     0.000     0.006     0.008     2.000
     1.000     1.000     1.000     0.000     0.000     1.000     1.000     1.000     1.000     0.000         *     0.004     0.027     0.000     0.964     0.004     4.000
     1.000     1.000     1.000     0.000     0.000     1.000     1.000     1.000     1.000     0.000    59.010     0.004     0.027     0.000     0.964     0.004     4.000
     1.000     1.000     1.000     1.000     1.000     1.000     1.000     1.000     1.000     1.000    60.740     0.000     0.986     0.000     0.006     0.008     2.000
     1.000     1.000     1.000     0.000     1.000     1.000     1.000     1.000     1.000     1.000    71.800     0.005     0.788     0.000     0.191     0.017     2.000
     1.000     0.000     1.000     0.000     0.000     1.000     1.000     1.000     1.000     0.000    40.440     0.179     0.012     0.000     0.804     0.005     4.000
     1.000     1.000     1.000     1.000     0.000     1.000     1.000     1.000     1.000     1.000    55.680     0.005     0.516     0.000     0.447     0.031     2.000
     1.000     0.000     1.000     1.000     1.000     1.000     0.000     1.000     1.000     0.000    50.990     0.081     0.756     0.000     0.009     0.154     2.000
     1.000     1.000     1.000     0.000     1.000     1.000     1.000     1.000     1.000     0.000    77.430     0.005     0.788     0.000     0.191     0.017     2.000
     1.000     0.000     1.000     0.000     1.000     1.000     1.000     1.000     1.000     1.000    55.920     0.274     0.480     0.000     0.220     0.026     2.000
     1.000     1.000     1.000     0.000     1.000     1.000     1.000     1.000     1.000     0.000    55.580     0.005     0.788     0.000     0.191     0.017     2.000
     1.000     1.000     0.000         *     1.000     0.000     1.000     1.000     1.000     0.000         *     0.069     0.503     0.000     0.095     0.333     2.000
     0.000     1.000     1.000     1.000     1.000     1.000     0.000     1.000     0.000     0.000    54.450     0.025     0.097     0.002     0.001     0.876     5.000
     1.000     1.000     1.000     0.000         *     1.000         *         *     0.000     0.000         *     0.012     0.117     0.003     0.400     0.469     5.000
     1.000     1.000     1.000         *     0.000     1.000     1.000     1.000     1.000     0.000    59.990     0.005     0.153     0.000     0.831     0.011     4.000
     0.000     1.000     0.000     0.000     0.000     0.000     0.000     1.000     0.000     0.000    40.040     0.082     0.000     0.830     0.002     0.086     3.000
     1.000     1.000     1.000     1.000     0.000     1.000     0.000     0.000     0.000     0.000         *     0.002     0.002     0.005     0.009     0.981     5.000
     1.000     0.000     1.000     1.000     1.000     1.000     0.000     1.000     1.000     0.000    63.250     0.081     0.756     0.000     0.009     0.154     2.000
     0.000     1.000     1.000     1.000     1.000     0.000     1.000     0.000     0.000     1.000    73.820     0.003     0.002     0.010     0.000     0.985     5.000
     0.000     1.000     1.000     0.000     0.000     1.000     1.000     1.000         *     0.000    55.810     0.203     0.027     0.000     0.732     0.038     4.000
     1.000     1.000     1.000     0.000     1.000     1.000     0.000     1.000     1.000     0.000         *     0.012     0.670     0.000     0.171     0.148     2.000
     1.000     1.000     1.000     1.000     0.000     1.000     1.000     1.000     1.000     0.000    79.370     0.005     0.516     0.000     0.447     0.031     2.000
     1.000     0.000     1.000     1.000     1.000     1.000     1.000     1.000     1.000     1.000    46.690     0.035     0.936     0.000     0.010     0.019     2.000
     1.000     0.000     1.000     1.000     1.000     1.000     0.000     1.000     0.000     0.000    52.520     0.074     0.118     0.003     0.003     0.802     5.000
     1.000     1.000     1.000     0.000     1.000     1.000     1.000     1.000     1.000     0.000    46.610     0.005     0.788     0.000     0.191     0.017     2.000
     0.000     0.000     0.000     0.000     1.000     1.000     0.000     1.000     1.000     0.000    55.010     0.992     0.001     0.004     0.000     0.003     1.000
     1.000     1.000     1.000     1.000     1.000     1.000     1.000     1.000     1.000     1.000    72.010     0.000     0.986     0.000     0.006     0.008     2.000
     0.000     0.000     0.000     1.000     1.000     0.000     0.000     0.000     0.000     0.000    41.480     0.007     0.000     0.974     0.000     0.019     3.000
     0.000     1.000     1.000     1.000     1.000     1.000     1.000     1.000     1.000     1.000    72.350     0.015     0.956     0.000     0.004     0.025     2.000
     1.000     0.000     0.000     0.000     0.000     1.000     1.000     0.000     0.000     0.000    55.190     0.713     0.000     0.183     0.053     0.050     1.000
     1.000     1.000     1.000     0.000     1.000     1.000     0.000     1.000     1.000     1.000    70.800     0.012     0.670     0.000     0.171     0.148     2.000
     1.000     1.000     1.000     0.000     0.000     1.000     0.000     1.000     1.000     1.000    46.400     0.011     0.025     0.000     0.923     0.041     4.000
     1.000     1.000     1.000     1.000     1.000     1.000     1.000     1.000     0.000     0.000    67.340     0.002     0.780     0.000     0.009     0.208     2.000
     1.000     1.000     1.000     1.000     1.000     1.000     1.000     1.000     1.000     0.000         *     0.000     0.986     0.000     0.006     0.008     2.000
     1.000     1.000     1.000     1.000     1.000     1.000     0.000     1.000     1.000     0.000    65.790     0.001     0.918     0.000     0.006     0.075     2.000
     1.000     1.000     1.000     0.000     0.000     0.000     1.000     1.000     1.000     0.000    45.410     0.008     0.013     0.000     0.922     0.057     4.000
     0.000     0.000     1.000     1.000     1.000     1.000     1.000     0.000     1.000     1.000    61.330     0.701     0.130     0.002     0.002     0.165     1.000
     1.000     0.000     0.000     0.000     0.000     1.000     0.000     0.000     0.000     1.000    59.530     0.127     0.000     0.837     0.004     0.032     3.000
     1.000     1.000     1.000     1.000     1.000     1.000     1.000     1.000     1.000     0.000    83.130     0.000     0.986     0.000     0.006     0.008     2.000
     1.000     1.000     1.000     1.000     1.000     1.000     1.000     1.000     1.000     1.000    74.230     0.000     0.986     0.000     0.006     0.008     2.000
     1.000     1.000     1.000     0.000     1.000     1.000     1.000     1.000     1.000     0.000         *     0.005     0.788     0.000     0.191     0.017     2.000
     1.000     1.000     1.000     1.000     1.000         *     1.000     1.000     1.000     1.000    66.830     0.000     0.973     0.000     0.006     0.020     2.000
     0.000     1.000     0.000     0.000     0.000     0.000     0.000     0.000     0.000     0.000    29.530     0.003     0.000     0.982     0.000     0.015     3.000
     1.000     1.000     1.000     1.000     0.000     1.000     1.000     1.000     1.000     1.000    53.310     0.005     0.516     0.000     0.447     0.031     2.000
     1.000     1.000     1.000     1.000     1.000     1.000     0.000     0.000     0.000     1.000         *     0.000     0.019     0.001     0.000     0.979     5.000
     1.000     1.000     0.000     1.000     1.000     1.000     1.000     1.000     1.000     0.000    47.970     0.011     0.954     0.000     0.015     0.020     2.000
     1.000     0.000     0.000     0.000     0.000     1.000     1.000     0.000     0.000     0.000    55.980     0.713     0.000     0.183     0.053     0.050     1.000
     0.000     1.000     1.000     0.000     0.000     1.000     1.000     0.000     0.000     0.000    56.370     0.215     0.002     0.046     0.172     0.565     5.000
     1.000     1.000     1.000     1.000     1.000     1.000     1.000     1.000     1.000     0.000         *     0.000     0.986     0.000     0.006     0.008     2.000
     0.000     0.000     1.000     0.000     0.000     1.000     0.000     1.000     1.000     1.000    63.980     0.958     0.001     0.003     0.030     0.008     1.000
     0.000     0.000     0.000     0.000     0.000     1.000     0.000     1.000     1.000     1.000         *     0.990     0.000     0.007     0.003     0.001     1.000
     0.000     1.000     1.000     0.000     1.000     1.000     0.000     0.000     0.000     0.000    70.820     0.027     0.002     0.098     0.001     0.872     5.000
     0.000     0.000     0.000     0.000     0.000     1.000     1.000     1.000     1.000     1.000    69.420     0.992     0.000     0.000     0.007     0.000     1.000
     0.000     0.000     0.000     0.000     0.000         *     1.000     1.000     0.000     1.000    56.560     0.928     0.000     0.067     0.002     0.002     1.000
     0.000     1.000     1.000     0.000     1.000     1.000     0.000     1.000     1.000     0.000    54.760     0.257     0.387     0.001     0.071     0.284     2.000
     1.000     0.000     1.000     0.000     0.000     1.000     1.000     1.000     1.000     1.000    40.130     0.179     0.012     0.000     0.804     0.005     4.000
     1.000     0.000     1.000     1.000     1.000     0.000     1.000     1.000     1.000     0.000    40.340     0.089     0.591     0.000     0.013     0.306     2.000
     1.000     1.000     0.000     1.000     1.000     1.000     0.000     1.000     1.000     1.000    60.270     0.027     0.792     0.000     0.013     0.169     2.000
     1.000     1.000     0.000     0.000     1.000     1.000     1.000     1.000     1.000     1.000         *     0.096     0.536     0.000     0.338     0.030     2.000
     1.000     1.000     1.000     1.000     1.000     0.000     0.000     1.000     1.000     1.000    62.850     0.001     0.319     0.000     0.004     0.676     5.000
     1.000     1.000     1.000     1.000     1.000     1.000     1.000     1.000     1.000     1.000         *     0.000     0.986     0.000     0.006     0.008     2.000
     0.000     0.000     0.000     1.000     0.000     1.000     1.000     1.000     1.000     0.000    51.430     0.995     0.001     0.000     0.003     0.001     1.000
     1.000     1.000     1.000     1.000     1.000     1.000     1.000     1.000     0.000     1.000    65.030     0.002     0.780     0.000     0.009     0.208     2.000
     1.000     1.000     1.000     1.000     1.000     1.000     1.000     1.000     0.000     1.000    63.680     0.002     0.780     0.000     0.009     0.208     2.000
     1.000     1.000     1.000     1.000     1.000     0.000     0.000     0.000     0.000     0.000    67.700     0.000     0.001     0.005     0.000     0.995     5.000
     1.000     1.000     1.000     1.000     1.000     0.000     0.000     1.000     1.000     1.000    65.430     0.001     0.319     0.000     0.004     0.676     5.000
     1.000     1.000     0.000     0.000     1.000     1.000     1.000     0.000     0.000     1.000    78.700     0.089     0.023     0.020     0.059     0.810     5.000
     0.000     0.000     0.000     0.000     0.000         *     0.000     0.000     0.000     0.000         *     0.015     0.000     0.984     0.000     0.001     3.000
     0.000     0.000     1.000     1.000     1.000     1.000     1.000     1.000     0.000     0.000    67.860     0.721     0.086     0.002     0.001     0.190     1.000
     0.000     0.000     0.000     1.000     0.000     1.000     1.000     1.000     0.000     1.000    46.250     0.984     0.000     0.008     0.001     0.007     1.000
     1.000     1.000     1.000     1.000     1.000     1.000     1.000     1.000     1.000     1.000    64.280     0.000     0.986     0.000     0.006     0.008     2.000
     0.000     1.000     1.000     0.000     1.000     0.000     0.000     0.000     1.000     0.000    70.530     0.025     0.003     0.066     0.002     0.905     5.000
     1.000     1.000     1.000     0.000     0.000     1.000     1.000     1.000     1.000     0.000    41.090     0.004     0.027     0.000     0.964     0.004     4.000
     0.000     0.000     0.000     0.000     0.000     0.000     0.000     0.000     0.000     0.000         *     0.004     0.000     0.996     0.000     0.001     3.000
     0.000     0.000     0.000     1.000     0.000     1.000     1.000     1.000     1.000     1.000         *     0.995     0.001     0.000     0.003     0.001     1.000
     0.000     1.000     0.000     1.000     0.000     0.000     0.000     0.000     0.000     0.000    37.200     0.003     0.000     0.902     0.000     0.095     3.000
     1.000     0.000     0.000     0.000     1.000     0.000     0.000     1.000     1.000     1.000    57.360     0.768     0.004     0.071     0.010     0.147     1.000
     0.000     0.000     0.000     1.000     1.000     0.000     0.000     0.000     0.000     0.000    53.810     0.007     0.000     0.974     0.000     0.019     3.000
     1.000     1.000     1.000     1.000     1.000     1.000     0.000     1.000     1.000     1.000    54.000     0.001     0.918     0.000     0.006     0.075     2.000
     1.000     1.000     1.000     1.000     1.000     1.000     1.000     0.000     0.000     1.000    68.520     0.001     0.163     0.000     0.004     0.831     5.000
     0.000     0.000     1.000     0.000     1.000     1.000     0.000     0.000     1.000     0.000    56.630     0.816     0.004     0.056     0.002     0.122     1.000
     0.000     0.000     0.000     0.000     1.000     1.000     1.000     1.000     1.000     0.000    42.340     0.996     0.002     0.000     0.001     0.001     1.000
     1.000     1.000     1.000     1.000     0.000     1.000     0.000     1.000     1.000     1.000    54.720     0.012     0.390     0.000     0.356     0.243     2.000
     1.000     1.000     1.000     1.000     1.000     1.000     1.000     1.000     1.000     0.000    71.440     0.000     0.986     0.000     0.006     0.008     2.000
     1.000     1.000     0.000     1.000     1.000     0.000     0.000     1.000     1.000     1.000    64.570     0.020     0.149     0.002     0.005     0.824     5.000
     0.000     0.000     0.000     0.000     1.000     0.000     0.000     0.000     0.000     0.000    56.600     0.006     0.000     0.991     0.000     0.003     3.000
     1.000     1.000     1.000     1.000     1.000     1.000     0.000     1.000     1.000     1.000         *     0.001     0.918     0.000     0.006     0.075     2.000
     1.000     1.000     1.000     1.000     0.000     0.000     0.000     1.000     1.000     0.000    73.580     0.006     0.052     0.000     0.094     0.847     5.000
     1.000     1.000     0.000     1.000     0.000     1.000     1.000     0.000     1.000     0.000         *     0.119     0.103     0.001     0.465     0.312     4.000
     0.000     1.000     1.000     1.000     1.000     1.000     1.000     0.000     0.000     1.000    53.920     0.018     0.055     0.002     0.001     0.924     5.000
     1.000     1.000     0.000     1.000     1.000     0.000     1.000     1.000     1.000     1.000    50.250     0.029     0.617     0.000     0.019     0.334     2.000
     0.000     1.000     1.000     0.000     1.000     1.000     1.000     1.000     1.000     0.000    74.410     0.157     0.676     0.000     0.118     0.048     2.000
     1.000     1.000     1.000     0.000     0.000     1.000     1.000     1.000     1.000     0.000    41.880     0.004     0.027     0.000     0.964     0.004     4.000
     1.000     1.000     1.000     0.000     1.000     1.000     1.000     1.000     1.000     1.000         *     0.005     0.788     0.000     0.191     0.017     2.000
     0.000     0.000     0.000     0.000     0.000     0.000     0.000     0.000     0.000     0.000    57.950     0.004     0.000     0.996     0.000     0.001     3.000
     0.000     1.000     0.000     1.000     0.000     0.000     0.000     1.000     1.000     1.000    39.380     0.440     0.003     0.092     0.011     0.453     5.000
     0.000     0.000     0.000     0.000     0.000     1.000     1.000     0.000     1.000     0.000    58.950     0.986     0.000     0.009     0.004     0.001     1.000
     1.000     1.000     1.000         *     1.000     1.000     1.000     1.000     1.000     0.000    74.970     0.001     0.954     0.000     0.035     0.009     2.000
     0.000     0.000     0.000     0.000     1.000     1.000     1.000     1.000     1.000     1.000    52.630     0.996     0.002     0.000     0.001     0.001     1.000
     0.000     0.000     1.000     1.000     1.000     1.000     1.000     1.000     0.000     1.000    71.400     0.721     0.086     0.002     0.001     0.190     1.000
     1.000     0.000     0.000     1.000     1.000     1.000     0.000     1.000     1.000     1.000    44.410     0.670     0.210     0.002     0.006     0.112     1.000
     1.000     1.000     1.000     1.000     1.000     0.000     0.000     1.000     1.000     1.000         *     0.001     0.319     0.000     0.004     0.676     5.000
     0.000     0.000     0.000     0.000     0.000     0.000     1.000     0.000     0.000     1.000         *     0.089     0.000     0.908     0.000     0.004     3.000
     1.000     0.000     0.000     0.000     1.000     1.000     1.000     1.000     1.000     1.000    48.640     0.879     0.052     0.000     0.062     0.007     1.000
     1.000     1.000     1.000     1.000     1.000     1.000     0.000     1.000     1.000     0.000         *     0.001     0.918     0.000     0.006     0.075     2.000
         *     0.000     1.000     0.000     0.000     1.000     1.000     1.000     0.000     0.000         *     0.732     0.002     0.003     0.234     0.029     1.000
     1.000     1.000     1.000     1.000     1.000     1.000     1.000     1.000     1.000     1.000    78.670     0.000     0.986     0.000     0.006     0.008     2.000
     0.000     0.000     0.000     0.000     0.000     0.000     0.000     1.000     1.000     1.000    74.320     0.834     0.000     0.161     0.001     0.004     1.000
     0.000     0.000     0.000     1.000     0.000     1.000     0.000     1.000     0.000     1.000    79.270     0.807     0.000     0.173     0.000     0.020     1.000
     1.000     0.000     1.000     0.000     1.000     0.000     1.000     0.000     0.000     1.000    63.870     0.047     0.001     0.106     0.004     0.842     5.000
     1.000     1.000     1.000     1.000     1.000     1.000     0.000     1.000     1.000     1.000    49.440     0.001     0.918     0.000     0.006     0.075     2.000
     1.000     1.000     1.000     0.000     0.000     1.000     1.000     1.000     1.000     0.000    41.140     0.004     0.027     0.000     0.964     0.004     4.000
     0.000     0.000     0.000     1.000     1.000     0.000     0.000     1.000     1.000     1.000    41.740     0.834     0.002     0.086     0.000     0.078     1.000
     1.000     1.000     1.000     0.000     1.000     1.000     0.000     1.000     1.000     0.000    60.260     0.012     0.670     0.000     0.171     0.148     2.000
     0.000     0.000     0.000     0.000     0.000     0.000     0.000     0.000     0.000     0.000    54.720     0.004     0.000     0.996     0.000     0.001     3.000
     1.000     1.000     1.000     1.000     1.000     1.000     0.000     1.000     1.000     0.000    67.340     0.001     0.918     0.000     0.006     0.075     2.000
     1.000     0.000     1.000     1.000     1.000     1.000     1.000     1.000     1.000     0.000         *     0.035     0.936     0.000     0.010     0.019     2.000
     0.000     0.000     0.000     1.000     1.000     1.000     1.000     1.000     0.000     1.000    54.970     0.968     0.004     0.005     0.000     0.022     1.000
     1.000     1.000     1.000     1.000     1.000     1.000     1.000     1.000     0.000     0.000    64.600     0.002     0.780     0.000     0.009     0.208     2.000
     1.000     1.000     1.000     1.000     1.000     1.000     1.000     1.000     1.000     0.000    67.980     0.000     0.986     0.000     0.006     0.008     2.000
     0.000     0.000     0.000     0.000     0.000     1.000     1.000     0.000     0.000     1.000         *     0.735     0.000     0.259     0.001     0.005     1.000
     1.000     1.000     1.000     0.000     1.000     1.000     1.000     1.000     1.000     1.000    76.920     0.005     0.788     0.000     0.191     0.017     2.000
     1.000     1.000     1.000     1.000     1.000     1.000     1.000     0.000     0.000     0.000    81.390     0.001     0.163     0.000     0.004     0.831     5.000
     1.000     1.000     1.000         *     1.000     1.000     1.000     1.000     1.000     0.000    38.560     0.001     0.954     0.000     0.035     0.009     2.000
     0.000     1.000     0.000     0.000     0.000     0.000     0.000     0.000     0.000     0.000    36.440     0.003     0.000     0.982     0.000     0.015     3.000
     0.000     0.000     0.000     0.000     0.000     0.000     1.000     1.000     1.000     1.000    53.100     0.988     0.000     0.007     0.004     0.001     1.000
     1.000     1.000     1.000     1.000     1.000     1.000     1.000     1.000     1.000     0.000    65.140     0.000     0.986     0.000     0.006     0.008     2.000
     1.000     1.000     1.000     0.000     1.000     0.000     1.000     1.000     1.000     1.000    76.910     0.012     0.486     0.000     0.230     0.272     2.000
     1.000     1.000     1.000     1.000     1.000     1.000     1.000     1.000     1.000     1.000    42.220     0.000     0.986     0.000     0.006     0.008     2.000
     0.000     1.000     1.000     0.000     1.000     1.000     1.000     0.000     1.000     1.000    63.380     0.242     0.279     0.001     0.098     0.381     5.000
     0.000     1.000     0.000     1.000     0.000     0.000     1.000     1.000     1.000     1.000    81.710     0.722     0.015     0.006     0.048     0.208     1.000
     0.000     0.000     0.000     0.000     1.000     1.000     1.000     1.000     1.000     0.000    63.500     0.996     0.002     0.000     0.001     0.001     1.000
     1.000     1.000     1.000     0.000     1.000     0.000     0.000     1.000     1.000     0.000    45.370     0.010     0.137     0.001     0.068     0.784     5.000
     1.000     1.000     1.000     1.000     1.000     1.000     1.000     1.000     1.000     1.000    66.700     0.000     0.986     0.000     0.006     0.008     2.000
         *     0.000     0.000     1.000     1.000     0.000     1.000     0.000     1.000     0.000    62.320     0.649     0.008     0.086     0.001     0.256     1.000
     0.000     0.000     0.000     0.000     0.000     0.000     1.000     0.000     0.000     0.000    61.390     0.089     0.000     0.908     0.000     0.004     3.000
     1.000     1.000     1.000     1.000     1.000     1.000     1.000     1.000     1.000     0.000    63.130     0.000     0.986     0.000     0.006     0.008     2.000
     1.000     0.000     0.000     0.000     0.000     0.000     0.000     0.000     0.000     0.000    50.400     0.005     0.000     0.986     0.000     0.008     3.000
     0.000     0.000     0.000     0.000     1.000     0.000     0.000     0.000     1.000     0.000    47.480     0.183     0.000     0.802     0.000     0.016     3.000
     1.000     1.000     1.000     0.000     0.000     1.000     1.000     1.000     1.000     0.000    37.840     0.004     0.027     0.000     0.964     0.004     4.000
     0.000     0.000     1.000     1.000     1.000     1.000     1.000     1.000     1.000     1.000    58.420     0.573     0.398     0.000     0.003     0.026     1.000
     1.000     1.000     1.000     0.000     0.000     1.000     1.000     1.000     1.000     1.000    57.160     0.004     0.027     0.000     0.964     0.004     4.000
     1.000     0.000     1.000     1.000     1.000     1.000     0.000     0.000     0.000     0.000         *     0.017     0.007     0.028     0.000     0.947     5.000
     1.000     1.000     1.000     1.000     1.000     1.000     1.000     1.000     1.000     1.000    61.140     0.000     0.986     0.000     0.006     0.008     2.000
     1.000     0.000         *     1.000     0.000     1.000     1.000     0.000     0.000     0.000         *     0.298     0.006     0.049     0.042     0.605     5.000
     1.000     1.000     1.000     1.000     1.000     1.000     1.000     1.000     1.000     0.000    73.160     0.000     0.986     0.000     0.006     0.008     2.000
     1.000     1.000     1.000     0.000     1.000     1.000     1.000     1.000     1.000     0.000         *     0.005     0.788     0.000     0.191     0.017     2.000
     1.000     1.000     1.000     1.000     1.000     1.000     1.000     1.000     1.000     1.000    59.150     0.000     0.986     0.000     0.006     0.008     2.000
     1.000     1.000     1.000     0.000     1.000     0.000     0.000     1.000     0.000     0.000    50.050     0.002     0.005     0.005     0.005     0.983     5.000
     1.000     0.000     0.000         *     1.000     1.000     1.000     1.000     1.000     1.000    36.600     0.720     0.225     0.000     0.041     0.014     1.000
     0.000     1.000     1.000     1.000     1.000     1.000     1.000     1.000     1.000     0.000    41.220     0.015     0.956     0.000     0.004     0.025     2.000
     0.000     1.000     1.000     1.000     1.000     0.000     1.000     1.000     1.000     1.000    72.150     0.035     0.569     0.000     0.005     0.392     2.000
     0.000     0.000     1.000     0.000     1.000     1.000     1.000     1.000     1.000     1.000    69.820     0.935     0.043     0.000     0.014     0.008     1.000
     1.000     1.000     1.000     1.000     1.000     1.000     0.000     1.000     0.000     0.000    46.680     0.002     0.267     0.000     0.003     0.728     5.000
     0.000     1.000     1.000     1.000     1.000     1.000     0.000     1.000     0.000     0.000    42.410     0.025     0.097     0.002     0.001     0.876     5.000
     0.000     1.000     0.000     0.000     0.000     0.000     0.000     0.000     0.000     1.000    50.380     0.003     0.000     0.982     0.000     0.015     3.000
     1.000     1.000     0.000     1.000     1.000     1.000     0.000     1.000     0.000     0.000         *     0.024     0.119     0.003     0.004     0.850     5.000
     1.000     0.000     1.000     0.000     1.000     1.000     1.000     0.000     0.000     0.000    66.380     0.246     0.020     0.019     0.037     0.678     5.000
     1.000     1.000     1.000     1.000     0.000     1.000     1.000     1.000     1.000     0.000         *     0.005     0.516     0.000     0.447     0.031     2.000
     1.000     1.000     1.000     0.000     0.000     0.000     0.000         *     1.000     0.000    75.160     0.013     0.006     0.007     0.468     0.506     5.000
     0.000     0.000     0.000     1.000         *     0.000     1.000     1.000     0.000     0.000    45.890     0.770     0.000     0.155     0.000     0.074     1.000
     1.000     1.000     1.000     1.000     1.000     1.000     1.000     1.000     1.000     1.000    75.090     0.000     0.986     0.000     0.006     0.008     2.000
     1.000     1.000     1.000     1.000     1.000     1.000     1.000     1.000     1.000     0.000         *     0.000     0.986     0.000     0.006     0.008     2.000
     1.000     1.000     1.000     0.000     0.000     1.000     1.000     1.000     1.000     1.000    55.590     0.004     0.027     0.000     0.964     0.004     4.000
     1.000     1.000     1.000     1.000     1.000     1.000     1.000     1.000     1.000     1.000    69.710     0.000     0.986     0.000     0.006     0.008     2.000
     1.000     1.000     1.000     0.000     0.000     1.000     0.000     0.000     0.000     0.000    52.400     0.008     0.001     0.031     0.121     0.839     5.000
     0.000     0.000     0.000     0.000     0.000     1.000     1.000     0.000     1.000     1.000    51.950     0.986     0.000     0.009     0.004     0.001     1.000
     1.000     1.000     1.000     0.000     0.000     0.000     0.000     0.000     1.000     1.000         *     0.007     0.001     0.020     0.146     0.826     5.000
     0.000     1.000     1.000     1.000     1.000     1.000     1.000     1.000     1.000     0.000    78.790     0.015     0.956     0.000     0.004     0.025     2.000
     1.000     1.000     1.000     1.000     1.000     1.000     1.000     1.000     1.000     0.000    69.700     0.000     0.986     0.000     0.006     0.008     2.000
     1.000     1.000     1.000     0.000     1.000     1.000     1.000     1.000     1.000     0.000    63.470     0.005     0.788     0.000     0.191     0.017     2.000
     1.000     0.000     1.000     0.000     0.000     1.000     1.000     1.000     1.000     0.000    50.550     0.179     0.012     0.000     0.804     0.005     4.000
     1.000     1.000     1.000     1.000     1.000     1.000     1.000     1.000     1.000     0.000    67.090     0.000     0.986     0.000     0.006     0.008     2.000
     1.000     0.000     1.000     0.000     0.000     1.000     1.000     1.000     1.000     1.000         *     0.179     0.012     0.000     0.804     0.005     4.000
     1.000     1.000     1.000     1.000     1.000     1.000     1.000     1.000     1.000     0.000    53.410     0.000     0.986     0.000     0.006     0.008     2.000
     1.000     1.000     1.000     1.000     1.000     1.000     1.000     1.000     1.000     1.000    78.190     0.000     0.986     0.000     0.006     0.008     2.000
     1.000     1.000     1.000     1.000     1.000     1.000     1.000     1.000     1.000     1.000    57.550     0.000     0.986     0.000     0.006     0.008     2.000
     0.000     0.000     1.000     0.000     0.000     1.000     0.000     0.000     0.000     1.000    76.090     0.185     0.000     0.768     0.001     0.046     3.000
     0.000     1.000     1.000     0.000     1.000     0.000     0.000     0.000     1.000     0.000    47.590     0.025     0.003     0.066     0.002     0.905     5.000
     1.000     1.000     1.000     1.000     1.000     1.000     1.000     0.000     0.000     0.000    74.360     0.001     0.163     0.000     0.004     0.831     5.000
     1.000     1.000     1.000     1.000     1.000     0.000     1.000     1.000     1.000     1.000    69.170     0.001     0.819     0.000     0.009     0.170     2.000
     1.000     1.000     1.000     0.000     1.000     1.000     1.000     1.000     1.000     1.000    73.440     0.005     0.788     0.000     0.191     0.017     2.000
     1.000     0.000     0.000     1.000     1.000     1.000     1.000     1.000     1.000     1.000    63.210     0.508     0.455     0.000     0.013     0.024     1.000
     1.000     1.000     1.000     0.000     0.000     1.000     1.000     1.000     1.000     0.000         *     0.004     0.027     0.000     0.964     0.004     4.000
     1.000     1.000     1.000     1.000     1.000     1.000     1.000     0.000     1.000     1.000    48.310     0.001     0.858     0.000     0.010     0.130     2.000
     0.000     1.000     1.000     0.000     1.000     1.000     0.000     1.000     1.000     1.000         *     0.257     0.387     0.001     0.071     0.284     2.000
     0.000     1.000     1.000     0.000     0.000     1.000     1.000     1.000     1.000     0.000    65.440     0.182     0.030     0.000     0.771     0.016     4.000
     1.000     0.000     1.000     1.000     1.000     0.000     0.000     0.000     0.000     1.000         *     0.002     0.000     0.116     0.000     0.881     5.000
     1.000     1.000     1.000     0.000     1.000     1.000     1.000     1.000     1.000     0.000    78.340     0.005     0.788     0.000     0.191     0.017     2.000
     1.000     0.000     1.000     0.000     1.000     1.000     0.000     0.000     0.000     1.000    48.230     0.077     0.002     0.154     0.004     0.762     5.000
     1.000     1.000     1.000     1.000     1.000     1.000     0.000     1.000     1.000     0.000         *     0.001     0.918     0.000     0.006     0.075     2.000
     1.000     1.000     1.000     1.000     1.000     1.000     1.000     0.000     1.000     1.000         *     0.001     0.858     0.000     0.010     0.130     2.000
     1.000     1.000     1.000     1.000     1.000     0.000     0.000     1.000     0.000     0.000         *     0.000     0.014     0.001     0.000     0.985     5.000
     0.000     1.000     1.000     0.000     1.000     1.000     1.000     1.000     1.000     0.000    82.890     0.157     0.676     0.000     0.118     0.048     2.000
     0.000     0.000     0.000     0.000     1.000     0.000     0.000     0.000     1.000     0.000         *     0.183     0.000     0.802     0.000     0.016     3.000
     1.000     1.000     1.000     1.000     1.000     1.000     1.000     0.000     0.000     0.000    73.730     0.001     0.163     0.000     0.004     0.831     5.000
     1.000     1.000     1.000     1.000     1.000     1.000     1.000     1.000     1.000     1.000    64.530     0.000     0.986     0.000     0.006     0.008     2.000
     0.000     1.000     1.000     1.000     1.000     1.000     1.000     1.000     0.000     1.000    56.740     0.045     0.504     0.000     0.004     0.447     2.000
     0.000     0.000     1.000     1.000     1.000     1.000     0.000     1.000     1.000     1.000    59.540     0.709     0.172     0.001     0.001     0.116     1.000
     1.000     1.000     1.000     0.000     0.000     1.000     1.000     1.000     1.000     0.000         *     0.004     0.027     0.000     0.964     0.004     4.000
     1.000     1.000     1.000     1.000     1.000         *     1.000     1.000     1.000     1.000    49.710     0.000     0.973     0.000     0.006     0.020     2.000
     1.000     0.000     1.000     0.000     0.000     1.000     0.000     1.000     1.000     1.000    51.690     0.359     0.008     0.001     0.596     0.035     4.000
     0.000     1.000     1.000     1.000     1.000     1.000     0.000     1.000     1.000     0.000    80.210     0.033     0.758     0.000     0.003     0.205     2.000
     1.000     1.000     1.000     1.000     1.000     1.000     1.000     1.000     1.000     0.000    68.650     0.000     0.986     0.000     0.006     0.008     2.000
     1.000     1.000     0.000         *     1.000     1.000     1.000     1.000     1.000     0.000    66.480     0.029     0.865     0.000     0.083     0.022     2.000
     1.000     1.000     1.000     0.000     1.000     1.000     1.000     1.000     1.000     0.000    73.470     0.005     0.788     0.000     0.191     0.017     2.000
     1.000     1.000     1.000     0.000     1.000     1.000     1.000     1.000     1.000     0.000    63.600     0.005     0.788     0.000     0.191     0.017     2.000
     0.000     1.000     0.000     0.000     0.000     0.000     0.000     0.000     0.000     0.000    47.950     0.003     0.000     0.982     0.000     0.015     3.000
     1.000     0.000     1.000     0.000     0.000     1.000     1.000     1.000     1.000     1.000    41.000     0.179     0.012     0.000     0.804     0.005     4.000
     1.000     0.000     1.000     0.000     0.000     0.000     0.000     1.000     1.000     0.000    45.110     0.398     0.002     0.026     0.322     0.252     1.000
     0.000     0.000     0.000     0.000     1.000     1.000     1.000     1.000     1.000     1.000         *     0.996     0.002     0.000     0.001     0.001     1.000
     1.000     0.000     1.000     0.000     1.000     1.000     0.000     0.000     1.000     0.000         *     0.324     0.053     0.016     0.051     0.556     5.000
     0.000     0.000     0.000     0.000     0.000     0.000     0.000     0.000     0.000     1.000    54.010     0.004     0.000     0.996     0.000     0.001     3.000
     1.000     1.000     1.000     1.000     0.000     1.000     0.000     1.000     1.000     0.000    65.240     0.012     0.390     0.000     0.356     0.243     2.000
     0.000     0.000     0.000     0.000     1.000     0.000     0.000     1.000     0.000     1.000         *     0.164     0.000     0.821     0.000     0.016     3.000
     1.000     1.000     1.000     1.000     1.000     0.000     1.000     1.000     1.000     1.000         *     0.001     0.819     0.000     0.009     0.170     2.000
     1.000     1.000     1.000     1.000     1.000     0.000     1.000     1.000     1.000     0.000    57.190     0.001     0.819     0.000     0.009     0.170     2.000
     1.000     1.000     1.000     1.000     1.000     1.000     0.000     1.000     1.000     1.000         *     0.001     0.918     0.000     0.006     0.075     2.000
     0.000     1.000     1.000     1.000     1.000     0.000     0.000     1.000     0.000     1.000    55.690     0.004     0.004     0.011     0.000     0.981     5.000
     0.000     0.000     0.000     1.000     1.000     1.000     0.000     0.000     1.000     1.000         *     0.834     0.002     0.103     0.000     0.062     1.000
     0.000     1.000     0.000     0.000         *     1.000     1.000     0.000     1.000     0.000    33.790     0.808     0.016     0.008     0.096     0.072     1.000
     1.000     1.000     1.000     1.000     1.000     1.000     1.000     1.000     1.000     1.000         *     0.000     0.986     0.000     0.006     0.008     2.000
     1.000     1.000     1.000     1.000     1.000     1.000         *     1.000     1.000     1.000    65.610     0.000     0.976     0.000     0.006     0.018     2.000
     1.000     1.000     1.000         *     1.000     1.000     0.000     1.000     1.000     1.000    43.330     0.003     0.876     0.000     0.034     0.087     2.000
     1.000     1.000     1.000     1.000     1.000     1.000     1.000     1.000     1.000     1.000    66.720     0.000     0.986     0.000     0.006     0.008     2.000
     1.000     1.000     1.000     0.000     1.000     1.000     1.000     1.000     0.000     1.000    52.500     0.016     0.443     0.000     0.221     0.320     2.000
     0.000     0.000     1.000     0.000     0.000     0.000         *     1.000     1.000     1.000    55.610     0.915     0.000     0.028     0.030     0.026     1.000
     1.000     1.000     1.000     1.000     1.000     1.000     1.000     1.000     1.000     0.000    69.080     0.000     0.986     0.000     0.006     0.008     2.000
     0.000     1.000     1.000     1.000     1.000     1.000     1.000     0.000     1.000     1.000    68.990     0.036     0.636     0.000     0.005     0.322     2.000
     1.000     1.000     1.000     1.000     1.000     0.000     0.000     1.000     1.000     0.000    46.320     0.001     0.319     0.000     0.004     0.676     5.000
     1.000     1.000     1.000     0.000     0.000     1.000     0.000     1.000     0.000     0.000    44.670     0.019     0.007     0.002     0.562     0.409     4.000
     0.000     1.000     1.000     1.000     1.000     1.000     1.000     1.000     1.000     1.000    74.830     0.015     0.956     0.000     0.004     0.025     2.000
     1.000     1.000     1.000     1.000     1.000     1.000     1.000     1.000     1.000     0.000    68.930     0.000     0.986     0.000     0.006     0.008     2.000
     1.000     1.000     1.000     1.000     1.000     1.000     1.000     1.000     1.000     1.000    50.990     0.000     0.986     0.000     0.006     0.008     2.000
     1.000     1.000     1.000     1.000     1.000     0.000     0.000     1.000     1.000     1.000         *     0.001     0.319     0.000     0.004     0.676     5.000
     1.000     1.000     1.000     1.000     1.000     1.000     0.000     1.000     1.000     1.000    53.340     0.001     0.918     0.000     0.006     0.075     2.000
     0.000     0.000     1.000     0.000     0.000     1.000     1.000     1.000     1.000     1.000         *     0.918     0.002     0.000     0.078     0.002     1.000
     1.000     0.000     1.000     1.000     1.000     0.000         *     0.000     0.000     1.000    60.300     0.005     0.001     0.082     0.000     0.912     5.000
     1.000     0.000     0.000     1.000     0.000     1.000     1.000     1.000     1.000     1.000         *     0.837     0.029     0.000     0.122     0.011     1.000
     1.000     1.000     1.000     1.000     1.000     1.000     1.000     1.000     1.000     1.000         *     0.000     0.986     0.000     0.006     0.008     2.000
     1.000     1.000     1.000     0.000     0.000         *     0.000     0.000     0.000     0.000         *     0.004     0.000     0.102     0.049     0.845     5.000
     1.000     1.000     1.000     1.000     1.000     1.000     0.000     1.000     1.000     0.000    78.550     0.001     0.918     0.000     0.006     0.075     2.000
     1.000     1.000     1.000     1.000     1.000     0.000     0.000     1.000     0.000     0.000    72.040     0.000     0.014     0.001     0.000     0.985     5.000
     1.000     1.000     1.000     1.000     0.000     1.000     0.000     1.000     1.000     1.000    55.350     0.012     0.390     0.000     0.356     0.243     2.000
     1.000     1.000     1.000     0.000     0.000     1.000     1.000     1.000     1.000     1.000         *     0.004     0.027     0.000     0.964     0.004     4.000
     0.000     0.000     0.000     0.000     0.000     1.000     0.000     0.000     0.000     0.000    58.400     0.099     0.000     0.899     0.000     0.002     3.000
     1.000     1.000     1.000     1.000     1.000     1.000     1.000     1.000     1.000     0.000    57.270     0.000     0.986     0.000     0.006     0.008     2.000
     1.000     1.000     1.000     1.000     1.000     1.000     1.000     1.000     1.000     0.000    78.510     0.000     0.986     0.000     0.006     0.008     2.000
     0.000     1.000     1.000     1.000     1.000     1.000     1.000     1.000     1.000     0.000    47.440     0.015     0.956     0.000     0.004     0.025     2.000
     1.000     1.000     1.000     0.000     0.000     1.000     0.000     1.000     0.000     0.000    50.330     0.019     0.007     0.002     0.562     0.409     4.000
     1.000     1.000     1.000     1.000     1.000     1.000     1.000     1.000     1.000     0.000    57.410     0.000     0.986     0.000     0.006     0.008     2.000
     1.000     0.000     1.000     1.000     1.000     1.000     0.000     1.000     1.000     0.000    63.610     0.081     0.756     0.000     0.009     0.154     2.000
     0.000     1.000     1.000     1.000     1.000     1.000     1.000     1.000     1.000     1.000    66.740     0.015     0.956     0.000     0.004     0.025     2.000
     0.000     0.000     0.000     0.000     0.000     1.000     1.000     1.000     0.000     1.000    73.860     0.986     0.000     0.010     0.003     0.001     1.000
     1.000     1.000     1.000     0.000     0.000     0.000     0.000     1.000     1.000     1.000    62.050     0.015     0.008     0.001     0.611     0.364     4.000
     0.000     1.000     1.000     1.000     1.000     0.000     0.000     0.000     0.000     1.000    44.240     0.001     0.000     0.068     0.000     0.931     5.000
     1.000     1.000     1.000     0.000     0.000     1.000     1.000     1.000     1.000     0.000    40.170     0.004     0.027     0.000     0.964     0.004     4.000
     1.000     1.000     1.000     1.000     1.000     0.000     0.000     1.000     1.000     1.000         *     0.001     0.319     0.000     0.004     0.676     5.000
     1.000     1.000     1.000     1.000     0.000     1.000     1.000     1.000     1.000     0.000    53.310     0.005     0.516     0.000     0.447     0.031     2.000
     1.000     1.000     1.000     1.000     1.000     1.000     0.000     1.000     0.000     1.000    67.100     0.002     0.267     0.000     0.003     0.728     5.000
     1.000     1.000     1.000     1.000     1.000     1.000     1.000     0.000     0.000     1.000    61.120     0.001     0.163     0.000     0.004     0.831     5.000
     0.000     0.000     1.000     1.000     1.000     1.000     0.000     0.000     1.000     1.000    60.750     0.510     0.033     0.029     0.001     0.428     1.000
     0.000     1.000     1.000     1.000     1.000     1.000     1.000     1.000     1.000     0.000    66.830     0.015     0.956     0.000     0.004     0.025     2.000
     1.000     1.000     1.000     1.000     1.000     1.000     0.000     1.000     0.000     0.000    44.470     0.002     0.267     0.000     0.003     0.728     5.000
     0.000     1.000     0.000     1.000     1.000     1.000     0.000     1.000     1.000     0.000    60.230     0.429     0.331     0.002     0.004     0.234     1.000
     1.000     1.000     1.000     1.000     1.000     1.000     1.000     1.000     1.000     1.000    84.740     0.000     0.986     0.000     0.006     0.008     2.000
     1.000     1.000     0.000     1.000     1.000     0.000     1.000     1.000     0.000     0.000    72.040     0.014     0.051     0.002     0.003     0.929     5.000
     1.000     1.000     1.000     1.000     1.000     1.000     1.000     1.000     1.000     0.000    38.850     0.000     0.986     0.000     0.006     0.008     2.000
     1.000     1.000     0.000     1.000     1.000     1.000     0.000     1.000     1.000     1.000    51.010     0.027     0.792     0.000     0.013     0.169     2.000
     1.000     1.000     1.000     1.000     1.000     1.000     1.000     1.000     1.000     1.000         *     0.000     0.986     0.000     0.006     0.008     2.000
     0.000     0.000     0.000     0.000     0.000     0.000     0.000     0.000     0.000     1.000    42.410     0.004     0.000     0.996     0.000     0.001     3.000
     1.000     0.000     1.000     1.000     1.000     0.000     1.000     1.000     1.000     0.000    64.590     0.089     0.591     0.000     0.013     0.306     2.000
     1.000     1.000     1.000     0.000     0.000         *     1.000     1.000     0.000     1.000    50.500     0.012     0.011     0.000     0.825     0.153     4.000
     1.000     1.000     1.000     1.000     1.000     1.000     1.000     1.000     1.000     0.000    64.420     0.000     0.986     0.000     0.006     0.008     2.000
     1.000     0.000     0.000     0.000     0.000     1.000     1.000     1.000     0.000     1.000    44.760     0.861     0.000     0.006     0.120     0.012     1.000
     0.000     1.000     0.000     1.000     0.000     1.000     1.000     1.000     0.000     0.000    66.710     0.752     0.011     0.008     0.037     0.192     1.000
     1.000     1.000     1.000     1.000     1.000     0.000     1.000     1.000     0.000     1.000         *     0.001     0.126     0.000     0.003     0.870     5.000
     0.000     0.000     0.000     1.000     1.000     0.000     0.000     0.000     0.000     1.000         *     0.007     0.000     0.974     0.000     0.019     3.000
     1.000     1.000     1.000     0.000     0.000     1.000     1.000     1.000     1.000     0.000    59.340     0.004     0.027     0.000     0.964     0.004     4.000
     1.000     1.000     0.000     1.000     1.000     1.000     1.000     1.000     1.000     1.000    80.540     0.011     0.954     0.000     0.015     0.020     2.000
     0.000     0.000     0.000     1.000     1.000     1.000     0.000     1.000     1.000     1.000    55.420     0.974     0.008     0.003     0.000     0.014     1.000
     1.000     1.000     1.000     1.000     1.000     1.000     1.000     1.000     1.000     0.000    45.890     0.000     0.986     0.000     0.006     0.008     2.000
     0.000     0.000     0.000     0.000     1.000     1.000     1.000     1.000         *     1.000         *     0.994     0.001     0.002     0.001     0.001     1.000
     1.000     1.000     1.000     1.000     1.000     1.000     1.000     1.000     1.000     0.000    76.630     0.000     0.986     0.000     0.006     0.008     2.000
     1.000     1.000     1.000     1.000     1.000     1.000     0.000     1.000     1.000     0.000    53.860     0.001     0.918     0.000     0.006     0.075     2.000
     1.000     1.000     1.000     0.000     1.000     1.000     1.000     1.000     1.000     1.000    77.130     0.005     0.788     0.000     0.191     0.017     2.000
     0.000     0.000     0.000     1.000     1.000     1.000     1.000     1.000     1.000     1.000    58.550     0.973     0.023     0.000     0.000     0.004     1.000
     0.000     0.000     1.000     0.000     0.000     1.000     1.000     1.000     1.000     0.000    56.550     0.918     0.002     0.000     0.078     0.002     1.000
     0.000     0.000     0.000     0.000     0.000     1.000     1.000     1.000     1.000     1.000    66.120     0.992     0.000     0.000     0.007     0.000     1.000
     0.000     1.000     0.000     0.000     1.000     0.000     0.000     0.000     0.000     1.000    53.150     0.004     0.000     0.922     0.000     0.074     3.000
     1.000     1.000     1.000     0.000     1.000     0.000     1.000     0.000     0.000     1.000         *     0.001     0.003     0.004     0.005     0.986     5.000
     0.000     1.000     1.000     1.000     1.000     0.000     1.000     1.000     1.000     1.000    55.740     0.035     0.569     0.000     0.005     0.392     2.000
     0.000     0.000     0.000         *     0.000     1.000     1.000     1.000     1.000     1.000    63.850     0.993     0.000     0.000     0.006     0.001     1.000
     0.000     0.000     0.000     0.000     0.000     0.000     0.000     0.000     0.000     0.000         *     0.004     0.000     0.996     0.000     0.001     3.000
     1.000     1.000     1.000     1.000     1.000     1.000     1.000     1.000     1.000     1.000    68.970     0.000     0.986     0.000     0.006     0.008     2.000
     0.000     1.000     1.000     0.000     1.000     1.000     1.000     1.000     1.000     0.000    81.040     0.157     0.676     0.000     0.118     0.048     2.000
     0.000     0.000     0.000     1.000     1.000     0.000     0.000     0.000     0.000     0.000    29.330     0.007     0.000     0.974     0.000     0.019     3.000
     1.000     1.000     1.000     0.000     0.000     1.000     0.000     0.000     0.000     1.000    52.410     0.008     0.001     0.031     0.121     0.839     5.000
     1.000     0.000     0.000     1.000     1.000     0.000     1.000     1.000     1.000     1.000    62.590     0.649     0.145     0.002     0.008     0.196     1.000
     0.000     1.000     1.000     1.000     1.000     1.000     1.000     1.000     1.000     1.000    62.280     0.015     0.956     0.000     0.004     0.025     2.000
     1.000     1.000     1.000     1.000     1.000     1.000     0.000     1.000     1.000     0.000    66.290     0.001     0.918     0.000     0.006     0.075     2.000
     1.000     1.000     1.000     1.000     0.000     1.000     0.000     1.000     1.000     0.000    47.940     0.012     0.390     0.000     0.356     0.243     2.000
     1.000     1.000     1.000     1.000     1.000     1.000     0.000     1.000     0.000     0.000    41.700     0.002     0.267     0.000     0.003     0.728     5.000
     1.000     1.000     1.000     1.000     1.000     0.000         *     1.000     1.000     1.000    65.430     0.001     0.669     0.000     0.008     0.322     2.000
     1.000     1.000     1.000     0.000     1.000     1.000     1.000     1.000     1.000     1.000    61.540     0.005     0.788     0.000     0.191     0.017     2.000
     1.000     1.000     1.000     1.000     1.000     1.000     1.000     1.000     1.000     0.000    60.700     0.000     0.986     0.000     0.006     0.008     2.000
     0.000     0.000     0.000     0.000     0.000     1.000     1.000     1.000     0.000     1.000    66.910     0.986     0.000     0.010     0.003     0.001     1.000
     1.000     1.000     1.000     0.000     0.000     1.000     1.000     1.000     1.000     0.000    76.640     0.004     0.027     0.000     0.964     0.004     4.000
     0.000     1.000     1.000     1.000     1.000     1.000     1.000     0.000     1.000     1.000    40.690     0.036     0.636     0.000     0.005     0.322     2.000
     0.000     0.000     0.000     0.000     1.000     0.000     1.000     1.000     1.000     1.000    39.480     0.989     0.000     0.005     0.001     0.005     1.000
     0.000     0.000     0.000     0.000     1.000     1.000     1.000     1.000     0.000     0.000         *     0.989     0.000     0.007     0.000     0.004     1.000
     0.000     1.000     1.000     1.000     0.000     0.000     1.000     1.000     1.000     0.000    64.240     0.177     0.110     0.001     0.135     0.578     5.000
     1.000     1.000     1.000     1.000     1.000     0.000     0.000     0.000     1.000     0.000    53.100     0.000     0.024     0.001     0.001     0.974     5.000
     0.000     1.000     1.000     0.000     1.000     1.000     0.000     1.000     1.000     0.000    74.250     0.257     0.387     0.001     0.071     0.284     2.000
     0.000     0.000     0.000     0.000     1.000     0.000     0.000     1.000     0.000     0.000    64.440     0.164     0.000     0.821     0.000     0.016     3.000
     1.000     1.000     1.000     1.000     1.000     1.000     1.000     1.000     1.000     1.000         *     0.000     0.986     0.000     0.006     0.008     2.000
     1.000     1.000     1.000     1.000     1.000     1.000     1.000     1.000     1.000     1.000    74.870     0.000     0.986     0.000     0.006     0.008     2.000
     1.000     1.000     1.000     1.000     1.000     1.000     1.000     1.000     1.000     0.000    37.230     0.000     0.986     0.000     0.006     0.008     2.000
     1.000     1.000     1.000     0.000     1.000     0.000     1.000     1.000     0.000     1.000         *     0.007     0.048     0.001     0.047     0.898     5.000
     0.000     0.000     1.000     1.000     1.000     1.000     1.000     1.000     1.000     0.000    33.460     0.573     0.398     0.000     0.003     0.026     1.000
     1.000     0.000     1.000     0.000     1.000     1.000     1.000     1.000     1.000     1.000    75.850     0.274     0.480     0.000     0.220     0.026     2.000
     1.000     1.000     1.000     0.000     1.000     1.000     1.000     1.000     1.000     0.000    42.590     0.005     0.788     0.000     0.191     0.017     2.000
     1.000     1.000     1.000     0.000     0.000     1.000     1.000     1.000     1.000     0.000    69.200     0.004     0.027     0.000     0.964     0.004     4.000
     0.000     0.000     1.000     0.000     1.000     0.000     0.000     1.000     0.000     1.000    57.960     0.228     0.000     0.524     0.000     0.248     3.000
     0.000     0.000     0.000     1.000     1.000     0.000     0.000         *     1.000     0.000    35.980     0.544     0.001     0.369     0.000     0.086     1.000
     0.000     0.000     1.000     1.000     1.000     1.000     1.000     0.000     0.000     1.000    41.790     0.406     0.013     0.035     0.000     0.546     5.000
     1.000     1.000     1.000     1.000     1.000     0.000     1.000     1.000     1.000     0.000    64.880     0.001     0.819     0.000     0.009     0.170     2.000
     0.000     1.000     1.000     1.000     1.000     1.000     1.000     1.000     1.000     0.000         *     0.015     0.956     0.000     0.004     0.025     2.000
     0.000     0.000     1.000     0.000     0.000     1.000     1.000     1.000     0.000     1.000    54.150     0.954     0.000     0.004     0.029     0.013     1.000
     0.000     1.000     1.000     1.000     1.000     1.000         *     1.000     1.000     0.000         *     0.018     0.921     0.000     0.004     0.057     2.000
     1.000     1.000     1.000     0.000     0.000     1.000     1.000     1.000     1.000     1.000    73.450     0.004     0.027     0.000     0.964     0.004     4.000
     1.000     1.000     1.000     0.000     1.000     1.000     0.000     0.000     1.000     0.000    44.790     0.011     0.173     0.001     0.088     0.726     5.000
     0.000     0.000     0.000     0.000     0.000     0.000     0.000     0.000     0.000     0.000         *     0.004     0.000     0.996     0.000     0.001     3.000
     1.000     1.000     0.000     1.000     1.000     1.000     1.000     1.000     1.000     1.000    68.980     0.011     0.954     0.000     0.015     0.020     2.000
     1.000     0.000     0.000     0.000     1.000     1.000     0.000     1.000     0.000     1.000         *     0.764     0.003     0.096     0.007     0.130     1.000
     0.000     1.000     1.000     1.000     1.000     0.000     1.000     1.000     1.000     1.000    70.730     0.035     0.569     0.000     0.005     0.392     2.000
     1.000     1.000     1.000     1.000     1.000     1.000     1.000     1.000     1.000     1.000    56.560     0.000     0.986     0.000     0.006     0.008     2.000
     1.000     1.000     1.000     1.000     1.000     0.000     0.000     0.000     0.000     0.000    55.230     0.000     0.001     0.005     0.000     0.995     5.000
     0.000     0.000         *     0.000     0.000     1.000     0.000     0.000     0.000     1.000    44.870     0.122     0.000     0.864     0.000     0.014     3.000
     0.000     0.000     1.000     0.000     1.000     0.000     0.000     1.000     0.000     1.000    63.430     0.228     0.000     0.524     0.000     0.248     3.000
     1.000     0.000     1.000     1.000     1.000     1.000     1.000     1.000     1.000     1.000    74.470     0.035     0.936     0.000     0.010     0.019     2.000
     1.000     1.000     1.000     0.000     0.000     1.000     1.000     1.000     1.000     0.000    68.490     0.004     0.027     0.000     0.964     0.004     4.000
     1.000     1.000     1.000     1.000     1.000     1.000     1.000     1.000     1.000     1.000         *     0.000     0.986     0.000     0.006     0.008     2.000
     0.000     1.000     1.000     1.000     1.000     1.000     1.000     1.000     1.000     1.000    68.880     0.015     0.956     0.000     0.004     0.025     2.000
     1.000     1.000     1.000     1.000     0.000     1.000     0.000     1.000     0.000     0.000    39.580     0.007     0.042     0.001     0.079     0.871     5.000
     1.000     1.000     1.000     1.000     1.000     1.000     1.000     1.000     1.000     1.000    68.680     0.000     0.986     0.000     0.006     0.008     2.000
     1.000     1.000     1.000     1.000     1.000     0.000     0.000     0.000     0.000     1.000    57.320     0.000     0.001     0.005     0.000     0.995     5.000
     1.000     1.000     1.000         *     1.000     1.000     1.000     1.000     1.000     0.000    74.030     0.001     0.954     0.000     0.035     0.009     2.000
     0.000     0.000     1.000     0.000     0.000     0.000     1.000     1.000     1.000     0.000    50.970     0.943     0.000     0.003     0.039     0.015     1.000
     0.000     0.000     0.000     0.000     0.000     0.000     0.000     0.000     1.000     0.000    38.890     0.130     0.000     0.867     0.000     0.003     3.000
     1.000     1.000     1.000     1.000     1.000     1.000     1.000     0.000     0.000     1.000    85.200     0.001     0.163     0.000     0.004     0.831     5.000
     1.000     1.000     1.000     1.000         *     0.000     0.000     0.000     0.000     1.000    61.720     0.000     0.001     0.009     0.000     0.990     5.000
     1.000     1.000     1.000     0.000     0.000     1.000     1.000     1.000     1.000     1.000    61.370     0.004     0.027     0.000     0.964     0.004     4.000
     1.000     1.000     0.000     0.000     0.000     1.000     1.000     1.000     1.000     0.000    73.000     0.048     0.010     0.000     0.938     0.004     4.000
     0.000     0.000     1.000     0.000     1.000     0.000     0.000     0.000     0.000     1.000    66.680     0.012     0.000     0.924     0.000     0.065     3.000
     1.000     1.000     1.000     1.000     1.000     1.000     1.000     1.000     1.000     0.000         *     0.000     0.986     0.000     0.006     0.008     2.000
     0.000     0.000     0.000     1.000     1.000     0.000     0.000     1.000     0.000     0.000    45.240     0.178     0.000     0.727     0.000     0.095     3.000
     1.000     1.000     1.000     1.000     1.000     1.000     1.000     1.000     1.000     1.000    71.300     0.000     0.986     0.000     0.006     0.008     2.000
     0.000     0.000     1.000     1.000     1.000     0.000     1.000     0.000     0.000     0.000         *     0.082     0.001     0.206     0.000     0.712     5.000
     0.000     0.000     1.000     1.000     1.000     1.000     1.000     1.000     0.000     1.000         *     0.721     0.086     0.002     0.001     0.190     1.000
     1.000     1.000         *     1.000     0.000     0.000     1.000     1.000     0.000     1.000         *     0.009     0.016     0.002     0.060     0.913     5.000
     1.000     1.000     0.000     1.000     0.000     1.000     1.000     0.000     0.000     0.000    67.170     0.056     0.008     0.016     0.077     0.842     5.000
     0.000     1.000     1.000     1.000     1.000     0.000     0.000     0.000     0.000     0.000    67.640     0.001     0.000     0.068     0.000     0.931     5.000
     1.000     1.000     1.000     0.000     0.000     1.000     1.000     1.000     1.000     1.000    42.190     0.004     0.027     0.000     0.964     0.004     4.000
     1.000     0.000     0.000     1.000     1.000     1.000     0.000     1.000     1.000     1.000    51.900     0.670     0.210     0.002     0.006     0.112     1.000
     1.000     1.000     0.000     0.000     0.000     0.000     0.000     0.000     0.000     0.000         *     0.003     0.000     0.801     0.002     0.194     3.000
     1.000     1.000     1.000     1.000     1.000     1.000     0.000     1.000     0.000     1.000         *     0.002     0.267     0.000     0.003     0.728     5.000
     0.000     0.000     1.000     1.000     1.000     1.000     1.000     1.000     1.000     1.000    66.520     0.573     0.398     0.000     0.003     0.026     1.000
     0.000     1.000     0.000     1.000     0.000     1.000     0.000     0.000     1.000     1.000    53.370     0.477     0.004     0.119     0.013     0.388     1.000
     0.000     0.000     0.000     0.000     0.000     0.000     0.000     0.000     0.000     0.000    41.120     0.004     0.000     0.996     0.000     0.001     3.000
     1.000     1.000     1.000     0.000     0.000     1.000     1.000     0.000     1.000     1.000    53.500     0.008     0.013     0.000     0.938     0.041     4.000
     1.000     1.000     0.000     0.000     0.000     0.000     0.000     1.000     0.000     1.000    67.330     0.046     0.000     0.340     0.058     0.556     5.000
     1.000     1.000     1.000     0.000     1.000     1.000     1.000     1.000     1.000     0.000    42.570     0.005     0.788     0.000     0.191     0.017     2.000
     1.000     0.000     1.000     1.000     1.000     1.000     0.000     1.000     1.000     0.000    64.570     0.081     0.756     0.000     0.009     0.154     2.000
     0.000     0.000     0.000     0.000     0.000     0.000     0.000     0.000     0.000     1.000    67.660     0.004     0.000     0.996     0.000     0.001     3.000
     1.000     1.000     0.000     0.000     0.000     0.000     0.000     1.000     0.000     0.000    34.030     0.046     0.000     0.340     0.058     0.556     5.000
     1.000     1.000     1.000     0.000     1.000     1.000     1.000     1.000     1.000     0.000    44.630     0.005     0.788     0.000     0.191     0.017     2.000
     1.000     1.000     1.000     1.000     1.000     1.000     1.000     1.000     1.000     0.000         *     0.000     0.986     0.000     0.006     0.008     2.000
     1.000     1.000         *     0.000     0.000     1.000         *         *         *     0.000    52.500     0.015     0.022     0.002     0.919     0.044     4.000
     1.000     1.000     1.000         *     0.000     1.000     0.000     1.000     1.000     0.000    64.930     0.011     0.132     0.000     0.756     0.101     4.000
     1.000     1.000     1.000     1.000     1.000     1.000     1.000     1.000     1.000     1.000    64.480     0.000     0.986     0.000     0.006     0.008     2.000
     1.000     1.000     1.000     1.000     1.000     1.000     1.000     1.000     1.000     0.000    76.190     0.000     0.986     0.000     0.006     0.008     2.000
     1.000     0.000     1.000     0.000     1.000     1.000     1.000     1.000     0.000     1.000    58.820     0.471     0.141     0.001     0.133     0.254     1.000
     1.000     1.000     1.000     0.000     0.000     1.000     1.000     1.000     1.000     1.000    68.560     0.004     0.027     0.000     0.964     0.004     4.000
     1.000     1.000     1.000     1.000     1.000     1.000     1.000     1.000     1.000     0.000    60.310     0.000     0.986     0.000     0.006     0.008     2.000
     1.000     1.000     1.000     1.000     1.000     1.000     1.000     1.000     1.000     0.000    55.740     0.000     0.986     0.000     0.006     0.008     2.000
     1.000     1.000     1.000     0.000     0.000     0.000     1.000     1.000     0.000     0.000    56.500     0.013     0.003     0.002     0.492     0.490     4.000
     0.000     0.000     0.000     0.000     0.000     0.000     0.000     0.000     0.000     0.000    69.000     0.004     0.000     0.996     0.000     0.001     3.000
     1.000     1.000     1.000     1.000     1.000     1.000     1.000     1.000     1.000     0.000    81.320     0.000     0.986     0.000     0.006     0.008     2.000
     1.000     0.000     1.000     0.000     1.000     1.000     1.000     1.000     0.000     1.000         *     0.471     0.141     0.001     0.133     0.254     1.000
     0.000     1.000     0.000     0.000     0.000     0.000     0.000     0.000     0.000     1.000    51.460     0.003     0.000     0.982     0.000     0.015     3.000
     1.000     1.000     1.000     1.000     0.000     1.000     1.000     1.000     1.000     0.000    60.780     0.005     0.516     0.000     0.447     0.031     2.000
     0.000     1.000     1.000     1.000     1.000     1.000     1.000     1.000     1.000     0.000    35.880     0.015     0.956     0.000     0.004     0.025     2.000
     1.000     1.000     1.000     1.000     1.000     0.000     0.000     0.000     1.000     0.000    47.640     0.000     0.024     0.001     0.001     0.974     5.000
     0.000     0.000     0.000     1.000     1.000     0.000     0.000     0.000     0.000     0.000         *     0.007     0.000     0.974     0.000     0.019     3.000
     1.000     1.000     1.000     0.000     1.000     1.000     1.000     1.000     1.000     0.000         *     0.005     0.788     0.000     0.191     0.017     2.000
     0.000     0.000     1.000     0.000     0.000     1.000     1.000     1.000     0.000     1.000         *     0.954     0.000     0.004     0.029     0.013     1.000
     1.000     1.000     1.000     1.000     1.000     0.000     1.000     1.000     0.000     1.000         *     0.001     0.126     0.000     0.003     0.870     5.000
     1.000     1.000     1.000     0.000     0.000     0.000     0.000     0.000     1.000     1.000         *     0.007     0.001     0.020     0.146     0.826     5.000
     0.000     0.000     0.000     1.000     1.000     1.000     0.000     0.000     1.000     0.000    38.860     0.834     0.002     0.103     0.000     0.062     1.000
     0.000     0.000     0.000     1.000     0.000     1.000     0.000     1.000     1.000     1.000         *     0.989     0.000     0.005     0.001     0.004     1.000
     1.000     1.000     1.000     1.000     1.000     1.000     1.000     1.000     1.000     0.000    55.290     0.000     0.986     0.000     0.006     0.008     2.000
     1.000     1.000     1.000     1.000     1.000     1.000     1.000     1.000     0.000     1.000    38.790     0.002     0.780     0.000     0.009     0.208     2.000
     1.000     1.000     1.000     1.000     1.000     1.000     1.000     1.000     1.000     1.000    61.950     0.000     0.986     0.000     0.006     0.008     2.000
     1.000     1.000     1.000     0.000     1.000     1.000     1.000     1.000     0.000     0.000    46.670     0.016     0.443     0.000     0.221     0.320     2.000
     0.000     0.000     1.000     1.000     1.000     0.000     0.000     1.000     0.000     1.000         *     0.111     0.001     0.209     0.000     0.679     5.000
     0.000     1.000     0.000     1.000     1.000     0.000     0.000     0.000     0.000     1.000    34.470     0.003     0.000     0.643     0.000     0.353     3.000
     0.000     0.000     1.000     1.000     1.000     1.000         *     1.000     1.000     1.000    61.380     0.611     0.335     0.000     0.003     0.052     1.000
     1.000     1.000     1.000     1.000     1.000     1.000     0.000     1.000     1.000     0.000    82.560     0.001     0.918     0.000     0.006     0.075     2.000
     0.000     0.000     0.000     1.000     1.000     1.000     0.000     0.000     1.000     0.000    60.780     0.834     0.002     0.103     0.000     0.062     1.000
     0.000     0.000     0.000     0.000     0.000     0.000     0.000     0.000     0.000     1.000    58.320     0.004     0.000     0.996     0.000     0.001     3.000
     0.000     0.000     0.000     0.000     1.000     0.000     0.000     0.000     0.000     0.000    59.130     0.006     0.000     0.991     0.000     0.003     3.000
     1.000     1.000     1.000     1.000     1.000     0.000     0.000     0.000     0.000     1.000    66.320     0.000     0.001     0.005     0.000     0.995     5.000
     1.000     1.000     1.000     0.000     0.000     1.000     1.000     1.000     1.000     0.000         *     0.004     0.027     0.000     0.964     0.004     4.000
     1.000     0.000     1.000     1.000     1.000     0.000     1.000     1.000     1.000     0.000         *     0.089     0.591     0.000     0.013     0.306     2.000
     1.000     1.000     1.000     1.000     1.000     0.000     1.000     1.000     0.000     1.000    77.960     0.001     0.126     0.000     0.003     0.870     5.000
     1.000     1.000     1.000     1.000     1.000     1.000     1.000     1.000     1.000     1.000         *     0.000     0.986     0.000     0.006     0.008     2.000
     0.000     0.000     0.000     0.000     0.000     1.000     1.000         *     1.000     0.000    50.320     0.991     0.000     0.002     0.007     0.000     1.000
     1.000     1.000     1.000     0.000     0.000     0.000     0.000     1.000     0.000     0.000    50.030     0.006     0.001     0.022     0.091     0.880     5.000
     1.000     1.000     1.000     1.000     1.000     1.000     1.000     1.000     1.000     0.000    75.020     0.000     0.986     0.000     0.006     0.008     2.000
     0.000     0.000     1.000     0.000         *     0.000     1.000     1.000     1.000     1.000    43.520     0.937     0.006     0.003     0.023     0.032     1.000
         *     1.000     1.000     1.000     1.000     1.000     1.000     1.000     1.000     1.000    57.500     0.002     0.983     0.000     0.006     0.010     2.000
     1.000     1.000     1.000     1.000     1.000     1.000     1.000     1.000     1.000     1.000    73.730     0.000     0.986     0.000     0.006     0.008     2.000
     1.000     1.000     0.000     1.000     1.000     0.000     1.000     1.000     0.000     0.000    36.570     0.014     0.051     0.002     0.003     0.929     5.000
     1.000     1.000     1.000     1.000     1.000     1.000     1.000         *     1.000     1.000    61.410     0.000     0.979     0.000     0.006     0.015     2.000
     0.000     1.000     0.000     1.000     1.000     0.000     1.000     1.000     0.000     0.000    82.520     0.143     0.013     0.030     0.001     0.812     5.000
     0.000     0.000     1.000     0.000     0.000     1.000     1.000         *         *     0.000    50.760     0.922     0.001     0.007     0.062     0.008     1.000
     1.000     1.000     1.000     0.000     0.000     1.000     1.000     1.000     1.000     0.000         *     0.004     0.027     0.000     0.964     0.004     4.000
     0.000     0.000     1.000     1.000     1.000     0.000     0.000     0.000     0.000     1.000    42.750     0.010     0.000     0.669     0.000     0.321     3.000
     0.000     0.000     0.000     0.000     0.000     0.000     0.000     1.000     1.000     0.000    71.030     0.834     0.000     0.161     0.001     0.004     1.000
         *     1.000     1.000     1.000     1.000     1.000     1.000     1.000     1.000     1.000         *     0.002     0.983     0.000     0.006     0.010     2.000
     0.000     0.000     1.000     1.000     1.000     1.000     1.000     0.000     0.000     0.000    66.580     0.406     0.013     0.035     0.000     0.546     5.000
     0.000     0.000     0.000     0.000     0.000     0.000     0.000     0.000     0.000     1.000    73.040     0.004     0.000     0.996     0.000     0.001     3.000
     1.000     1.000     1.000     1.000     1.000     1.000     1.000     1.000     1.000     1.000    58.100     0.000     0.986     0.000     0.006     0.008     2.000
     1.000     1.000     1.000     1.000     1.000     1.000     1.000     1.000     1.000     1.000    59.750     0.000     0.986     0.000     0.006     0.008     2.000
     0.000     0.000     0.000     1.000     1.000     0.000     0.000     0.000     0.000     0.000    50.820     0.007     0.000     0.974     0.000     0.019     3.000
     1.000     1.000     1.000     1.000     1.000     1.000     1.000     1.000     1.000     0.000         *     0.000     0.986     0.000     0.006     0.008     2.000
     1.000     1.000     1.000     1.000     1.000     1.000     1.000     1.000     0.000     0.000    59.720     0.002     0.780     0.000     0.009     0.208     2.000
     1.000     1.000     1.000         *     0.000     1.000     1.000     1.000         *     0.000    35.920     0.005     0.144     0.000     0.823     0.028     4.000
     0.000     1.000     0.000     1.000     1.000     0.000     0.000     0.000     0.000     1.000    78.470     0.003     0.000     0.643     0.000     0.353     3.000
     1.000     1.000     1.000     1.000     1.000     1.000     1.000     1.000     1.000     0.000    66.010     0.000     0.986     0.000     0.006     0.008     2.000
     1.000     1.000     1.000     1.000     1.000     1.000     1.000     1.000     1.000     0.000    73.170     0.000     0.986     0.000     0.006     0.008     2.000
     1.000     1.000     1.000     1.000     1.000     1.000     1.000     1.000     1.000     1.000    57.390     0.000     0.986     0.000     0.006     0.008     2.000
     1.000     1.000     1.000     1.000     1.000     1.000     0.000     0.000         *     1.000         *     0.001     0.200     0.001     0.003     0.796     5.000
     0.000     0.000     0.000     1.000     0.000     1.000     1.000     1.000     1.000     1.000    58.820     0.995     0.001     0.000     0.003     0.001     1.000
     0.000     0.000     1.000     1.000     1.000     1.000     0.000     1.000     1.000     1.000    58.040     0.709     0.172     0.001     0.001     0.116     1.000
     0.000     1.000     0.000     0.000     1.000     1.000     0.000     1.000     1.000     0.000    70.290     0.849     0.043     0.005     0.021     0.083     1.000
     1.000     1.000     1.000     1.000     1.000     1.000     1.000     1.000     1.000     0.000    56.560     0.000     0.986     0.000     0.006     0.008     2.000
     0.000     1.000     1.000     0.000     1.000     1.000     1.000     1.000     1.000     0.000    74.410     0.157     0.676     0.000     0.118     0.048     2.000
     1.000     1.000     1.000     0.000     0.000     0.000     1.000     1.000     1.000     1.000    74.410     0.008     0.013     0.000     0.922     0.057     4.000
     0.000     0.000     1.000     1.000     1.000     0.000     0.000     1.000     1.000     1.000    50.510     0.460     0.028     0.022     0.000     0.489     5.000
     1.000     0.000     1.000     1.000     1.000     1.000     1.000     1.000     1.000     0.000    54.170     0.035     0.936     0.000     0.010     0.019     2.000
     1.000     0.000     1.000     0.000     1.000     1.000     1.000     1.000     0.000     0.000    64.350     0.471     0.141     0.001     0.133     0.254     1.000
     0.000     0.000     0.000     1.000     0.000     0.000     0.000     0.000     0.000     1.000    66.680     0.005     0.000     0.992     0.000     0.004     3.000
     1.000     1.000     1.000     1.000     1.000     1.000     1.000     1.000     1.000     1.000    65.520     0.000     0.986     0.000     0.006     0.008     2.000
     1.000     1.000     1.000     1.000     1.000     1.000     1.000     1.000     1.000     0.000    77.210     0.000     0.986     0.000     0.006     0.008     2.000
     0.000     0.000     0.000     1.000     0.000     0.000     0.000     1.000     1.000     0.000    61.010     0.843     0.000     0.133     0.000     0.023     1.000
     1.000     0.000     0.000     1.000     0.000     1.000     1.000     1.000     1.000     1.000         *     0.837     0.029     0.000     0.122     0.011     1.000
     1.000     1.000     1.000     0.000     0.000     1.000     1.000     1.000     1.000     0.000         *     0.004     0.027     0.000     0.964     0.004     4.000
     0.000     1.000     1.000     1.000     1.000     1.000     1.000     1.000     1.000     0.000    67.410     0.015     0.956     0.000     0.004     0.025     2.000
     0.000     1.000     0.000     1.000     0.000     1.000     0.000     1.000     1.000     0.000    50.710     0.802     0.024     0.006     0.041     0.128     1.000
     1.000     1.000     1.000     1.000     1.000     1.000     1.000     1.000     1.000     0.000    70.130     0.000     0.986     0.000     0.006     0.008     2.000
     1.000     1.000     1.000     1.000     1.000     1.000     1.000     1.000     1.000     1.000    62.230     0.000     0.986     0.000     0.006     0.008     2.000
     1.000     1.000     1.000     1.000     1.000     1.000     1.000     1.000     1.000     0.000    54.060     0.000     0.986     0.000     0.006     0.008     2.000
     1.000     1.000     1.000     1.000     1.000     1.000     0.000         *     0.000     0.000         *     0.001     0.161     0.000     0.002     0.836     5.000
     1.000     1.000     1.000     1.000     1.000     1.000     1.000     1.000     1.000     0.000    71.250     0.000     0.986     0.000     0.006     0.008     2.000
     1.000     1.000         *     0.000     1.000     1.000         *     0.000     1.000     1.000    57.380     0.026     0.381     0.001     0.200     0.392     5.000
     1.000     0.000     1.000     0.000     1.000     0.000     1.000     1.000     1.000     1.000    51.310     0.410     0.179     0.001     0.160     0.250     1.000
     0.000     1.000     1.000     1.000     1.000     0.000     0.000     1.000     1.000     0.000         *     0.021     0.121     0.001     0.001     0.855     5.000
     0.000     1.000     1.000     0.000     0.000         *     0.000     0.000     0.000     1.000    41.910     0.016     0.000     0.642     0.004     0.337     3.000
     1.000     1.000     1.000     1.000     0.000     0.000     1.000     1.000     1.000     0.000    43.880     0.010     0.231     0.000     0.393     0.366     4.000
     1.000     1.000     1.000     1.000     1.000     1.000     1.000     1.000     1.000     1.000    62.250     0.000     0.986     0.000     0.006     0.008     2.000
     1.000     1.000     1.000     1.000     1.000     1.000     1.000     1.000     1.000     0.000         *     0.000     0.986     0.000     0.006     0.008     2.000
     1.000     1.000     1.000     0.000     0.000     1.000     1.000     1.000     1.000     0.000         *     0.004     0.027     0.000     0.964     0.004     4.000
     0.000     0.000     0.000     1.000     1.000     0.000     0.000     0.000     0.000     0.000    41.040     0.007     0.000     0.974     0.000     0.019     3.000
     0.000     1.000     1.000     1.000     1.000     1.000     1.000     0.000     1.000     0.000         *     0.036     0.636     0.000     0.005     0.322     2.000
     1.000     1.000     1.000     1.000     1.000     0.000     0.000     0.000     1.000     1.000         *     0.000     0.024     0.001     0.001     0.974     5.000
     1.000     1.000     1.000     1.000     1.000     1.000     1.000     1.000     1.000     0.000         *     0.000     0.986     0.000     0.006     0.008     2.000
     1.000     1.000     1.000     1.000     1.000     1.000     0.000     1.000     1.000     1.000    67.270     0.001     0.918     0.000     0.006     0.075     2.000
     1.000     1.000     0.000     0.000     0.000     1.000     1.000     1.000     1.000     1.000         *     0.048     0.010     0.000     0.938     0.004     4.000
     0.000     1.000     1.000     1.000     1.000     1.000     1.000     1.000     1.000     1.000    65.440     0.015     0.956     0.000     0.004     0.025     2.000
     1.000     1.000     1.000     0.000     1.000     0.000     0.000     0.000     0.000     0.000    64.640     0.000     0.000     0.031     0.001     0.968     5.000
     1.000     1.000     1.000     0.000     0.000     1.000     1.000     1.000     1.000     0.000    48.180     0.004     0.027     0.000     0.964     0.004     4.000
     0.000     0.000     0.000     1.000     0.000     1.000     1.000     1.000     1.000     1.000    35.680     0.995     0.001     0.000     0.003     0.001     1.000
     0.000     0.000     0.000     1.000     0.000     1.000     1.000     1.000     1.000     0.000         *     0.995     0.001     0.000     0.003     0.001     1.000
     1.000     1.000     1.000     1.000     1.000     1.000     1.000     1.000     1.000     0.000    62.450     0.000     0.986     0.000     0.006     0.008     2.000
     1.000     1.000     0.000     0.000     0.000     0.000     0.000     0.000     0.000     1.000         *     0.003     0.000     0.801     0.002     0.194     3.000
     1.000     1.000     1.000     0.000     1.000     1.000     1.000     1.000     1.000     1.000    49.380     0.005     0.788     0.000     0.191     0.017     2.000
     1.000     1.000     1.000     1.000     1.000     1.000     1.000     1.000     1.000     1.000    57.960     0.000     0.986     0.000     0.006     0.008     2.000
     1.000     1.000     1.000     1.000     0.000     1.000     1.000     1.000     1.000     1.000    53.390     0.005     0.516     0.000     0.447     0.031     2.000
     0.000     1.000     1.000     0.000     0.000     1.000     0.000     1.000     1.000     1.000    69.280     0.340     0.020     0.001     0.530     0.109     4.000
     0.000     1.000     1.000     1.000     1.000     1.000     1.000     1.000     1.000     1.000    48.580     0.015     0.956     0.000     0.004     0.025     2.000
     1.000     1.000     1.000     1.000     1.000     1.000     1.000     1.000     1.000     0.000    78.110     0.000     0.986     0.000     0.006     0.008     2.000
     1.000     1.000     1.000     1.000     1.000     0.000     0.000     0.000     0.000     0.000    68.810     0.000     0.001     0.005     0.000     0.995     5.000
     0.000     0.000     0.000     1.000     1.000     0.000     0.000     0.000     0.000     0.000    33.860     0.007     0.000     0.974     0.000     0.019     3.000
     1.000     1.000     0.000     1.000     1.000     0.000     0.000     0.000     0.000     1.000    49.220     0.001     0.000     0.103     0.000     0.896     5.000
     1.000     0.000     1.000     0.000         *     1.000     1.000     1.000     1.000     0.000         *     0.216     0.195     0.000     0.576     0.013     4.000
     1.000     1.000     1.000     1.000     1.000     0.000     0.000     1.000     1.000     1.000    59.990     0.001     0.319     0.000     0.004     0.676     5.000
     1.000     1.000     1.000     1.000     1.000     1.000     1.000     1.000     1.000     0.000         *     0.000     0.986     0.000     0.006     0.008     2.000
     0.000     1.000     1.000     1.000     1.000     0.000     0.000     0.000     0.000     0.000    43.150     0.001     0.000     0.068     0.000     0.931     5.000
     1.000     1.000     1.000     1.000     1.000     0.000     0.000     1.000     1.000     1.000    58.100     0.001     0.319     0.000     0.004     0.676     5.000
     1.000     1.000     1.000     1.000     1.000     1.000         *     1.000     1.000     0.000    76.500     0.000     0.976     0.000     0.006     0.018     2.000
     1.000     1.000     1.000     1.000     1.000     1.000     1.000     1.000     1.000     0.000    50.110     0.000     0.986     0.000     0.006     0.008     2.000
     0.000     1.000     0.000     1.000     1.000     1.000     1.000     1.000     1.000     0.000    63.000     0.296     0.652     0.000     0.007     0.045     2.000
     1.000     1.000     1.000     0.000     1.000     1.000     1.000     1.000     1.000     1.000    57.930     0.005     0.788     0.000     0.191     0.017     2.000
     1.000     1.000     1.000     1.000     1.000     1.000     0.000     1.000     1.000     1.000    58.160     0.001     0.918     0.000     0.006     0.075     2.000
     0.000     1.000     1.000     0.000     0.000     0.000     0.000     0.000     0.000     0.000    53.290     0.004     0.000     0.721     0.001     0.274     3.000
     1.000     1.000     1.000     0.000     1.000     1.000     1.000     1.000     1.000     0.000         *     0.005     0.788     0.000     0.191     0.017     2.000
     1.000     1.000     0.000     1.000     1.000     1.000     1.000     1.000     1.000     1.000    47.540     0.011     0.954     0.000     0.015     0.020     2.000
     1.000     1.000     1.000     0.000     0.000     1.000     1.000         *     1.000     0.000    52.760     0.005     0.026     0.000     0.962     0.008     4.000
     1.000     1.000     1.000     1.000     1.000     0.000     1.000     1.000     0.000     0.000    58.180     0.001     0.126     0.000     0.003     0.870     5.000
     0.000     1.000     0.000     1.000     1.000     1.000     1.000     0.000     1.000     1.000    51.070     0.418     0.247     0.003     0.006     0.327     1.000
     0.000     1.000     1.000     1.000     0.000     1.000     1.000     1.000     0.000     1.000    63.710     0.205     0.087     0.001     0.113     0.593     5.000
     0.000     0.000     0.000     1.000     1.000     0.000     0.000     0.000     1.000     1.000         *     0.198     0.000     0.708     0.000     0.095     3.000
     0.000     0.000     0.000     0.000     0.000     0.000     0.000     0.000     0.000     1.000         *     0.004     0.000     0.996     0.000     0.001     3.000
     1.000     1.000     0.000     0.000         *     1.000         *     1.000     0.000     0.000         *     0.146     0.057     0.011     0.477     0.309     4.000
     0.000     0.000     1.000     0.000     0.000     0.000     0.000     1.000     0.000     1.000    56.370     0.208     0.000     0.725     0.001     0.066     3.000
     0.000     0.000     1.000     1.000     0.000     0.000     0.000     1.000     1.000     1.000         *     0.720     0.002     0.052     0.004     0.223     1.000
     1.000     0.000     1.000     1.000     1.000     1.000     1.000     1.000     1.000     0.000    40.860     0.035     0.936     0.000     0.010     0.019     2.000
     0.000     1.000     1.000     1.000     1.000     0.000     0.000     1.000     1.000     0.000         *     0.021     0.121     0.001     0.001     0.855     5.000
     1.000     1.000     1.000     1.000     1.000     1.000     1.000     1.000     1.000     0.000    61.500     0.000     0.986     0.000     0.006     0.008     2.000
     1.000     1.000     1.000     0.000     0.000     1.000     1.000     0.000     1.000     0.000    58.250     0.008     0.013     0.000     0.938     0.041     4.000
     1.000     1.000     1.000     0.000     0.000     1.000     0.000         *     1.000     0.000    66.380     0.012     0.023     0.000     0.893     0.073     4.000
     1.000     1.000     1.000     0.000     1.000     1.000     1.000     1.000     1.000     1.000         *     0.005     0.788     0.000     0.191     0.017     2.000
     0.000     0.000     0.000     0.000     1.000     0.000     0.000     0.000     0.000     1.000         *     0.006     0.000     0.991     0.000     0.003     3.000
     1.000     1.000     1.000     0.000     1.000     1.000     1.000     1.000     0.000     0.000         *     0.016     0.443     0.000     0.221     0.320     2.000
     1.000     1.000     1.000     1.000     1.000     1.000     1.000     0.000     1.000     1.000    43.310     0.001     0.858     0.000     0.010     0.130     2.000
     1.000     1.000     1.000     1.000     1.000     1.000     1.000     1.000     1.000     1.000    71.460     0.000     0.986     0.000     0.006     0.008     2.000
     1.000     1.000     1.000     1.000     1.000     0.000     0.000     1.000     1.000     0.000         *     0.001     0.319     0.000     0.004     0.676     5.000
     1.000     1.000     0.000     1.000     1.000     1.000     1.000     1.000     1.000     1.000    56.860     0.011     0.954     0.000     0.015     0.020     2.000
     1.000     1.000     0.000     0.000     1.000     0.000     0.000     1.000     1.000     0.000         *     0.105     0.051     0.013     0.066     0.764     5.000
     0.000     0.000     0.000     0.000     0.000     0.000     0.000     0.000     1.000     0.000    42.180     0.130     0.000     0.867     0.000     0.003     3.000
     0.000     0.000     1.000     0.000     0.000     0.000     0.000     1.000     0.000     0.000    65.540     0.208     0.000     0.725     0.001     0.066     3.000
     1.000     1.000     1.000     1.000     1.000     1.000     1.000     1.000     1.000     1.000    59.350     0.000     0.986     0.000     0.006     0.008     2.000
     1.000     1.000     1.000     0.000     1.000     0.000     1.000     1.000     1.000     1.000    78.880     0.012     0.486     0.000     0.230     0.272     2.000
     1.000     1.000     0.000     1.000     1.000     1.000     1.000     1.000     1.000     1.000    65.330     0.011     0.954     0.000     0.015     0.020     2.000
     1.000     1.000     0.000     1.000     1.000     0.000     0.000     0.000     0.000     1.000    34.100     0.001     0.000     0.103     0.000     0.896     5.000
     0.000     1.000     0.000     0.000     1.000     0.000     1.000     1.000     0.000     0.000    57.020     0.438     0.003     0.113     0.005     0.441     5.000
     1.000     1.000     1.000     1.000     0.000     1.000     1.000     1.000     1.000     0.000    44.370     0.005     0.516     0.000     0.447     0.031     2.000
     0.000     1.000     1.000     0.000     0.000     1.000     1.000     1.000     1.000     0.000    52.640     0.182     0.030     0.000     0.771     0.016     4.000
     1.000     1.000     1.000     1.000     0.000     0.000     0.000     0.000     0.000     0.000    48.600     0.000     0.000     0.024     0.001     0.975     5.000
     1.000     1.000     1.000     1.000     1.000     1.000     1.000     1.000     0.000     1.000    45.950     0.002     0.780     0.000     0.009     0.208     2.000
     0.000     0.000     1.000     1.000     1.000     1.000     1.000     1.000     0.000     0.000         *     0.721     0.086     0.002     0.001     0.190     1.000
     1.000     1.000     1.000     1.000     1.000     1.000     1.000     1.000     1.000     0.000    62.820     0.000     0.986     0.000     0.006     0.008     2.000
     1.000     1.000     1.000     0.000     1.000     1.000     1.000     1.000     1.000     1.000    51.820     0.005     0.788     0.000     0.191     0.017     2.000
     1.000     1.000     1.000     1.000     1.000     0.000     0.000     0.000     0.000     1.000    44.160     0.000     0.001     0.005     0.000     0.995     5.000
     1.000     1.000     1.000     1.000     1.000     1.000     1.000     1.000     1.000     0.000    84.470     0.000     0.986     0.000     0.006     0.008     2.000
     0.000     1.000     0.000     1.000     0.000     0.000     1.000     1.000     0.000     1.000    68.280     0.333     0.001     0.107     0.008     0.550     5.000
     1.000     0.000     0.000     0.000     1.000     1.000     1.000     1.000     1.000     0.000         *     0.879     0.052     0.000     0.062     0.007     1.000
     1.000     1.000     1.000     1.000     1.000     1.000     1.000     0.000     1.000     1.000    43.350     0.001     0.858     0.000     0.010     0.130     2.000
     0.000     0.000     1.000     1.000     1.000     0.000     1.000         *     1.000     0.000    54.790     0.600     0.091     0.007     0.002     0.299     1.000
     1.000     1.000     1.000     0.000     1.000     1.000     1.000     1.000     1.000     1.000    51.920     0.005     0.788     0.000     0.191     0.017     2.000
     0.000     1.000     1.000     1.000     0.000     0.000     1.000     0.000     0.000     0.000    49.560     0.010     0.000     0.050     0.001     0.938     5.000
     0.000     1.000     1.000     1.000     1.000     1.000     0.000     1.000     1.000     1.000    53.820     0.033     0.758     0.000     0.003     0.205     2.000
     1.000     1.000     1.000     1.000     1.000     1.000     1.000     1.000     1.000     1.000    44.980     0.000     0.986     0.000     0.006     0.008     2.000
     1.000     1.000     1.000     1.000     1.000     1.000     1.000     1.000     1.000     0.000    65.160     0.000     0.986     0.000     0.006     0.008     2.000
     1.000     1.000     1.000     1.000     1.000         *     0.000     0.000     1.000     0.000    74.720     0.001     0.196     0.000     0.003     0.800     5.000
     1.000     0.000     0.000     1.000     1.000     1.000     1.000     1.000     1.000     1.000    69.000     0.508     0.455     0.000     0.013     0.024     1.000
     0.000     0.000     0.000     1.000     1.000     0.000     0.000     0.000     1.000     0.000         *     0.198     0.000     0.708     0.000     0.095     3.000
     1.000     1.000     1.000     1.000     1.000     1.000     1.000     1.000     1.000     0.000         *     0.000     0.986     0.000     0.006     0.008     2.000
     0.000     1.000     1.000     1.000     0.000     0.000     0.000     0.000     0.000     0.000         *     0.002     0.000     0.277     0.000     0.721     5.000
     1.000     1.000     1.000     0.000     1.000     0.000     1.000     1.000     1.000     0.000         *     0.012     0.486     0.000     0.230     0.272     2.000
     1.000     0.000     1.000     0.000     0.000     0.000     1.000     1.000     1.000     0.000         *     0.295     0.005     0.001     0.647     0.052     4.000
     0.000     0.000     0.000     1.000     1.000     1.000     0.000     1.000     1.000     0.000    60.410     0.974     0.008     0.003     0.000     0.014     1.000
     1.000     1.000     1.000     1.000     1.000     1.000     1.000     1.000     0.000     1.000    70.590     0.002     0.780     0.000     0.009     0.208     2.000
     0.000     1.000     0.000     1.000     1.000     1.000     1.000     1.000         *     0.000    69.940     0.320     0.571     0.001     0.007     0.102     2.000
     0.000     0.000     0.000     0.000     1.000     0.000     0.000     0.000     0.000     1.000    71.050     0.006     0.000     0.991     0.000     0.003     3.000
     0.000     0.000     1.000     1.000     1.000     0.000     0.000     0.000     0.000     1.000    46.170     0.010     0.000     0.669     0.000     0.321     3.000
     0.000     0.000     1.000     0.000     1.000     0.000     0.000     0.000     0.000     1.000    68.070     0.012     0.000     0.924     0.000     0.065     3.000
     0.000     0.000     0.000     0.000     1.000     0.000     1.000     1.000     0.000     0.000         *     0.819     0.000     0.159     0.000     0.022     1.000
     0.000     0.000     1.000     0.000     0.000     1.000     0.000     1.000     1.000     1.000    59.990     0.958     0.001     0.003     0.030     0.008     1.000
     1.000     0.000     0.000     0.000     0.000     0.000     0.000     0.000     0.000     0.000    50.870     0.005     0.000     0.986     0.000     0.008     3.000
     1.000     1.000     1.000     1.000     1.000     1.000     1.000     1.000     1.000     0.000    79.280     0.000     0.986     0.000     0.006     0.008     2.000
     0.000     0.000     1.000     0.000     1.000     1.000     0.000     1.000     1.000     0.000    45.930     0.950     0.015     0.002     0.005     0.028     1.000
     1.000     1.000     0.000     1.000     0.000     1.000     1.000     1.000     1.000     1.000    69.530     0.083     0.268     0.000     0.606     0.043     4.000
     1.000     1.000     1.000     1.000     1.000     1.000     1.000     1.000     1.000     0.000    63.740     0.000     0.986     0.000     0.006     0.008     2.000
     1.000     1.000     1.000     1.000     1.000     1.000     1.000     1.000     1.000     0.000         *     0.000     0.986     0.000     0.006     0.008     2.000
     0.000     1.000     1.000     0.000     0.000     1.000     0.000     1.000     0.000     1.000    35.530     0.281     0.003     0.045     0.155     0.517     5.000
     1.000     1.000     1.000     0.000     1.000     1.000     1.000     1.000     1.000     0.000    39.550     0.005     0.788     0.000     0.191     0.017     2.000
     1.000     1.000     1.000     1.000     1.000     1.000     1.000     1.000     1.000     0.000    43.290     0.000     0.986     0.000     0.006     0.008     2.000
     0.000     1.000     1.000     1.000     1.000     0.000     0.000     0.000     0.000     1.000    75.710     0.001     0.000     0.068     0.000     0.931     5.000
     1.000     0.000     0.000     0.000     0.000     1.000     0.000     0.000     0.000     0.000    70.980     0.127     0.000     0.837     0.004     0.032     3.000
     0.000     1.000     1.000     1.000     1.000     0.000     0.000     1.000     0.000     1.000    71.080     0.004     0.004     0.011     0.000     0.981     5.000
     1.000     1.000     1.000     0.000     1.000     0.000     0.000     0.000     0.000     0.000    52.130     0.000     0.000     0.031     0.001     0.968     5.000
     1.000     1.000     1.000     0.000     1.000     0.000     1.000     1.000     1.000     1.000    37.350     0.012     0.486     0.000     0.230     0.272     2.000
     1.000     1.000     1.000     1.000     1.000     1.000     1.000     1.000     1.000     1.000    73.110     0.000     0.986     0.000     0.006     0.008     2.000
     1.000     1.000     1.000     1.000     1.000     1.000     1.000     1.000     1.000     1.000         *     0.000     0.986     0.000     0.006     0.008     2.000
     1.000     1.000     1.000     1.000     1.000     1.000     1.000     1.000     1.000     1.000    64.700     0.000     0.986     0.000     0.006     0.008     2.000
     1.000     1.000     1.000     0.000     1.000     1.000     1.000     1.000     1.000     0.000         *     0.005     0.788     0.000     0.191     0.017     2.000
     1.000     1.000     1.000     1.000     1.000     1.000     1.000     1.000     1.000     1.000    62.440     0.000     0.986     0.000     0.006     0.008     2.000
     0.000     0.000     0.000     0.000     0.000     0.000     0.000     0.000     0.000     0.000         *     0.004     0.000     0.996     0.000     0.001     3.000
     1.000     1.000     1.000     1.000     1.000     0.000     1.000     1.000     1.000     0.000    60.150     0.001     0.819     0.000     0.009     0.170     2.000
     0.000     0.000     0.000     0.000     1.000     1.000     0.000     0.000     1.000     1.000    53.610     0.859     0.000     0.130     0.000     0.011     1.000
     0.000     1.000     0.000     0.000     1.000     0.000     1.000     0.000     1.000     0.000    50.600     0.465     0.005     0.105     0.008     0.418     1.000
     0.000     0.000     1.000     1.000     1.000     1.000     1.000     1.000     1.000     0.000    71.070     0.573     0.398     0.000     0.003     0.026     1.000
     0.000     0.000     0.000     0.000     1.000     0.000     0.000     1.000     1.000     0.000    39.680     0.874     0.000     0.111     0.000     0.015     1.000
     1.000     0.000     1.000     1.000     0.000     1.000     1.000     1.000     1.000     1.000    57.610     0.261     0.264     0.000     0.434     0.040     4.000
     1.000     1.000     1.000     1.000     0.000     1.000     1.000     1.000     1.000     1.000         *     0.005     0.516     0.000     0.447     0.031     2.000
     1.000     1.000     1.000     1.000     1.000     1.000     1.000     1.000     1.000     0.000    62.910     0.000     0.986     0.000     0.006     0.008     2.000
     1.000     1.000         *     0.000     0.000     1.000     1.000     1.000     1.000     1.000         *     0.010     0.025     0.000     0.961     0.004     4.000
     1.000     1.000     1.000     0.000     0.000     1.000     1.000     1.000     1.000     0.000         *     0.004     0.027     0.000     0.964     0.004     4.000
     1.000     1.000     1.000     1.000     1.000     0.000     0.000     1.000     1.000     1.000         *     0.001     0.319     0.000     0.004     0.676     5.000
     1.000     1.000     1.000     0.000     1.000     1.000     1.000     1.000     1.000     0.000    42.740     0.005     0.788     0.000     0.191     0.017     2.000
     1.000     1.000     1.000     0.000     0.000     1.000     1.000     1.000     1.000     1.000         *     0.004     0.027     0.000     0.964     0.004     4.000
     1.000     1.000     1.000     1.000     1.000     1.000     1.000     1.000     1.000     1.000    59.300     0.000     0.986     0.000     0.006     0.008     2.000
     0.000     1.000     0.000     0.000     0.000     1.000     1.000     0.000     1.000     1.000    64.910     0.798     0.001     0.009     0.159     0.032     1.000
     1.000     1.000     1.000     1.000     1.000     1.000     1.000     1.000     1.000     1.000         *     0.000     0.986     0.000     0.006     0.008     2.000
     1.000     1.000     1.000     1.000     1.000         *     0.000     0.000     1.000     1.000    66.910     0.001     0.196     0.000     0.003     0.800     5.000
     0.000     1.000     1.000     1.000     1.000     0.000     1.000     0.000     0.000     0.000    70.520     0.003     0.002     0.010     0.000     0.985     5.000
     1.000     1.000     1.000     1.000     1.000     0.000     1.000     0.000     0.000     1.000    51.730     0.000     0.008     0.001     0.000     0.991     5.000
     1.000     1.000     1.000     1.000     1.000     1.000     0.000     1.000     1.000     0.000    61.110     0.001     0.918     0.000     0.006     0.075     2.000
     1.000     1.000     0.000     0.000     0.000     1.000     1.000     1.000     1.000     1.000    78.550     0.048     0.010     0.000     0.938     0.004     4.000
     0.000     0.000     1.000     0.000     0.000     0.000     0.000     1.000     0.000     1.000         *     0.208     0.000     0.725     0.001     0.066     3.000
     1.000     1.000     1.000     1.000     1.000     1.000     1.000     1.000     1.000     0.000    61.980     0.000     0.986     0.000     0.006     0.008     2.000
     0.000     0.000     1.000     1.000     1.000     0.000     1.000     1.000     0.000     0.000         *     0.356     0.011     0.026     0.000     0.607     5.000
     0.000     0.000     1.000     0.000     0.000     1.000     1.000     1.000     1.000     0.000         *     0.918     0.002     0.000     0.078     0.002     1.000
     1.000     0.000     1.000     0.000     1.000     0.000     0.000     1.000     1.000     1.000         *     0.284     0.043     0.012     0.041     0.619     5.000
     0.000     1.000     1.000     1.000     1.000     1.000     1.000     1.000     1.000     1.000    58.030     0.015     0.956     0.000     0.004     0.025     2.000
     1.000     0.000     1.000     0.000     1.000     1.000     0.000     0.000     0.000     0.000    63.020     0.077     0.002     0.154     0.004     0.762     5.000
     0.000     0.000     1.000     0.000     1.000     1.000     0.000     1.000     0.000     1.000    52.040     0.799     0.002     0.063     0.002     0.134     1.000
     1.000     1.000     1.000     1.000     1.000     1.000     1.000     1.000     1.000     1.000    73.190     0.000     0.986     0.000     0.006     0.008     2.000
     1.000     1.000     1.000     1.000     1.000     1.000     1.000     1.000     1.000     1.000    52.730     0.000     0.986     0.000     0.006     0.008     2.000
     1.000     1.000     1.000     1.000     1.000     1.000     0.000     1.000     1.000     1.000    77.270     0.001     0.918     0.000     0.006     0.075     2.000
     1.000     1.000     1.000     0.000     0.000     1.000     1.000     0.000     1.000     1.000    52.850     0.008     0.013     0.000     0.938     0.041     4.000
     0.000     1.000     1.000     1.000     1.000     1.000     1.000     0.000     1.000     1.000    60.780     0.036     0.636     0.000     0.005     0.322     2.000
     1.000     1.000     1.000     1.000     1.000     1.000         *         *         *     0.000    59.400     0.001     0.911     0.000     0.006     0.083     2.000
     1.000     1.000     1.000     1.000     1.000     1.000     1.000     1.000     1.000     1.000    65.460     0.000     0.986     0.000     0.006     0.008     2.000
     1.000     1.000     1.000     1.000     1.000     0.000     1.000     1.000     0.000     1.000    54.970     0.001     0.126     0.000     0.003     0.870     5.000
     0.000     1.000     1.000     0.000     0.000     1.000     1.000     1.000     1.000     0.000    42.030     0.182     0.030     0.000     0.771     0.016     4.000
     1.000     0.000     1.000     0.000     0.000     0.000     1.000     0.000     0.000     0.000         *     0.100     0.000     0.340     0.042     0.518     5.000
     0.000     0.000     0.000     0.000     0.000     0.000     0.000     1.000     0.000     0.000         *     0.116     0.000     0.881     0.000     0.003     3.000
     1.000     0.000     0.000     1.000     0.000     1.000     1.000     1.000     1.000     1.000    45.340     0.837     0.029     0.000     0.122     0.011     1.000
     1.000     1.000     1.000     1.000     1.000     0.000     1.000     0.000     1.000     1.000    72.140     0.001     0.201     0.000     0.005     0.793     5.000
     1.000     1.000     1.000     1.000     1.000     0.000     1.000     0.000     0.000     0.000    50.290     0.000     0.008     0.001     0.000     0.991     5.000
     1.000     1.000     1.000     0.000     1.000     0.000     1.000     1.000     0.000     1.000    64.370     0.007     0.048     0.001     0.047     0.898     5.000
     1.000     0.000     1.000     1.000     1.000     1.000     1.000     1.000     1.000     0.000    44.630     0.035     0.936     0.000     0.010     0.019     2.000
     0.000     0.000     0.000     0.000     0.000     0.000     0.000     0.000     0.000     1.000    38.060     0.004     0.000     0.996     0.000     0.001     3.000
     1.000     1.000     1.000     1.000     1.000     1.000     1.000     1.000     1.000     0.000    36.680     0.000     0.986     0.000     0.006     0.008     2.000
     0.000     0.000     0.000     1.000     0.000     1.000     1.000     1.000     1.000     0.000         *     0.995     0.001     0.000     0.003     0.001     1.000
     0.000     0.000     1.000     1.000     1.000     1.000     1.000     1.000     1.000     1.000    57.580     0.573     0.398     0.000     0.003     0.026     1.000
     0.000     0.000     0.000     0.000     0.000     0.000     0.000     0.000     0.000     0.000         *     0.004     0.000     0.996     0.000     0.001     3.000
     1.000     1.000     1.000     1.000     1.000     1.000     1.000     1.000     1.000     0.000    49.920     0.000     0.986     0.000     0.006     0.008     2.000
     1.000     1.000     0.000     0.000     0.000     1.000     0.000     1.000     0.000     0.000    66.320     0.176     0.002     0.045     0.450     0.328     4.000
     1.000     1.000     1.000     1.000     0.000     0.000     0.000     0.000     1.000     0.000    44.240     0.001     0.003     0.003     0.011     0.981     5.000
     1.000     1.000     1.000     1.000     1.000     1.000     1.000     1.000     1.000     0.000    74.320     0.000     0.986     0.000     0.006     0.008     2.000
     1.000     1.000     1.000     1.000     1.000     1.000     0.000     1.000     1.000     1.000         *     0.001     0.918     0.000     0.006     0.075     2.000
     1.000     1.000     1.000     1.000     1.000     1.000     1.000     1.000     0.000     1.000         *     0.002     0.780     0.000     0.009     0.208     2.000
     0.000     0.000     1.000     1.000     0.000     1.000     1.000     1.000     1.000     1.000    64.830     0.933     0.025     0.000     0.029     0.012     1.000
     1.000     1.000     1.000     0.000         *     1.000     1.000     1.000     0.000     0.000    36.550     0.013     0.193     0.000     0.620     0.173     4.000
     0.000     1.000     0.000     0.000     0.000     0.000     0.000     1.000     0.000     1.000    58.480     0.082     0.000     0.830     0.002     0.086     3.000
     1.000     1.000     1.000     1.000     1.000     1.000     0.000     1.000     1.000     1.000    47.980     0.001     0.918     0.000     0.006     0.075     2.000
     0.000     0.000     0.000     0.000     0.000     1.000     1.000     1.000     1.000     0.000    57.380     0.992     0.000     0.000     0.007     0.000     1.000
     0.000     1.000     1.000     0.000     1.000     1.000     1.000     1.000     1.000     0.000    62.340     0.157     0.676     0.000     0.118     0.048     2.000
     1.000     1.000     1.000     1.000     1.000     1.000     1.000     1.000     1.000     0.000    39.780     0.000     0.986     0.000     0.006     0.008     2.000
     1.000     1.000     1.000     1.000     1.000     1.000     1.000     1.000     1.000     0.000    37.520     0.000     0.986     0.000     0.006     0.008     2.000
     1.000     1.000     1.000     1.000     1.000     1.000     0.000     1.000     1.000     1.000    66.060     0.001     0.918     0.000     0.006     0.075     2.000
     1.000     0.000     1.000     0.000     1.000     1.000     1.000     1.000     1.000     0.000    41.210     0.274     0.480     0.000     0.220     0.026     2.000
     0.000     1.000     1.000     0.000     0.000     0.000     0.000     1.000     0.000     0.000         *     0.056     0.000     0.260     0.015     0.668     5.000
     0.000     0.000     1.000     1.000     1.000     0.000     1.000     1.000     1.000     0.000    55.080     0.678     0.117     0.001     0.002     0.202     1.000
     1.000     1.000     1.000     1.000     1.000     1.000     1.000     1.000     1.000     1.000         *     0.000     0.986     0.000     0.006     0.008     2.000
     1.000     1.000     1.000     1.000     1.000     0.000     1.000     1.000     1.000     0.000    48.440     0.001     0.819     0.000     0.009     0.170     2.000
     1.000     1.000     1.000     1.000     1.000     1.000     1.000     1.000     1.000     1.000    83.040     0.000     0.986     0.000     0.006     0.008     2.000
     1.000     1.000     1.000     1.000     1.000     0.000     1.000     1.000     0.000     1.000    67.190     0.001     0.126     0.000     0.003     0.870     5.000
     0.000     1.000     1.000     1.000     1.000     0.000     0.000     1.000     1.000     0.000         *     0.021     0.121     0.001     0.001     0.855     5.000
     0.000     0.000     0.000     1.000     0.000     1.000     1.000     0.000     0.000     0.000    50.480     0.756     0.000     0.218     0.000     0.026     1.000
     1.000     1.000     1.000     1.000     0.000     1.000         *     1.000     1.000     1.000         *     0.007     0.493     0.000     0.431     0.070     2.000
     1.000     0.000     1.000     1.000     1.000     0.000     0.000     1.000     0.000     1.000    58.460     0.014     0.005     0.019     0.000     0.962     5.000
     0.000     0.000     0.000     0.000         *     1.000     1.000     1.000     0.000     0.000    73.570     0.987     0.000     0.008     0.002     0.003     1.000
     1.000     1.000     1.000     1.000     0.000     1.000     1.000     1.000     1.000     0.000    58.060     0.005     0.516     0.000     0.447     0.031     2.000
     0.000     1.000     1.000     1.000     1.000     0.000     0.000     1.000     0.000     0.000         *     0.004     0.004     0.011     0.000     0.981     5.000
     0.000     0.000     1.000     0.000     1.000     0.000     0.000     0.000     0.000     0.000    59.450     0.012     0.000     0.924     0.000     0.065     3.000
     1.000     1.000     1.000     0.000     0.000     1.000     1.000     0.000     1.000     1.000    73.550     0.008     0.013     0.000     0.938     0.041     4.000
     1.000     1.000     1.000     1.000     1.000     1.000     0.000     0.000     1.000     1.000    69.290     0.002     0.389     0.000     0.005     0.604     5.000
     1.000     1.000     1.000     1.000     1.000     1.000     1.000     1.000     1.000     1.000         *     0.000     0.986     0.000     0.006     0.008     2.000
     0.000     0.000     1.000     1.000     1.000     0.000     0.000     0.000     0.000     1.000    52.780     0.010     0.000     0.669     0.000     0.321     3.000
     1.000     1.000     1.000     1.000     1.000     1.000     1.000     1.000     1.000     1.000    52.130     0.000     0.986     0.000     0.006     0.008     2.000
     1.000     1.000     1.000     0.000     1.000     1.000     1.000     1.000     1.000     1.000    70.590     0.005     0.788     0.000     0.191     0.017     2.000
     1.000     1.000     1.000     0.000     1.000     1.000     1.000     1.000     1.000     1.000    49.850     0.005     0.788     0.000     0.191     0.017     2.000
     0.000     1.000     0.000     1.000     1.000     1.000     1.000     1.000     1.000     1.000    68.320     0.296     0.652     0.000     0.007     0.045     2.000
     0.000     1.000     1.000     1.000     1.000     1.000     1.000     1.000     0.000     0.000    72.640     0.045     0.504     0.000     0.004     0.447     2.000
     0.000     1.000     1.000     1.000     1.000     0.000     1.000     1.000     1.000     0.000    75.850     0.035     0.569     0.000     0.005     0.392     2.000
     1.000     1.000     1.000     1.000     1.000     1.000     1.000     1.000     1.000     0.000    52.610     0.000     0.986     0.000     0.006     0.008     2.000
     1.000     1.000     1.000     1.000     1.000     0.000     0.000     0.000     0.000     1.000    69.380     0.000     0.001     0.005     0.000     0.995     5.000
     1.000     1.000     0.000     0.000     0.000     0.000     1.000     0.000     1.000     0.000    45.360     0.106     0.002     0.027     0.546     0.320     4.000
     0.000     1.000     0.000     1.000     1.000     0.000     0.000     1.000     1.000     0.000    43.030     0.205     0.039     0.028     0.001     0.726     5.000
     0.000     0.000     0.000     1.000     1.000     1.000     1.000     1.000     1.000     0.000         *     0.973     0.023     0.000     0.000     0.004     1.000
     1.000     0.000     1.000     1.000     1.000     0.000     0.000     0.000     0.000     0.000    59.820     0.002     0.000     0.116     0.000     0.881     5.000
     1.000     1.000     0.000     0.000     1.000     0.000     1.000     1.000     1.000     0.000    64.230     0.163     0.226     0.001     0.279     0.331     5.000
     1.000     1.000     1.000     1.000     0.000     1.000     0.000     1.000     1.000     0.000    70.160     0.012     0.390     0.000     0.356     0.243     2.000
     1.000     0.000     0.000     0.000     0.000     1.000     0.000     0.000     1.000     1.000    35.520     0.775     0.000     0.130     0.061     0.034     1.000
     1.000     0.000     1.000     1.000     1.000     0.000     1.000     1.000     0.000     1.000    57.810     0.046     0.052     0.002     0.002     0.898     5.000
     0.000     0.000     1.000     0.000     0.000     1.000     1.000     0.000     1.000     1.000    45.020     0.941     0.000     0.004     0.043     0.011     1.000
     1.000     1.000     1.000     1.000     1.000     1.000     1.000     1.000     1.000     0.000    75.230     0.000     0.986     0.000     0.006     0.008     2.000
     0.000     1.000     1.000         *     1.000     0.000     0.000     1.000     1.000     0.000    35.930     0.049     0.098     0.004     0.005     0.844     5.000
     0.000     0.000     0.000     0.000     1.000     1.000     1.000     0.000     1.000     1.000    65.210     0.989     0.000     0.006     0.001     0.004     1.000
     1.000     1.000     1.000     0.000     0.000     0.000     1.000     1.000     1.000     0.000    67.610     0.008     0.013     0.000     0.922     0.057     4.000
     1.000     1.000     1.000     1.000     0.000     1.000     1.000     1.000     1.000     1.000    68.230     0.005     0.516     0.000     0.447     0.031     2.000
     1.000     0.000     0.000     1.000         *         *     1.000     0.000         *     0.000         *     0.471     0.039     0.144     0.017     0.329     1.000
     0.000     0.000     0.000     1.000     1.000     1.000     1.000     1.000     0.000     1.000         *     0.968     0.004     0.005     0.000     0.022     1.000
     0.000     0.000     0.000     1.000     0.000     0.000     0.000     0.000     0.000     0.000    56.800     0.005     0.000     0.992     0.000     0.004     3.000
     1.000     1.000     0.000     0.000     0.000     1.000     0.000     1.000     1.000     1.000    52.620     0.115     0.009     0.001     0.838     0.038     4.000
     1.000     1.000     0.000     0.000     1.000     1.000     1.000     1.000     1.000     0.000         *     0.096     0.536     0.000     0.338     0.030     2.000
     1.000     0.000     1.000     1.000     1.000     1.000     1.000     1.000     1.000     0.000         *     0.035     0.936     0.000     0.010     0.019     2.000
     0.000     0.000     1.000     0.000     0.000     1.000     1.000     1.000     1.000     0.000         *     0.918     0.002     0.000     0.078     0.002     1.000
     1.000     1.000     1.000     1.000     1.000     0.000     1.000     1.000     0.000     0.000    84.300     0.001     0.126     0.000     0.003     0.870     5.000
     1.000     0.000     1.000     1.000     1.000     0.000     1.000     0.000     0.000     1.000    71.920     0.010     0.003     0.018     0.000     0.969     5.000
     0.000     1.000         *     0.000     0.000     0.000     1.000     1.000     1.000     0.000         *     0.451     0.008     0.004     0.420     0.118     1.000
     0.000     0.000     1.000     0.000     0.000     0.000     0.000     0.000     0.000     1.000    63.590     0.008     0.000     0.979     0.000     0.013     3.000
     0.000     0.000     1.000     1.000     1.000     1.000     0.000     1.000     1.000     1.000    50.190     0.709     0.172     0.001     0.001     0.116     1.000
     1.000     1.000     1.000     1.000     1.000     0.000     0.000     0.000     0.000     1.000    72.960     0.000     0.001     0.005     0.000     0.995     5.000
     1.000     1.000     0.000     1.000     1.000     1.000     1.000     0.000     0.000     0.000         *     0.018     0.068     0.003     0.004     0.907     5.000
     1.000     1.000     1.000     1.000     0.000     1.000     1.000     1.000     1.000     0.000    73.040     0.005     0.516     0.000     0.447     0.031     2.000
     1.000     1.000     1.000     0.000     0.000     0.000     1.000     1.000     0.000     1.000    51.660     0.013     0.003     0.002     0.492     0.490     4.000
     1.000         *         *         *         *         *     1.000         *         *     0.000         *     0.042     0.634     0.002     0.203     0.118     2.000
     1.000     1.000     1.000     0.000     0.000     1.000     1.000     1.000     1.000     0.000         *     0.004     0.027     0.000     0.964     0.004     4.000
     1.000     1.000     0.000     0.000     0.000     0.000     0.000     0.000     0.000     1.000    74.310     0.003     0.000     0.801     0.002     0.194     3.000
     1.000     1.000     1.000     1.000     1.000     1.000     1.000     1.000     1.000     1.000    85.390     0.000     0.986     0.000     0.006     0.008     2.000
     1.000     1.000     1.000     1.000     1.000     1.000     1.000     1.000     1.000     0.000    69.360     0.000     0.986     0.000     0.006     0.008     2.000
     1.000     0.000     1.000     0.000     0.000     1.000     0.000     0.000     0.000     0.000         *     0.139     0.000     0.419     0.044     0.398     3.000
     1.000     1.000     1.000     1.000     1.000     0.000     0.000     0.000     0.000     0.000    32.430     0.000     0.001     0.005     0.000     0.995     5.000
     0.000     0.000     0.000     0.000     1.000     0.000     0.000     0.000     0.000     1.000    78.450     0.006     0.000     0.991     0.000     0.003     3.000
     1.000     1.000     1.000     1.000     1.000     1.000     1.000     1.000     1.000     1.000    43.970     0.000     0.986     0.000     0.006     0.008     2.000
     1.000     1.000     1.000     1.000     1.000     1.000     1.000     1.000     1.000     0.000    37.190     0.000     0.986     0.000     0.006     0.008     2.000
     0.000     1.000     1.000     1.000     1.000     1.000     1.000     1.000     1.000     1.000    45.350     0.015     0.956     0.000     0.004     0.025     2.000
     1.000     1.000     1.000     1.000     1.000     1.000     1.000     1.000     1.000     0.000    60.630     0.000     0.986     0.000     0.006     0.008     2.000
     1.000     1.000     1.000     1.000     1.000     1.000     1.000     1.000     1.000     1.000    74.040     0.000     0.986     0.000     0.006     0.008     2.000
     1.000     1.000     1.000     1.000     1.000     0.000     1.000     1.000     1.000     1.000    55.880     0.001     0.819     0.000     0.009     0.170     2.000
     1.000     1.000     1.000     1.000     1.000     1.000     1.000     1.000     1.000     1.000    55.270     0.000     0.986     0.000     0.006     0.008     2.000
     0.000     0.000     0.000     0.000     0.000     0.000     0.000     0.000     0.000     0.000    36.040     0.004     0.000     0.996     0.000     0.001     3.000
     1.000     1.000     1.000     1.000     1.000     0.000     0.000     0.000     0.000     1.000         *     0.000     0.001     0.005     0.000     0.995     5.000
     1.000     0.000     1.000     1.000     1.000     0.000     0.000     0.000     0.000     0.000    63.980     0.002     0.000     0.116     0.000     0.881     5.000
     0.000     0.000     0.000     0.000     1.000     1.000     1.000     1.000     1.000     0.000    56.800     0.996     0.002     0.000     0.001     0.001     1.000
     1.000     1.000     1.000     0.000     0.000     1.000     1.000     1.000     1.000     0.000    62.450     0.004     0.027     0.000     0.964     0.004     4.000
     0.000     0.000     0.000     0.000     0.000     1.000     1.000     0.000     1.000     1.000    58.360     0.986     0.000     0.009     0.004     0.001     1.000
     1.000     1.000     1.000     1.000     1.000     1.000     0.000     1.000     1.000     1.000    49.250     0.001     0.918     0.000     0.006     0.075     2.000
     0.000     0.000     0.000     0.000     0.000     0.000     0.000     0.000     0.000     0.000    66.230     0.004     0.000     0.996     0.000     0.001     3.000
     1.000     1.000     1.000     1.000     1.000     1.000     0.000     1.000     1.000     1.000    80.220     0.001     0.918     0.000     0.006     0.075     2.000
     1.000     1.000     1.000     1.000     1.000     1.000     1.000     1.000     1.000     1.000    58.070     0.000     0.986     0.000     0.006     0.008     2.000
     1.000     0.000     1.000     0.000     0.000     1.000     0.000     0.000     1.000     1.000    50.300     0.404     0.003     0.031     0.360     0.202     1.000
     1.000     1.000     1.000     1.000     1.000     1.000     1.000     1.000     1.000     0.000         *     0.000     0.986     0.000     0.006     0.008     2.000
     1.000     1.000     1.000     0.000     0.000     0.000     0.000     0.000     0.000     0.000    65.480     0.001     0.000     0.141     0.009     0.848     5.000
     1.000     1.000     0.000     1.000     0.000     0.000     0.000     1.000     1.000     0.000    41.060     0.069     0.019     0.010     0.090     0.812     5.000
     1.000     0.000     1.000     1.000     1.000     1.000     0.000     1.000     1.000     1.000    59.940     0.081     0.756     0.000     0.009     0.154     2.000
     1.000     1.000     1.000     1.000     1.000     1.000     1.000     1.000     1.000     1.000    49.800     0.000     0.986     0.000     0.006     0.008     2.000
     1.000     1.000     1.000     1.000     1.000     0.000     0.000     1.000     0.000     0.000         *     0.000     0.014     0.001     0.000     0.985     5.000
     1.000     1.000     1.000     0.000     1.000     1.000     1.000     1.000     1.000     0.000    60.470     0.005     0.788     0.000     0.191     0.017     2.000
     1.000     1.000     1.000     1.000     1.000     1.000     1.000     1.000     1.000     0.000    48.640     0.000     0.986     0.000     0.006     0.008     2.000
     1.000     1.000     1.000     1.000     1.000     1.000     1.000     1.000     1.000     0.000    74.800     0.000     0.986     0.000     0.006     0.008     2.000
     1.000     1.000     1.000     1.000     1.000     1.000     1.000     1.000     1.000     1.000         *     0.000     0.986     0.000     0.006     0.008     2.000
     1.000     1.000     1.000     1.000     1.000     0.000     0.000     0.000     0.000     0.000    67.950     0.000     0.001     0.005     0.000     0.995     5.000
     0.000     0.000     0.000     0.000     0.000     0.000     1.000     1.000     1.000     0.000    45.130     0.988     0.000     0.007     0.004     0.001     1.000
     1.000     1.000     1.000     1.000     1.000     1.000     1.000     1.000     1.000     1.000    77.670     0.000     0.986     0.000     0.006     0.008     2.000
     1.000     1.000     1.000     1.000     1.000     1.000     1.000         *     1.000     1.000    51.180     0.000     0.979     0.000     0.006     0.015     2.000
     1.000     1.000     1.000     0.000     0.000     1.000     1.000     1.000     1.000     1.000    48.380     0.004     0.027     0.000     0.964     0.004     4.000
     1.000     1.000     1.000     1.000     1.000     1.000     1.000     1.000     1.000     0.000    88.480     0.000     0.986     0.000     0.006     0.008     2.000
     1.000     0.000     0.000     0.000     0.000     0.000     0.000     1.000     1.000     0.000    57.450     0.789     0.000     0.111     0.056     0.044     1.000
     1.000     1.000     1.000     1.000     1.000     0.000     1.000     1.000     1.000     0.000    58.050     0.001     0.819     0.000     0.009     0.170     2.000
     1.000     0.000     1.000     1.000     1.000     1.000     1.000     0.000     1.000     1.000    60.080     0.091     0.648     0.000     0.014     0.246     2.000
     1.000     1.000     0.000     0.000     1.000         *     0.000     0.000     0.000     0.000         *     0.009     0.001     0.360     0.002     0.629     5.000
     0.000     1.000     1.000     1.000     1.000     0.000     0.000     1.000     1.000     1.000         *     0.021     0.121     0.001     0.001     0.855     5.000
     1.000     0.000     0.000     0.000     1.000     1.000     0.000     1.000     0.000     1.000    74.540     0.764     0.003     0.096     0.007     0.130     1.000
     0.000     1.000     1.000     0.000     1.000     1.000     1.000     0.000     0.000     0.000    45.330     0.095     0.019     0.013     0.014     0.859     5.000
     0.000     0.000     1.000     1.000     1.000     0.000     0.000     0.000     0.000     0.000    41.560     0.010     0.000     0.669     0.000     0.321     3.000
     1.000     0.000     1.000     1.000     0.000     0.000     0.000     0.000     0.000     0.000         *     0.006     0.000     0.405     0.000     0.589     5.000
     1.000     1.000     1.000     0.000     0.000     1.000     0.000     1.000     0.000     0.000    56.530     0.019     0.007     0.002     0.562     0.409     4.000
     0.000     0.000     1.000     1.000     1.000     0.000     0.000     0.000     0.000     1.000    73.920     0.010     0.000     0.669     0.000     0.321     3.000
     1.000     1.000     1.000     0.000     1.000     0.000     1.000     0.000     0.000     0.000    53.320     0.001     0.003     0.004     0.005     0.986     5.000
     1.000     1.000     1.000     1.000     1.000     1.000     1.000     1.000     1.000     0.000    75.330     0.000     0.986     0.000     0.006     0.008     2.000
     0.000     0.000     1.000     1.000     1.000     1.000     0.000     1.000     0.000     1.000    65.680     0.488     0.020     0.032     0.000     0.460     1.000
     1.000     0.000     1.000     0.000     0.000     0.000     1.000     1.000     1.000     0.000         *     0.295     0.005     0.001     0.647     0.052     4.000
     0.000     0.000     1.000     1.000     1.000     1.000     0.000     1.000     0.000     1.000    43.120     0.488     0.020     0.032     0.000     0.460     1.000
     0.000     1.000         *     1.000     1.000     1.000     1.000     1.000     1.000     0.000    88.210     0.034     0.935     0.000     0.004     0.027     2.000
     0.000     0.000     0.000     0.000     1.000     0.000     1.000     1.000     0.000     0.000         *     0.819     0.000     0.159     0.000     0.022     1.000
     0.000     0.000     0.000     1.000     1.000     0.000     0.000     0.000     0.000     0.000         *     0.007     0.000     0.974     0.000     0.019     3.000
     1.000     0.000     1.000     1.000     1.000     1.000     1.000     1.000     1.000     0.000    50.780     0.035     0.936     0.000     0.010     0.019     2.000
     1.000     1.000     1.000     0.000     0.000     1.000     1.000     1.000     1.000     0.000    33.790     0.004     0.027     0.000     0.964     0.004     4.000
     1.000     1.000     1.000     0.000     1.000     1.000     1.000     1.000     1.000     1.000    61.350     0.005     0.788     0.000     0.191     0.017     2.000
     0.000     1.000     1.000     0.000     1.000     1.000     1.000     1.000     1.000     1.000    72.600     0.157     0.676     0.000     0.118     0.048     2.000
     0.000     1.000     1.000     0.000     1.000     0.000     1.000     1.000     1.000     0.000    72.240     0.225     0.242     0.001     0.083     0.450     5.000
     0.000     1.000     1.000     1.000     1.000     0.000     0.000     0.000     1.000     1.000         *     0.005     0.007     0.010     0.000     0.977     5.000
     0.000     1.000     1.000     1.000     0.000     0.000     0.000     0.000     0.000     1.000         *     0.002     0.000     0.277     0.000     0.721     5.000
     0.000     0.000     1.000     0.000     0.000     1.000     0.000         *     0.000     0.000         *     0.533     0.000     0.418     0.005     0.044     1.000
     1.000     1.000     1.000     1.000     1.000     1.000     1.000     1.000     1.000     0.000    77.940     0.000     0.986     0.000     0.006     0.008     2.000
     1.000     1.000     1.000     1.000     1.000     1.000     1.000     1.000     1.000     0.000    48.200     0.000     0.986     0.000     0.006     0.008     2.000
     0.000     0.000     1.000     0.000     1.000     1.000     1.000     0.000     0.000     1.000    70.700     0.741     0.002     0.078     0.002     0.177     1.000
     0.000     1.000     1.000     1.000     1.000     0.000     0.000     0.000     0.000     1.000    45.740     0.001     0.000     0.068     0.000     0.931     5.000
     1.000     1.000     1.000     1.000     1.000     1.000     1.000     1.000     1.000     1.000    75.670     0.000     0.986     0.000     0.006     0.008     2.000
     1.000     1.000     1.000     1.000     1.000     1.000     1.000     1.000     1.000     1.000    76.490     0.000     0.986     0.000     0.006     0.008     2.000
     1.000     1.000     1.000     1.000     1.000     1.000     1.000     1.000     1.000     1.000    65.030     0.000     0.986     0.000     0.006     0.008     2.000
     1.000     1.000     1.000     1.000     1.000     1.000     1.000     0.000     1.000     1.000    67.270     0.001     0.858     0.000     0.010     0.130     2.000
     1.000     1.000     1.000     0.000     1.000     0.000     1.000     0.000     0.000     1.000    62.530     0.001     0.003     0.004     0.005     0.986     5.000
     1.000     1.000     1.000     1.000     1.000     1.000     1.000     1.000     1.000     1.000    53.340     0.000     0.986     0.000     0.006     0.008     2.000
     0.000     0.000     0.000     1.000     1.000     0.000     0.000     1.000     1.000     0.000    53.550     0.834     0.002     0.086     0.000     0.078     1.000
     0.000     0.000     0.000     0.000     0.000     0.000     0.000     0.000     0.000     1.000    55.690     0.004     0.000     0.996     0.000     0.001     3.000
     1.000     1.000     1.000     1.000     1.000     1.000     1.000     1.000     1.000     0.000         *     0.000     0.986     0.000     0.006     0.008     2.000
     1.000     1.000     1.000     1.000     1.000     0.000     1.000     1.000     1.000     1.000    68.630     0.001     0.819     0.000     0.009     0.170     2.000
     1.000     1.000     0.000     0.000     1.000     1.000     1.000     1.000     0.000     0.000         *     0.200     0.191     0.001     0.248     0.359     5.000
     1.000     1.000     1.000     0.000     0.000     1.000     1.000     1.000     0.000     0.000    66.330     0.011     0.012     0.000     0.908     0.068     4.000
     1.000     1.000     1.000     1.000     1.000     1.000     0.000     0.000     1.000     0.000         *     0.002     0.389     0.000     0.005     0.604     5.000
     1.000     1.000     1.000     1.000     1.000     1.000     1.000     1.000     1.000     1.000    63.260     0.000     0.986     0.000     0.006     0.008     2.000
     1.000     0.000     1.000     0.000     0.000     1.000     1.000     1.000     1.000     0.000    71.310     0.179     0.012     0.000     0.804     0.005     4.000
     1.000     1.000     0.000     1.000     1.000     1.000     1.000     1.000     1.000     0.000    65.110     0.011     0.954     0.000     0.015     0.020     2.000
     1.000     1.000     1.000     1.000     1.000     0.000     1.000     1.000     0.000     0.000    66.750     0.001     0.126     0.000     0.003     0.870     5.000
     1.000     1.000     1.000         *     1.000     0.000     0.000     1.000     1.000     0.000    69.320     0.004     0.272     0.000     0.021     0.704     5.000
     1.000     1.000     0.000     0.000     0.000     1.000     0.000     1.000     1.000     1.000    37.950     0.115     0.009     0.001     0.838     0.038     4.000
     1.000     1.000         *     1.000     1.000     1.000     1.000     1.000     1.000     1.000         *     0.001     0.984     0.000     0.006     0.008     2.000
     0.000     0.000     1.000     1.000     1.000     1.000     1.000     1.000     1.000     1.000         *     0.573     0.398     0.000     0.003     0.026     1.000
     1.000     1.000     1.000     1.000     1.000     1.000     0.000     1.000     1.000     0.000         *     0.001     0.918     0.000     0.006     0.075     2.000
     1.000     1.000     1.000     1.000     0.000     0.000     0.000     1.000     1.000     0.000    62.570     0.006     0.052     0.000     0.094     0.847     5.000
     1.000     0.000     1.000     1.000     1.000     0.000     0.000     0.000     0.000     0.000    53.430     0.002     0.000     0.116     0.000     0.881     5.000
     1.000     1.000     1.000     1.000     1.000     0.000     1.000     0.000     0.000     0.000    56.300     0.000     0.008     0.001     0.000     0.991     5.000
     0.000     0.000     0.000     1.000     0.000     0.000     0.000     0.000     0.000     0.000    51.400     0.005     0.000     0.992     0.000     0.004     3.000
     0.000     1.000     1.000     1.000     1.000     0.000     0.000     1.000     1.000     0.000    54.380     0.021     0.121     0.001     0.001     0.855     5.000
     0.000     1.000     1.000     1.000     1.000     1.000     0.000     1.000     1.000     1.000    71.080     0.033     0.758     0.000     0.003     0.205     2.000
     0.000     0.000     0.000     0.000     0.000     0.000     0.000     1.000     0.000     1.000    56.220     0.116     0.000     0.881     0.000     0.003     3.000
     1.000     1.000     1.000     1.000     1.000     1.000     0.000     1.000     1.000     1.000    54.900     0.001     0.918     0.000     0.006     0.075     2.000
     0.000     0.000     0.000     0.000     0.000     0.000     0.000     0.000     0.000     0.000    65.890     0.004     0.000     0.996     0.000     0.001     3.000
     1.000     1.000     1.000     1.000     1.000     1.000     1.000     1.000     1.000     1.000    78.540     0.000     0.986     0.000     0.006     0.008     2.000
     0.000     1.000     1.000     1.000     1.000     0.000     0.000     1.000     0.000     0.000         *     0.004     0.004     0.011     0.000     0.981     5.000
     0.000     1.000     1.000     1.000     1.000     0.000     0.000     1.000     0.000     0.000    68.650     0.004     0.004     0.011     0.000     0.981     5.000
     0.000     0.000     1.000     1.000     1.000     1.000     1.000     1.000     1.000     1.000    67.870     0.573     0.398     0.000     0.003     0.026     1.000
     1.000     0.000     1.000     1.000     1.000     1.000     1.000     1.000     1.000     1.000    59.370     0.035     0.936     0.000     0.010     0.019     2.000
     0.000     1.000     1.000     1.000     1.000     1.000     1.000     1.000     1.000     1.000    72.510     0.015     0.956     0.000     0.004     0.025     2.000
     1.000     0.000     1.000     1.000     1.000     1.000     1.000     1.000     1.000     0.000    46.340     0.035     0.936     0.000     0.010     0.019     2.000
     1.000     0.000     1.000     1.000     1.000     1.000     0.000     1.000     1.000     1.000    55.710     0.081     0.756     0.000     0.009     0.154     2.000
     1.000     1.000     0.000     1.000     0.000     1.000     1.000     1.000     0.000     0.000    34.610     0.142     0.078     0.001     0.364     0.416     5.000
     0.000     1.000     1.000     1.000     1.000     1.000     0.000     1.000     1.000     1.000    51.990     0.033     0.758     0.000     0.003     0.205     2.000
     1.000     1.000     1.000     1.000     1.000     1.000     0.000     1.000     1.000     0.000         *     0.001     0.918     0.000     0.006     0.075     2.000
     1.000     1.000     0.000     1.000     1.000     1.000     1.000     1.000     1.000     1.000         *     0.011     0.954     0.000     0.015     0.020     2.000
     1.000     1.000     1.000     0.000     1.000     1.000     1.000     1.000     1.000     1.000         *     0.005     0.788     0.000     0.191     0.017     2.000
     0.000     0.000     0.000     1.000     0.000     1.000     1.000     0.000     0.000     0.000    30.520     0.756     0.000     0.218     0.000     0.026     1.000
     0.000     0.000     0.000     1.000     1.000     0.000     0.000     0.000     0.000     1.000    57.330     0.007     0.000     0.974     0.000     0.019     3.000
     1.000     1.000     1.000     1.000     1.000     1.000     1.000     1.000     1.000     0.000    37.050     0.000     0.986     0.000     0.006     0.008     2.000
     1.000     1.000     1.000     1.000     1.000     1.000     1.000     1.000     1.000     1.000    70.040     0.000     0.986     0.000     0.006     0.008     2.000
     1.000     1.000     1.000     0.000     0.000     0.000     0.000     0.000     0.000     1.000    46.410     0.001     0.000     0.141     0.009     0.848     5.000
     0.000     0.000     1.000     0.000     0.000     1.000     1.000     0.000     1.000     1.000         *     0.941     0.000     0.004     0.043     0.011     1.000
     1.000     1.000     1.000     1.000     1.000     1.000     1.000     1.000     1.000     0.000    74.250     0.000     0.986     0.000     0.006     0.008     2.000
     1.000     1.000     1.000     1.000     1.000     1.000     1.000     1.000     1.000     0.000         *     0.000     0.986     0.000     0.006     0.008     2.000
     0.000     1.000     0.000     0.000     0.000     1.000     1.000     1.000     1.000     0.000    63.940     0.722     0.004     0.000     0.269     0.006     1.000
     1.000     1.000     1.000     1.000     1.000         *     1.000     1.000     1.000     1.000    67.300     0.000     0.973     0.000     0.006     0.020     2.000
     0.000     1.000     1.000     1.000     1.000     1.000     0.000     1.000     1.000     0.000    62.910     0.033     0.758     0.000     0.003     0.205     2.000
     0.000     1.000     1.000     0.000     1.000     1.000     1.000     1.000     1.000     1.000    61.090     0.157     0.676     0.000     0.118     0.048     2.000
     1.000     1.000     1.000     1.000     0.000     1.000     1.000     1.000     1.000     1.000         *     0.005     0.516     0.000     0.447     0.031     2.000
     1.000     1.000     1.000     1.000     1.000     0.000     0.000     0.000     0.000     1.000    69.080     0.000     0.001     0.005     0.000     0.995     5.000
     1.000     1.000     1.000     0.000     0.000     1.000     1.000     1.000     1.000     0.000         *     0.004     0.027     0.000     0.964     0.004     4.000
     1.000     1.000     1.000     1.000     1.000     0.000     1.000     1.000     1.000     0.000         *     0.001     0.819     0.000     0.009     0.170     2.000
     0.000     0.000     0.000     0.000     0.000     1.000     0.000     1.000     1.000     0.000    55.820     0.990     0.000     0.007     0.003     0.001     1.000
     1.000     1.000     1.000     1.000     1.000     1.000     1.000     0.000     0.000     0.000    65.730     0.001     0.163     0.000     0.004     0.831     5.000
     0.000     0.000     0.000     0.000     0.000     1.000     1.000     1.000     1.000     1.000    53.380     0.992     0.000     0.000     0.007     0.000     1.000
     0.000     1.000     1.000     1.000     1.000     1.000     0.000     0.000     0.000     0.000    73.310     0.005     0.006     0.016     0.000     0.973     5.000
     0.000     0.000     1.000     0.000     0.000     1.000     0.000     1.000     1.000     1.000         *     0.958     0.001     0.003     0.030     0.008     1.000
     1.000     1.000     1.000     1.000     1.000     1.000     1.000     1.000     1.000     1.000    65.640     0.000     0.986     0.000     0.006     0.008     2.000
     0.000     0.000     1.000     0.000     1.000     0.000     1.000     1.000     1.000     1.000    64.540     0.931     0.011     0.002     0.007     0.049     1.000
     0.000     0.000     0.000     1.000     1.000     1.000     1.000     1.000     1.000     0.000    62.400     0.973     0.023     0.000     0.000     0.004     1.000
     1.000     1.000     1.000     1.000     1.000     0.000     0.000     0.000     0.000     1.000    78.200     0.000     0.001     0.005     0.000     0.995     5.000
     1.000     1.000     1.000     1.000     1.000     1.000     1.000     1.000     1.000     1.000    80.450     0.000     0.986     0.000     0.006     0.008     2.000
     1.000     1.000     0.000     1.000     1.000     0.000     0.000     1.000     1.000     1.000    64.990     0.020     0.149     0.002     0.005     0.824     5.000
     1.000     1.000     1.000     1.000     1.000     1.000     1.000     1.000     1.000     0.000    61.870     0.000     0.986     0.000     0.006     0.008     2.000
     1.000     1.000     0.000     1.000     1.000     1.000     1.000     1.000     1.000     1.000    70.020     0.011     0.954     0.000     0.015     0.020     2.000
     1.000     1.000     1.000     1.000     1.000     1.000     1.000     1.000     1.000     1.000    61.140     0.000     0.986     0.000     0.006     0.008     2.000
     0.000     1.000     0.000     0.000     0.000     1.000     1.000     1.000     1.000     0.000         *     0.722     0.004     0.000     0.269     0.006     1.000
     1.000     1.000     1.000     1.000     1.000     1.000     0.000     1.000     1.000     1.000    56.660     0.001     0.918     0.000     0.006     0.075     2.000
     1.000     1.000     1.000     0.000     0.000     0.000     0.000     0.000     0.000     0.000    30.910     0.001     0.000     0.141     0.009     0.848     5.000
     1.000     1.000     1.000     1.000     1.000     1.000     1.000     1.000     1.000     1.000    73.400     0.000     0.986     0.000     0.006     0.008     2.000
     1.000     0.000     1.000     1.000     1.000     1.000     1.000     1.000     1.000     1.000         *     0.035     0.936     0.000     0.010     0.019     2.000
     1.000     1.000     1.000     1.000     1.000     1.000     1.000     1.000     1.000     0.000    63.580     0.000     0.986     0.000     0.006     0.008     2.000
     1.000     1.000     1.000     1.000     1.000     0.000     0.000     0.000     0.000     1.000         *     0.000     0.001     0.005     0.000     0.995     5.000
     1.000     1.000     0.000     1.000     1.000     1.000     1.000     1.000     0.000     1.000    63.360     0.038     0.556     0.000     0.018     0.388     2.000
     1.000     1.000     1.000     1.000     1.000     0.000     1.000     0.000     1.000     1.000    69.310     0.001     0.201     0.000     0.005     0.793     5.000
     1.000     1.000     1.000     1.000     0.000     0.000     1.000     1.000     1.000     0.000    46.210     0.010     0.231     0.000     0.393     0.366     4.000
     1.000     1.000     1.000     1.000     1.000     1.000     1.000     1.000     1.000     0.000    68.920     0.000     0.986     0.000     0.006     0.008     2.000
     1.000     1.000     1.000     0.000     0.000     1.000     1.000     1.000     1.000     1.000    57.150     0.004     0.027     0.000     0.964     0.004     4.000
     1.000     0.000     0.000     0.000     0.000     0.000     0.000     0.000     1.000     0.000    62.880     0.162     0.000     0.786     0.006     0.046     3.000
     0.000     1.000     0.000     0.000     0.000     0.000     0.000     0.000     0.000     1.000    46.570     0.003     0.000     0.982     0.000     0.015     3.000
     1.000     1.000     1.000     0.000     1.000     1.000     1.000     0.000     1.000     0.000    68.310     0.012     0.522     0.000     0.253     0.214     2.000
     0.000     0.000     0.000     1.000     1.000     0.000     0.000     0.000     0.000     1.000    56.170     0.007     0.000     0.974     0.000     0.019     3.000
     0.000     0.000     0.000     0.000     0.000     1.000     1.000     1.000     0.000     1.000    71.950     0.986     0.000     0.010     0.003     0.001     1.000
     1.000     1.000     1.000     0.000     1.000     1.000     1.000     1.000     1.000     1.000    49.660     0.005     0.788     0.000     0.191     0.017     2.000
     0.000     1.000     1.000     1.000     1.000     0.000     0.000     0.000     0.000     1.000    54.310     0.001     0.000     0.068     0.000     0.931     5.000
     1.000     0.000     1.000     1.000     1.000     1.000     0.000     1.000     1.000     1.000    50.040     0.081     0.756     0.000     0.009     0.154     2.000
     0.000     0.000     1.000     1.000     1.000     0.000     0.000     1.000     1.000     1.000    54.020     0.460     0.028     0.022     0.000     0.489     5.000
     1.000     1.000     1.000     1.000     1.000     1.000     1.000     1.000     1.000     1.000    44.660     0.000     0.986     0.000     0.006     0.008     2.000
     1.000     1.000     1.000     1.000     1.000     1.000     1.000     1.000     1.000     1.000    81.390     0.000     0.986     0.000     0.006     0.008     2.000
     0.000     0.000     1.000     1.000     1.000     1.000     0.000     1.000     0.000     1.000    39.260     0.488     0.020     0.032     0.000     0.460     1.000
     1.000     1.000     1.000     1.000     1.000     1.000     1.000     1.000     1.000     1.000         *     0.000     0.986     0.000     0.006     0.008     2.000
     1.000     1.000     1.000     1.000     0.000     1.000     1.000     1.000     1.000     1.000    58.210     0.005     0.516     0.000     0.447     0.031     2.000
     1.000     1.000     1.000     1.000     1.000     1.000     0.000     1.000     1.000     0.000    68.340     0.001     0.918     0.000     0.006     0.075     2.000
     1.000     1.000     1.000     1.000     1.000     1.000     1.000     1.000     1.000     0.000    61.060     0.000     0.986     0.000     0.006     0.008     2.000
     1.000     1.000     1.000     1.000     1.000     1.000     1.000     1.000     1.000     1.000    59.520     0.000     0.986     0.000     0.006     0.008     2.000
     1.000     1.000     1.000     1.000     1.000     0.000     1.000     0.000     0.000     1.000    56.010     0.000     0.008     0.001     0.000     0.991     5.000
     1.000     1.000     1.000     1.000     0.000     1.000     1.000     1.000     1.000     1.000    58.510     0.005     0.516     0.000     0.447     0.031     2.000
     1.000     1.000     1.000     1.000     1.000     1.000     0.000     1.000     0.000     1.000    60.300     0.002     0.267     0.000     0.003     0.728     5.000
     0.000     0.000     0.000     0.000     0.000     1.000     1.000     1.000     1.000     1.000    38.950     0.992     0.000     0.000     0.007     0.000     1.000
     0.000     0.000     1.000     0.000     0.000     0.000     1.000     1.000     1.000     1.000    41.210     0.943     0.000     0.003     0.039     0.015     1.000
     1.000     0.000     1.000     1.000     1.000     1.000     0.000     0.000     1.000     1.000         *     0.076     0.188     0.003     0.004     0.729     5.000
     0.000     1.000     1.000     0.000     0.000     0.000     0.000     1.000     0.000     1.000    73.150     0.056     0.000     0.260     0.015     0.668     5.000
     1.000     1.000     1.000     1.000     1.000     1.000     0.000     1.000     1.000     1.000    69.740     0.001     0.918     0.000     0.006     0.075     2.000
     1.000     1.000     1.000     1.000     0.000         *     1.000     0.000     0.000     1.000    54.810     0.003     0.009     0.002     0.035     0.950     5.000
     1.000     1.000     1.000     0.000     0.000     1.000     1.000     1.000     1.000     0.000         *     0.004     0.027     0.000     0.964     0.004     4.000
     1.000     1.000     0.000     1.000     1.000     1.000     1.000     1.000     1.000     1.000    71.660     0.011     0.954     0.000     0.015     0.020     2.000
     1.000     1.000     1.000     1.000     1.000     1.000     1.000     1.000     1.000     1.000    66.880     0.000     0.986     0.000     0.006     0.008     2.000
     1.000     1.000     1.000     1.000     0.000     1.000     1.000     1.000     1.000     0.000         *     0.005     0.516     0.000     0.447     0.031     2.000
     1.000     1.000     1.000     0.000     0.000     1.000     1.000     1.000     1.000     0.000    64.710     0.004     0.027     0.000     0.964     0.004     4.000
     0.000     1.000     1.000     1.000     1.000     1.000     1.000     1.000     1.000     0.000    65.660     0.015     0.956     0.000     0.004     0.025     2.000
     1.000     1.000     1.000     1.000     1.000     1.000     1.000     0.000     1.000     0.000         *     0.001     0.858     0.000     0.010     0.130     2.000
     1.000     0.000     1.000     0.000     1.000     1.000     0.000     1.000     1.000     1.000         *     0.445     0.273     0.001     0.132     0.150     1.000
     0.000     0.000     0.000     0.000     1.000     1.000     1.000     1.000     1.000     1.000    58.510     0.996     0.002     0.000     0.001     0.001     1.000
     1.000     1.000     1.000     1.000     1.000     1.000     0.000     1.000     0.000     0.000         *     0.002     0.267     0.000     0.003     0.728     5.000
     1.000     1.000     1.000     1.000     1.000     1.000     1.000     1.000     1.000     1.000    80.530     0.000     0.986     0.000     0.006     0.008     2.000
     1.000     1.000     1.000     1.000     1.000     0.000     1.000     1.000     1.000     1.000    71.070     0.001     0.819     0.000     0.009     0.170     2.000
     1.000     1.000     1.000     1.000     1.000     1.000     1.000     1.000     1.000     0.000    67.690     0.000     0.986     0.000     0.006     0.008     2.000
     1.000     1.000     1.000     0.000     1.000     1.000     1.000     1.000     1.000     0.000    71.180     0.005     0.788     0.000     0.191     0.017     2.000
     0.000     0.000     0.000         *     0.000     1.000     0.000     1.000     1.000     1.000    70.100     0.990     0.000     0.006     0.002     0.002     1.000
     1.000     1.000     1.000     1.000     1.000     1.000     1.000     1.000     0.000     1.000    50.660     0.002     0.780     0.000     0.009     0.208     2.000
     0.000     1.000     1.000     1.000     1.000     1.000     1.000     0.000     0.000     0.000         *     0.018     0.055     0.002     0.001     0.924     5.000
     1.000     1.000     1.000     1.000     0.000     1.000     1.000     1.000     1.000     1.000    68.610     0.005     0.516     0.000     0.447     0.031     2.000
     0.000     0.000     0.000     0.000     0.000         *     0.000     0.000     0.000     0.000    51.520     0.015     0.000     0.984     0.000     0.001     3.000
     1.000     1.000     1.000     1.000     1.000     1.000     1.000     1.000     1.000     0.000    80.210     0.000     0.986     0.000     0.006     0.008     2.000
     0.000     0.000     0.000     0.000     0.000     0.000     1.000     0.000     0.000     1.000    56.660     0.089     0.000     0.908     0.000     0.004     3.000
     1.000     1.000     1.000     1.000     1.000     1.000         *     1.000     1.000     0.000    67.170     0.000     0.976     0.000     0.006     0.018     2.000
     1.000     1.000     1.000     1.000     1.000     0.000     1.000     1.000     1.000     0.000    46.280     0.001     0.819     0.000     0.009     0.170     2.000
     1.000     1.000     1.000     1.000     1.000     0.000     0.000         *     1.000     1.000    44.880     0.001     0.198     0.000     0.003     0.798     5.000
     1.000     1.000     1.000     1.000     1.000     0.000     1.000     1.000     0.000     0.000    42.250     0.001     0.126     0.000     0.003     0.870     5.000
     1.000     1.000     1.000     1.000     1.000     1.000     1.000     1.000     1.000     0.000    72.000     0.000     0.986     0.000     0.006     0.008     2.000
     0.000     0.000     0.000     1.000     1.000     0.000     0.000     0.000     0.000     0.000    42.480     0.007     0.000     0.974     0.000     0.019     3.000
     1.000     1.000     1.000     1.000     1.000     0.000     0.000     1.000     1.000     0.000         *     0.001     0.319     0.000     0.004     0.676     5.000
     1.000     0.000         *         *         *         *         *         *         *     0.000         *     0.258     0.243     0.122     0.139     0.238     1.000
     0.000     0.000     1.000     1.000     1.000     1.000     1.000     1.000     0.000     1.000    57.700     0.721     0.086     0.002     0.001     0.190     1.000
     1.000     0.000     0.000     0.000     1.000     1.000     1.000     1.000     1.000     1.000    58.590     0.879     0.052     0.000     0.062     0.007     1.000
     1.000     1.000     1.000     1.000     1.000     1.000     1.000     1.000     1.000     0.000    69.070     0.000     0.986     0.000     0.006     0.008     2.000
     1.000     1.000     1.000     1.000     1.000     1.000     0.000     1.000     1.000     1.000    68.500     0.001     0.918     0.000     0.006     0.075     2.000
     1.000     1.000     1.000     1.000     1.000     1.000     1.000     1.000     1.000     0.000    79.140     0.000     0.986     0.000     0.006     0.008     2.000
     0.000     0.000     1.000     1.000     1.000     1.000     1.000     1.000     1.000     1.000    65.950     0.573     0.398     0.000     0.003     0.026     1.000
     1.000     1.000     1.000     0.000     0.000     1.000     0.000     1.000     1.000     0.000    36.960     0.011     0.025     0.000     0.923     0.041     4.000
     1.000     1.000     1.000     1.000     1.000     0.000     0.000     0.000     0.000     0.000         *     0.000     0.001     0.005     0.000     0.995     5.000
     1.000     1.000     1.000     1.000     1.000     1.000     1.000     1.000     1.000     0.000    77.250     0.000     0.986     0.000     0.006     0.008     2.000
     1.000     1.000     1.000     1.000     1.000     1.000     1.000     1.000     1.000     1.000    53.350     0.000     0.986     0.000     0.006     0.008     2.000
     1.000     1.000     1.000     1.000     1.000     0.000     1.000     1.000     0.000     1.000    52.860     0.001     0.126     0.000     0.003     0.870     5.000
     1.000     1.000     1.000     1.000     1.000     1.000     1.000     1.000     1.000     1.000    58.160     0.000     0.986     0.000     0.006     0.008     2.000
     0.000     0.000     0.000         *     0.000     1.000     1.000     1.000     1.000     1.000    48.890     0.993     0.000     0.000     0.006     0.001     1.000
     0.000     0.000     0.000     0.000     0.000     1.000     1.000     1.000     1.000     1.000    37.550     0.992     0.000     0.000     0.007     0.000     1.000
     0.000     1.000     1.000     0.000     1.000     1.000     1.000     1.000     1.000     1.000    64.120     0.157     0.676     0.000     0.118     0.048     2.000
     1.000     1.000     1.000     1.000     1.000     0.000     1.000     0.000     1.000     1.000         *     0.001     0.201     0.000     0.005     0.793     5.000
     1.000     1.000     1.000     1.000     1.000     1.000     0.000     1.000     1.000     1.000    58.100     0.001     0.918     0.000     0.006     0.075     2.000
     1.000     1.000     1.000     1.000     1.000     1.000     1.000     1.000     1.000     0.000    69.210     0.000     0.986     0.000     0.006     0.008     2.000
     1.000     1.000     1.000     1.000     1.000     1.000     1.000     1.000     1.000     1.000    65.090     0.000     0.986     0.000     0.006     0.008     2.000
     1.000     1.000     1.000     0.000     0.000     1.000     0.000     1.000     1.000     0.000         *     0.011     0.025     0.000     0.923     0.041     4.000
     0.000     1.000     1.000     0.000     0.000     1.000     1.000     1.000     1.000     1.000         *     0.182     0.030     0.000     0.771     0.016     4.000
     1.000     1.000     1.000     1.000     1.000     0.000     0.000     0.000         *     1.000    50.100     0.000     0.010     0.003     0.000     0.987     5.000
     1.000     1.000     1.000     1.000     1.000     1.000     1.000     1.000     1.000     0.000         *     0.000     0.986     0.000     0.006     0.008     2.000
     1.000     1.000     1.000     1.000     1.000     1.000     1.000     1.000     1.000     0.000    71.860     0.000     0.986     0.000     0.006     0.008     2.000
     0.000     1.000     1.000         *     0.000     1.000     1.000     1.000     1.000     0.000    66.930     0.181     0.158     0.000     0.621     0.039     4.000
     0.000     1.000     0.000     0.000     1.000     1.000     1.000     1.000     1.000     1.000    60.350     0.807     0.117     0.000     0.054     0.022     1.000
     1.000     1.000     0.000     0.000     0.000     0.000     0.000     0.000     0.000     0.000    31.880     0.003     0.000     0.801     0.002     0.194     3.000
     1.000     1.000     1.000     1.000     0.000     1.000     1.000     1.000     1.000     0.000    77.790     0.005     0.516     0.000     0.447     0.031     2.000
     0.000     1.000     1.000     1.000     1.000     1.000     1.000     0.000     0.000     1.000         *     0.018     0.055     0.002     0.001     0.924     5.000
     1.000     1.000     1.000     1.000     0.000     1.000     1.000     1.000     1.000     0.000    69.550     0.005     0.516     0.000     0.447     0.031     2.000
     1.000     1.000     1.000     0.000     1.000     1.000     1.000     1.000     1.000     1.000    54.810     0.005     0.788     0.000     0.191     0.017     2.000
     1.000     1.000     1.000     1.000     1.000     0.000     0.000     0.000     0.000     1.000         *     0.000     0.001     0.005     0.000     0.995     5.000
     1.000     1.000     1.000     0.000     1.000     1.000     1.000     1.000     1.000     1.000         *     0.005     0.788     0.000     0.191     0.017     2.000
     0.000     0.000     0.000     0.000     0.000     0.000     0.000     0.000     0.000     0.000    40.040     0.004     0.000     0.996     0.000     0.001     3.000
     1.000     1.000     1.000     0.000     0.000     1.000     1.000     1.000     1.000     0.000    63.370     0.004     0.027     0.000     0.964     0.004     4.000
     1.000     1.000     1.000     0.000     0.000     1.000     1.000     1.000     1.000     0.000    52.030     0.004     0.027     0.000     0.964     0.004     4.000
     1.000     1.000     1.000     1.000     1.000     1.000     1.000     1.000     1.000     0.000         *     0.000     0.986     0.000     0.006     0.008     2.000
     1.000     0.000     1.000     1.000     1.000     1.000     0.000     1.000     1.000     1.000    69.210     0.081     0.756     0.000     0.009     0.154     2.000
     1.000     1.000     1.000     1.000     1.000     0.000     1.000     1.000     0.000     0.000    50.420     0.001     0.126     0.000     0.003     0.870     5.000
     0.000     0.000     1.000     1.000     1.000     0.000     0.000     0.000     1.000     1.000    51.630     0.124     0.002     0.203     0.000     0.671     5.000
     0.000     0.000     1.000     0.000     1.000     1.000     0.000     0.000     0.000     0.000    30.260     0.218     0.000     0.595     0.000     0.187     3.000
     1.000     1.000     1.000     1.000     1.000     1.000     1.000     1.000     1.000     0.000    66.760     0.000     0.986     0.000     0.006     0.008     2.000
     1.000     1.000     1.000     1.000     0.000     0.000     1.000     1.000     0.000     0.000         *     0.004     0.017     0.000     0.061     0.917     5.000
     1.000     1.000     1.000     1.000     1.000     1.000     0.000     1.000     1.000     1.000    51.780     0.001     0.918     0.000     0.006     0.075     2.000
     1.000     1.000     0.000         *     1.000     1.000     1.000     1.000     1.000     1.000         *     0.029     0.865     0.000     0.083     0.022     2.000
     0.000     1.000     1.000     1.000     1.000     1.000     1.000     0.000     0.000     1.000    62.590     0.018     0.055     0.002     0.001     0.924     5.000
     1.000     1.000     1.000     0.000     0.000     0.000     0.000     0.000     0.000     1.000    69.900     0.001     0.000     0.141     0.009     0.848     5.000
     0.000     0.000     1.000     0.000     1.000     0.000     0.000     1.000     1.000     0.000    46.240     0.797     0.003     0.046     0.002     0.151     1.000
     1.000     1.000     1.000     1.000     1.000     1.000     1.000     1.000     1.000     0.000    70.190     0.000     0.986     0.000     0.006     0.008     2.000
     1.000     1.000     1.000         *     0.000     1.000     1.000     0.000     1.000     0.000    56.110     0.008     0.075     0.000     0.811     0.106     4.000
     1.000     1.000     1.000     0.000     1.000     1.000     1.000     1.000     1.000     1.000    62.970     0.005     0.788     0.000     0.191     0.017     2.000
     1.000     1.000     1.000     1.000     1.000     0.000     1.000     1.000     1.000     0.000         *     0.001     0.819     0.000     0.009     0.170     2.000
     1.000     1.000     0.000     0.000     0.000     1.000     0.000     0.000     0.000     1.000    47.440     0.048     0.000     0.424     0.066     0.461     5.000
     1.000     1.000     1.000     1.000     1.000     1.000     1.000     1.000     1.000     1.000    70.190     0.000     0.986     0.000     0.006     0.008     2.000
     1.000     1.000     1.000     1.000     1.000     1.000     1.000         *     1.000     0.000    59.490     0.000     0.979     0.000     0.006     0.015     2.000
     1.000     1.000     1.000     1.000     1.000     1.000     1.000     1.000     1.000     1.000         *     0.000     0.986     0.000     0.006     0.008     2.000
     1.000     1.000     1.000     0.000     1.000     1.000     1.000     1.000     1.000     0.000    69.250     0.005     0.788     0.000     0.191     0.017     2.000
     1.000     0.000     1.000     0.000     1.000     1.000     0.000     1.000     0.000     0.000    54.680     0.313     0.033     0.018     0.033     0.603     5.000
     1.000     1.000     1.000     0.000     1.000     1.000     0.000     1.000     1.000     1.000    67.120     0.012     0.670     0.000     0.171     0.148     2.000
     1.000     1.000     1.000     0.000     1.000     0.000     0.000     1.000     0.000     1.000    41.840     0.002     0.005     0.005     0.005     0.983     5.000
     1.000     1.000     1.000     0.000     1.000     1.000     1.000     1.000     1.000     0.000    74.620     0.005     0.788     0.000     0.191     0.017     2.000
     1.000     0.000     0.000     0.000     0.000     0.000     0.000     0.000     0.000     1.000    40.740     0.005     0.000     0.986     0.000     0.008     3.000
     0.000     0.000     0.000     0.000     0.000     1.000     1.000     0.000     0.000     0.000    30.330     0.735     0.000     0.259     0.001     0.005     1.000
     0.000     1.000     0.000     1.000     1.000     1.000     1.000     1.000     1.000     0.000    53.410     0.296     0.652     0.000     0.007     0.045     2.000
     1.000     1.000     1.000     1.000     1.000     1.000     1.000     1.000     1.000     1.000    74.030     0.000     0.986     0.000     0.006     0.008     2.000
     1.000     1.000     1.000     1.000     0.000     1.000     0.000     1.000     1.000     1.000    72.160     0.012     0.390     0.000     0.356     0.243     2.000
     1.000     1.000     1.000     0.000     1.000     0.000     0.000     0.000     1.000     0.000    56.820     0.002     0.009     0.005     0.009     0.975     5.000
     0.000     1.000     1.000     1.000     1.000     1.000     1.000     1.000     1.000     0.000         *     0.015     0.956     0.000     0.004     0.025     2.000
     1.000     1.000     1.000     1.000     1.000     1.000     1.000     0.000     0.000     0.000    94.270     0.001     0.163     0.000     0.004     0.831     5.000
     1.000     1.000     1.000     0.000     0.000     1.000     1.000     1.000     1.000     0.000         *     0.004     0.027     0.000     0.964     0.004     4.000
     1.000     1.000     1.000     0.000     0.000     0.000     1.000     1.000     1.000     1.000    52.270     0.008     0.013     0.000     0.922     0.057     4.000
     1.000     1.000     1.000         *     0.000     1.000     1.000     1.000     1.000     0.000    61.130     0.005     0.153     0.000     0.831     0.011     4.000
     1.000     1.000     1.000     1.000     1.000     1.000     1.000     1.000     1.000     0.000    73.560     0.000     0.986     0.000     0.006     0.008     2.000
     0.000     0.000     0.000     0.000     1.000     0.000         *         *     1.000     1.000         *     0.766     0.000     0.223     0.000     0.011     1.000
     0.000     0.000     0.000     0.000     0.000     1.000     1.000     1.000     1.000     1.000         *     0.992     0.000     0.000     0.007     0.000     1.000
     1.000     1.000     1.000     0.000     0.000     1.000     1.000     1.000     1.000     0.000         *     0.004     0.027     0.000     0.964     0.004     4.000
     1.000     1.000     1.000     0.000     0.000     0.000     1.000     1.000     0.000     0.000    78.030     0.013     0.003     0.002     0.492     0.490     4.000
     1.000     1.000     1.000     1.000     1.000     0.000     1.000     1.000     1.000     0.000         *     0.001     0.819     0.000     0.009     0.170     2.000
     1.000     1.000     1.000     1.000     1.000     1.000     1.000     1.000     1.000     0.000    79.640     0.000     0.986     0.000     0.006     0.008     2.000
     1.000     1.000     1.000     1.000     1.000     1.000     1.000     0.000     0.000     1.000    64.590     0.001     0.163     0.000     0.004     0.831     5.000
     1.000     1.000     1.000     1.000     1.000     1.000     1.000     1.000     1.000     0.000    52.210     0.000     0.986     0.000     0.006     0.008     2.000
     1.000     1.000     1.000     1.000     1.000     1.000     1.000     1.000     1.000     1.000    59.420     0.000     0.986     0.000     0.006     0.008     2.000
     1.000     1.000     1.000     1.000     0.000     0.000     1.000     1.000     1.000     1.000    76.210     0.010     0.231     0.000     0.393     0.366     4.000
     0.000     0.000     0.000     0.000     0.000     1.000     1.000     1.000     1.000     0.000    45.910     0.992     0.000     0.000     0.007     0.000     1.000
     1.000     1.000     1.000     0.000     1.000     1.000     1.000     1.000     1.000     0.000         *     0.005     0.788     0.000     0.191     0.017     2.000
     1.000     1.000     1.000     1.000     1.000     1.000     1.000     1.000     1.000     0.000    33.790     0.000     0.986     0.000     0.006     0.008     2.000
     0.000     1.000     1.000     0.000     0.000     0.000     1.000     0.000     1.000     0.000         *     0.191     0.002     0.030     0.211     0.566     5.000
     1.000     0.000     1.000     1.000     1.000     1.000     0.000     0.000     1.000     1.000    78.350     0.076     0.188     0.003     0.004     0.729     5.000
     0.000     0.000     0.000     0.000     0.000     1.000     1.000     1.000     1.000     1.000         *     0.992     0.000     0.000     0.007     0.000     1.000
     1.000     0.000     1.000     1.000     0.000     1.000     1.000     1.000     1.000     0.000         *     0.261     0.264     0.000     0.434     0.040     4.000
     0.000     0.000     1.000     0.000     1.000     1.000     0.000     1.000     1.000     1.000    63.420     0.950     0.015     0.002     0.005     0.028     1.000
     0.000     0.000     0.000     0.000     0.000     1.000     1.000     1.000     1.000     1.000    48.190     0.992     0.000     0.000     0.007     0.000     1.000
     1.000     1.000     1.000     1.000     0.000     1.000     0.000     0.000     1.000     0.000    51.220     0.008     0.067     0.001     0.123     0.801     5.000
     1.000     1.000     1.000     1.000     1.000     1.000     1.000     1.000     1.000     1.000         *     0.000     0.986     0.000     0.006     0.008     2.000
     0.000     0.000     1.000     0.000     0.000     0.000     0.000         *     0.000     0.000         *     0.041     0.000     0.937     0.000     0.022     3.000
     1.000     1.000     1.000     1.000     1.000     1.000     1.000     1.000     1.000     1.000         *     0.000     0.986     0.000     0.006     0.008     2.000
     1.000     1.000     1.000     1.000     1.000     1.000     1.000     1.000     1.000     1.000         *     0.000     0.986     0.000     0.006     0.008     2.000
     0.000     1.000     1.000     1.000     1.000     1.000     0.000     1.000     1.000     1.000    48.490     0.033     0.758     0.000     0.003     0.205     2.000
     0.000     0.000     0.000     0.000     0.000     0.000     0.000     0.000     1.000     1.000         *     0.130     0.000     0.867     0.000     0.003     3.000
     1.000     1.000     1.000     1.000     0.000     0.000     0.000     0.000     1.000     0.000    67.750     0.001     0.003     0.003     0.011     0.981     5.000
     0.000     0.000     1.000     1.000     1.000     0.000     0.000     1.000     0.000     1.000    41.930     0.111     0.001     0.209     0.000     0.679     5.000
     0.000     0.000     0.000     0.000     0.000     1.000     1.000     1.000     1.000     1.000    49.110     0.992     0.000     0.000     0.007     0.000     1.000
     1.000     1.000     1.000     1.000     1.000     1.000     0.000     1.000     1.000     1.000    53.860     0.001     0.918     0.000     0.006     0.075     2.000
     0.000     0.000     0.000     0.000     0.000     0.000     0.000     0.000     0.000     0.000         *     0.004     0.000     0.996     0.000     0.001     3.000
     0.000     0.000     0.000         *         *         *         *         *         *     1.000    74.440     0.540     0.001     0.450     0.001     0.008     1.000
     1.000     0.000     1.000     0.000     1.000     1.000     1.000     1.000     1.000     1.000    51.950     0.274     0.480     0.000     0.220     0.026     2.000
     1.000     1.000     1.000     0.000     1.000     0.000     0.000     0.000     1.000     1.000    47.110     0.002     0.009     0.005     0.009     0.975     5.000
     1.000     1.000     0.000     1.000     0.000     1.000     1.000     0.000     0.000     0.000         *     0.056     0.008     0.016     0.077     0.842     5.000
     1.000     1.000     1.000     1.000     0.000     0.000     1.000     0.000     1.000     0.000    51.450     0.005     0.029     0.000     0.098     0.868     5.000
     1.000     1.000     1.000     1.000     1.000     0.000     0.000     0.000     0.000     1.000    70.020     0.000     0.001     0.005     0.000     0.995     5.000
     1.000     1.000     1.000     1.000     1.000     0.000     0.000     0.000     0.000     0.000         *     0.000     0.001     0.005     0.000     0.995     5.000
     1.000     1.000     1.000     1.000     0.000     0.000     0.000     1.000     0.000     0.000         *     0.001     0.002     0.004     0.007     0.987     5.000
     0.000     0.000     0.000     0.000     0.000     1.000     0.000     1.000     1.000     0.000    53.690     0.990     0.000     0.007     0.003     0.001     1.000
     1.000     1.000     0.000     0.000     0.000     1.000     0.000     0.000     1.000     1.000         *     0.147     0.003     0.033     0.572     0.245     4.000
     1.000     1.000     1.000     1.000     1.000     1.000     0.000     1.000     0.000     1.000    57.890     0.002     0.267     0.000     0.003     0.728     5.000
     0.000     0.000     1.000     1.000     1.000     0.000     0.000     0.000     0.000     1.000    70.500     0.010     0.000     0.669     0.000     0.321     3.000
     0.000     1.000     1.000     1.000     1.000     1.000     1.000     1.000     1.000     0.000    55.880     0.015     0.956     0.000     0.004     0.025     2.000
     0.000     1.000     0.000     1.000     0.000     1.000     0.000     0.000     0.000     0.000         *     0.064     0.000     0.635     0.001     0.300     3.000
     1.000     1.000     0.000     1.000     1.000     1.000     1.000     1.000     1.000     0.000    68.350     0.011     0.954     0.000     0.015     0.020     2.000
     1.000     1.000     1.000     1.000     1.000     1.000     1.000     1.000     1.000     1.000    51.980     0.000     0.986     0.000     0.006     0.008     2.000
     1.000     0.000     1.000     0.000     0.000     1.000     1.000     1.000     1.000     1.000    68.030     0.179     0.012     0.000     0.804     0.005     4.000
     1.000     1.000     1.000     1.000     1.000     1.000     1.000     1.000     1.000     1.000    84.110     0.000     0.986     0.000     0.006     0.008     2.000
     1.000     1.000     1.000     1.000     0.000     0.000     1.000     1.000     1.000     0.000         *     0.010     0.231     0.000     0.393     0.366     4.000
     1.000     1.000     1.000     1.000     1.000     1.000     1.000     1.000     1.000     0.000    48.620     0.000     0.986     0.000     0.006     0.008     2.000
     1.000     1.000     1.000     1.000     1.000     1.000     1.000     1.000     1.000     0.000    54.050     0.000     0.986     0.000     0.006     0.008     2.000
     0.000     1.000     1.000     1.000     1.000     1.000     1.000     1.000     1.000     0.000    66.250     0.015     0.956     0.000     0.004     0.025     2.000
     0.000     1.000     1.000     1.000     1.000     0.000     0.000     0.000     1.000     0.000         *     0.005     0.007     0.010     0.000     0.977     5.000
     1.000     1.000     1.000     0.000     0.000     1.000     1.000     1.000     1.000     0.000         *     0.004     0.027     0.000     0.964     0.004     4.000
     1.000     1.000     1.000     1.000     1.000     1.000     1.000     1.000     1.000     1.000    78.040     0.000     0.986     0.000     0.006     0.008     2.000
     1.000     0.000     0.000     1.000         *     0.000     0.000     1.000     1.000     1.000    51.060     0.542     0.022     0.052     0.008     0.376     1.000
     1.000     1.000     1.000     1.000     1.000     1.000     1.000     1.000     1.000     0.000    74.400     0.000     0.986     0.000     0.006     0.008     2.000
     1.000     0.000     1.000     0.000     1.000     1.000     1.000     1.000     0.000     1.000    69.010     0.471     0.141     0.001     0.133     0.254     1.000
     1.000     1.000     1.000     0.000     0.000     1.000     0.000     1.000     1.000     0.000         *     0.011     0.025     0.000     0.923     0.041     4.000
     1.000     1.000     1.000     1.000     1.000     1.000     1.000     1.000     1.000     1.000         *     0.000     0.986     0.000     0.006     0.008     2.000
     1.000     1.000     1.000     1.000     0.000     1.000     1.000     0.000     1.000     0.000    47.520     0.010     0.254     0.000     0.441     0.295     4.000
     1.000     1.000     1.000     1.000     1.000     0.000     0.000     1.000     1.000     0.000         *     0.001     0.319     0.000     0.004     0.676     5.000
     1.000     0.000     0.000     1.000     0.000     0.000     0.000     0.000     0.000     1.000         *     0.006     0.000     0.939     0.000     0.055     3.000
     1.000     1.000     1.000     1.000     1.000     1.000     1.000     1.000     1.000     0.000    80.680     0.000     0.986     0.000     0.006     0.008     2.000
     0.000     0.000     0.000     0.000     1.000     1.000     1.000     0.000     1.000     0.000    54.910     0.989     0.000     0.006     0.001     0.004     1.000
     1.000     1.000     1.000     0.000     0.000     1.000     1.000     1.000     1.000     1.000         *     0.004     0.027     0.000     0.964     0.004     4.000
     1.000     1.000     1.000     0.000     0.000     0.000     0.000     0.000     0.000     1.000         *     0.001     0.000     0.141     0.009     0.848     5.000
     1.000     1.000     1.000     0.000     1.000     1.000     1.000     1.000     1.000     0.000    84.010     0.005     0.788     0.000     0.191     0.017     2.000
     1.000     1.000     1.000     1.000     1.000     1.000     1.000     1.000     1.000     0.000         *     0.000     0.986     0.000     0.006     0.008     2.000
     1.000     1.000     1.000     1.000     1.000     1.000     0.000     1.000     1.000     1.000    53.660     0.001     0.918     0.000     0.006     0.075     2.000
     0.000     1.000     1.000     0.000     0.000     1.000     1.000     1.000     1.000     1.000    69.980     0.182     0.030     0.000     0.771     0.016     4.000
     1.000     1.000     1.000     0.000     0.000     1.000     1.000     1.000     1.000     1.000    76.380     0.004     0.027     0.000     0.964     0.004     4.000
     1.000     1.000     1.000     1.000     1.000     1.000     1.000     1.000     0.000     1.000    40.680     0.002     0.780     0.000     0.009     0.208     2.000
     0.000     0.000     0.000     0.000     1.000     0.000     0.000     0.000     0.000     1.000    55.690     0.006     0.000     0.991     0.000     0.003     3.000
     1.000     1.000     1.000     1.000     1.000     1.000     1.000     1.000     1.000     0.000    52.180     0.000     0.986     0.000     0.006     0.008     2.000
     1.000     1.000     1.000     1.000     1.000     1.000     0.000     1.000     1.000     0.000    60.520     0.001     0.918     0.000     0.006     0.075     2.000
     0.000     0.000     0.000     0.000     1.000     0.000     1.000         *     0.000     0.000    30.300     0.432     0.000     0.549     0.000     0.019     3.000
     1.000     1.000     1.000     1.000     0.000     1.000     0.000     1.000     1.000     0.000    79.410     0.012     0.390     0.000     0.356     0.243     2.000
     1.000     1.000     1.000     0.000     0.000     1.000     1.000     1.000     1.000     1.000    51.040     0.004     0.027     0.000     0.964     0.004     4.000
     0.000     0.000     0.000     0.000     0.000     0.000     0.000     0.000     0.000     0.000         *     0.004     0.000     0.996     0.000     0.001     3.000
     1.000     1.000     1.000     1.000     1.000     1.000     1.000     1.000     1.000     0.000         *     0.000     0.986     0.000     0.006     0.008     2.000
     1.000     1.000     1.000     1.000     1.000     1.000     0.000     1.000     1.000     1.000         *     0.001     0.918     0.000     0.006     0.075     2.000
     1.000     1.000     1.000     1.000     1.000     1.000     1.000     1.000     1.000     1.000    59.260     0.000     0.986     0.000     0.006     0.008     2.000
     1.000     1.000     1.000     1.000     1.000     1.000     1.000     1.000     1.000     0.000    93.360     0.000     0.986     0.000     0.006     0.008     2.000
     1.000     1.000     1.000     1.000     0.000     1.000     1.000     1.000     1.000     0.000         *     0.005     0.516     0.000     0.447     0.031     2.000
     0.000     1.000     1.000     1.000     1.000     1.000     0.000     1.000     1.000     0.000         *     0.033     0.758     0.000     0.003     0.205     2.000
     1.000     1.000     1.000     1.000     1.000     1.000     1.000         *     0.000     0.000    71.570     0.002     0.656     0.000     0.008     0.334     2.000
     1.000     1.000     1.000     1.000     0.000     0.000     1.000     1.000     1.000     0.000    48.460     0.010     0.231     0.000     0.393     0.366     4.000
     0.000     0.000     1.000     0.000     0.000     0.000     0.000     1.000     0.000     1.000         *     0.208     0.000     0.725     0.001     0.066     3.000
     1.000     1.000     1.000     1.000     1.000     0.000     1.000     0.000     1.000     1.000    57.500     0.001     0.201     0.000     0.005     0.793     5.000
     1.000     1.000     1.000     0.000     0.000     1.000     1.000     1.000     1.000     1.000    58.380     0.004     0.027     0.000     0.964     0.004     4.000
     1.000     1.000     1.000     0.000     0.000     0.000     0.000     0.000     1.000     0.000    58.450     0.007     0.001     0.020     0.146     0.826     5.000
     1.000     0.000     1.000     1.000     0.000     0.000     0.000     0.000     0.000     1.000    54.520     0.006     0.000     0.405     0.000     0.589     5.000
     1.000     1.000     1.000     0.000     0.000     1.000     1.000     1.000     1.000     0.000    71.490     0.004     0.027     0.000     0.964     0.004     4.000
     0.000     0.000     1.000     0.000     1.000     1.000     1.000     1.000     1.000     1.000    64.600     0.935     0.043     0.000     0.014     0.008     1.000
     0.000     0.000     1.000     0.000     0.000     0.000     0.000     1.000     1.000     1.000         *     0.863     0.000     0.076     0.013     0.048     1.000
     1.000     1.000     1.000     0.000     1.000     1.000     1.000     1.000     1.000     1.000    70.220     0.005     0.788     0.000     0.191     0.017     2.000
     0.000     0.000     1.000     0.000     1.000     0.000         *     1.000     1.000     1.000    62.070     0.883     0.008     0.018     0.005     0.086     1.000
     1.000     1.000     1.000     0.000     1.000     0.000     0.000         *         *     1.000    44.640     0.003     0.033     0.012     0.018     0.933     5.000
     1.000     1.000     1.000     0.000     0.000     1.000     1.000     1.000     1.000     0.000    41.680     0.004     0.027     0.000     0.964     0.004     4.000
     1.000     1.000     1.000     1.000     1.000     1.000     1.000     1.000     1.000     1.000    75.660     0.000     0.986     0.000     0.006     0.008     2.000
     1.000     1.000     1.000     1.000     0.000     0.000     0.000     0.000     0.000     1.000         *     0.000     0.000     0.024     0.001     0.975     5.000
     1.000     1.000     1.000     0.000     1.000     0.000     1.000     1.000     1.000     1.000    63.760     0.012     0.486     0.000     0.230     0.272     2.000
     0.000     1.000     1.000     1.000     1.000     1.000     1.000     1.000     0.000     1.000    59.170     0.045     0.504     0.000     0.004     0.447     2.000
     0.000     1.000     1.000     0.000     1.000     1.000     1.000     0.000     1.000     1.000    71.890     0.242     0.279     0.001     0.098     0.381     5.000
     1.000     1.000     1.000     1.000     1.000     0.000     0.000     1.000     1.000     0.000    57.200     0.001     0.319     0.000     0.004     0.676     5.000
     1.000     1.000     1.000     0.000     1.000     1.000     1.000     1.000     1.000     1.000    63.630     0.005     0.788     0.000     0.191     0.017     2.000
     1.000     1.000     1.000     1.000     1.000     1.000     0.000     1.000     0.000     1.000    73.400     0.002     0.267     0.000     0.003     0.728     5.000
     0.000     0.000     1.000     1.000     1.000     1.000     1.000     1.000     1.000     1.000         *     0.573     0.398     0.000     0.003     0.026     1.000
     1.000     1.000     1.000     1.000     1.000     1.000     1.000     1.000     1.000     1.000    44.450     0.000     0.986     0.000     0.006     0.008     2.000
     1.000     0.000     1.000     0.000     0.000     0.000     1.000     0.000     0.000     1.000    61.540     0.100     0.000     0.340     0.042     0.518     5.000
     1.000     1.000     1.000     1.000     1.000     1.000     1.000     0.000     0.000     0.000    83.400     0.001     0.163     0.000     0.004     0.831     5.000
     1.000     1.000     1.000     1.000     1.000     0.000     0.000     1.000     1.000     1.000    48.010     0.001     0.319     0.000     0.004     0.676     5.000
     1.000     0.000     1.000     1.000     1.000     1.000     1.000     0.000     1.000     1.000    51.970     0.091     0.648     0.000     0.014     0.246     2.000
     1.000     1.000     1.000     0.000     0.000     0.000     1.000     0.000     0.000     0.000    50.220     0.005     0.000     0.020     0.093     0.882     5.000
     1.000     1.000     1.000     0.000     0.000     1.000     1.000     1.000     1.000     1.000    51.910     0.004     0.027     0.000     0.964     0.004     4.000
     0.000     1.000     1.000     1.000     1.000     0.000     0.000     1.000     1.000     0.000    72.000     0.021     0.121     0.001     0.001     0.855     5.000
     1.000     0.000     1.000     1.000     1.000     1.000     1.000     1.000     1.000     0.000         *     0.035     0.936     0.000     0.010     0.019     2.000
     1.000     1.000     1.000     1.000     1.000     1.000     1.000     1.000     1.000     0.000    45.500     0.000     0.986     0.000     0.006     0.008     2.000
     1.000     1.000     1.000     1.000     1.000     1.000     1.000     1.000     1.000     0.000    57.820     0.000     0.986     0.000     0.006     0.008     2.000
     1.000     0.000     1.000     1.000     0.000     1.000         *     1.000     1.000     1.000         *     0.294     0.235     0.000     0.388     0.083     4.000
     1.000     1.000     1.000     1.000     1.000     1.000     1.000     1.000     0.000     0.000    56.250     0.002     0.780     0.000     0.009     0.208     2.000
     1.000     1.000     1.000     1.000     1.000     1.000     1.000     1.000     1.000     1.000    59.510     0.000     0.986     0.000     0.006     0.008     2.000
     0.000     1.000     1.000     1.000     1.000     0.000     0.000     0.000     0.000     1.000    63.000     0.001     0.000     0.068     0.000     0.931     5.000
     0.000     0.000     0.000         *     0.000     1.000     1.000     1.000     1.000     1.000    44.390     0.993     0.000     0.000     0.006     0.001     1.000
     1.000     1.000     1.000     0.000     0.000     1.000     0.000     1.000     1.000     1.000         *     0.011     0.025     0.000     0.923     0.041     4.000
     1.000     1.000     1.000     1.000     1.000     1.000     1.000     1.000     1.000     0.000    69.800     0.000     0.986     0.000     0.006     0.008     2.000
     0.000     0.000     1.000     0.000     1.000         *         *     0.000     0.000     1.000    54.300     0.114     0.000     0.776     0.000     0.110     3.000
     0.000     0.000     0.000     1.000     0.000     1.000     0.000     1.000     1.000     1.000         *     0.989     0.000     0.005     0.001     0.004     1.000
     1.000     1.000     1.000     0.000     0.000     0.000     0.000     0.000     0.000     0.000    36.550     0.001     0.000     0.141     0.009     0.848     5.000
     1.000     0.000     1.000     1.000     1.000     1.000     1.000     1.000     1.000     0.000    55.230     0.035     0.936     0.000     0.010     0.019     2.000
     1.000     1.000     0.000     1.000     1.000     1.000     0.000     1.000     1.000     1.000         *     0.027     0.792     0.000     0.013     0.169     2.000
     1.000     1.000     1.000     1.000     1.000     1.000     1.000     1.000     1.000     0.000    59.100     0.000     0.986     0.000     0.006     0.008     2.000
     1.000     1.000     1.000     1.000     1.000     1.000     1.000     1.000     1.000     1.000    63.730     0.000     0.986     0.000     0.006     0.008     2.000
     1.000     1.000     1.000     0.000     0.000     1.000     1.000     1.000     1.000     0.000         *     0.004     0.027     0.000     0.964     0.004     4.000
     1.000     1.000     0.000     0.000     0.000     1.000     1.000     1.000     1.000     0.000    42.310     0.048     0.010     0.000     0.938     0.004     4.000
     0.000     1.000     1.000     0.000     1.000     0.000     0.000     1.000     0.000     0.000         *     0.022     0.001     0.068     0.001     0.908     5.000
     1.000     1.000     1.000     1.000     1.000     0.000         *     1.000     1.000     1.000    69.840     0.001     0.669     0.000     0.008     0.322     2.000
     1.000     1.000     1.000     0.000     0.000     0.000     0.000     0.000     0.000     1.000    35.410     0.001     0.000     0.141     0.009     0.848     5.000
     1.000     1.000     1.000     1.000     1.000     1.000     1.000     1.000     1.000     1.000    56.450     0.000     0.986     0.000     0.006     0.008     2.000
     0.000     0.000     1.000     0.000     1.000     1.000     1.000         *         *     1.000    36.110     0.928     0.030     0.005     0.011     0.026     1.000
     0.000     0.000     0.000     0.000     0.000     0.000     1.000     1.000     0.000     1.000    63.470     0.766     0.000     0.227     0.001     0.006     1.000
     0.000     0.000     1.000     1.000     1.000     0.000     0.000     0.000     0.000     0.000    80.480     0.010     0.000     0.669     0.000     0.321     3.000
     0.000     0.000     0.000     0.000     1.000     1.000     1.000     1.000     1.000     1.000    60.970     0.996     0.002     0.000     0.001     0.001     1.000
     0.000     0.000     1.000         *     1.000     1.000     1.000     1.000     1.000     1.000    59.430     0.785     0.190     0.000     0.010     0.015     1.000
     1.000     1.000     1.000     0.000     1.000     1.000     1.000     1.000     1.000     0.000    59.890     0.005     0.788     0.000     0.191     0.017     2.000
     0.000     0.000     0.000     0.000     0.000     0.000     0.000     0.000     0.000     0.000    49.690     0.004     0.000     0.996     0.000     0.001     3.000
     1.000     1.000     1.000     1.000     1.000     1.000     1.000     1.000     0.000     1.000    71.240     0.002     0.780     0.000     0.009     0.208     2.000
     0.000     1.000     1.000     1.000     1.000     1.000     1.000     1.000     1.000     0.000    72.580     0.015     0.956     0.000     0.004     0.025     2.000
     0.000     1.000     1.000     1.000     1.000     1.000     1.000     1.000     0.000     0.000    85.910     0.045     0.504     0.000     0.004     0.447     2.000
     0.000     0.000     0.000     0.000     0.000     0.000     0.000     0.000     0.000     0.000    36.450     0.004     0.000     0.996     0.000     0.001     3.000
     1.000     1.000     1.000     1.000     0.000     1.000     1.000     0.000     1.000     1.000    60.630     0.010     0.254     0.000     0.441     0.295     4.000
     1.000     1.000         *     1.000     1.000     1.000     0.000     1.000     1.000     0.000    69.230     0.002     0.911     0.000     0.006     0.080     2.000
     0.000     1.000     1.000     0.000     1.000     1.000     1.000     1.000     1.000     0.000    61.540     0.157     0.676     0.000     0.118     0.048     2.000
     0.000     0.000     0.000     0.000     1.000     0.000     1.000     1.000     0.000     0.000    51.680     0.819     0.000     0.159     0.000     0.022     1.000
     1.000     1.000     1.000     1.000     1.000     1.000     1.000     1.000     1.000     1.000         *     0.000     0.986     0.000     0.006     0.008     2.000
     0.000     0.000     1.000     1.000     1.000     0.000     0.000     1.000     0.000     1.000    62.910     0.111     0.001     0.209     0.000     0.679     5.000
     1.000     1.000         *     1.000     1.000     1.000     1.000         *         *     0.000    44.500     0.001     0.952     0.000     0.007     0.040     2.000
     1.000     1.000     1.000         *     0.000     1.000     1.000     1.000     1.000     0.000    37.670     0.005     0.153     0.000     0.831     0.011     4.000
     1.000     1.000     1.000     1.000     1.000     0.000     1.000     1.000     1.000     0.000    64.660     0.001     0.819     0.000     0.009     0.170     2.000
     1.000     0.000     0.000     0.000     1.000     1.000     1.000     1.000     1.000     1.000         *     0.879     0.052     0.000     0.062     0.007     1.000
     1.000     0.000     0.000     1.000     1.000     1.000     0.000     1.000     0.000     1.000    79.270     0.473     0.025     0.049     0.002     0.452     1.000
     1.000     1.000     1.000     1.000     1.000     1.000     0.000     1.000     1.000     0.000    63.910     0.001     0.918     0.000     0.006     0.075     2.000
     1.000     1.000     1.000     1.000     1.000     1.000     1.000     1.000     1.000     1.000    77.040     0.000     0.986     0.000     0.006     0.008     2.000
     1.000     1.000     1.000     1.000     1.000     1.000     1.000     1.000     1.000     0.000    51.540     0.000     0.986     0.000     0.006     0.008     2.000
     0.000     1.000     0.000     1.000     0.000     1.000     0.000     0.000     0.000     0.000    40.620     0.064     0.000     0.635     0.001     0.300     3.000
     0.000     1.000     1.000     1.000     1.000     1.000         *         *         *     1.000    46.840     0.020     0.749     0.001     0.004     0.226     2.000
     1.000     0.000     1.000     1.000     1.000     0.000     0.000     1.000     1.000     1.000    54.420     0.064     0.148     0.002     0.003     0.782     5.000
     0.000     0.000     0.000     0.000     0.000     0.000     0.000     0.000     0.000     0.000    37.690     0.004     0.000     0.996     0.000     0.001     3.000
     0.000     0.000     1.000     1.000     1.000     0.000     0.000     0.000     0.000     1.000    59.500     0.010     0.000     0.669     0.000     0.321     3.000
     1.000     1.000     1.000     1.000     1.000     1.000     1.000     1.000     1.000     0.000    64.940     0.000     0.986     0.000     0.006     0.008     2.000
     1.000     1.000     0.000     0.000     0.000     1.000     1.000     1.000     1.000     1.000    59.170     0.048     0.010     0.000     0.938     0.004     4.000
     0.000     0.000     0.000     1.000     0.000     1.000     1.000     0.000         *     0.000    51.040     0.921     0.000     0.066     0.001     0.012     1.000
     1.000     1.000     1.000     1.000     1.000     1.000     1.000     1.000     1.000     1.000    62.370     0.000     0.986     0.000     0.006     0.008     2.000
     0.000     1.000     1.000     0.000     1.000     0.000     0.000     1.000     1.000     1.000    62.590     0.115     0.043     0.009     0.016     0.818     5.000
     0.000     0.000     1.000     0.000     1.000     1.000     1.000     1.000     1.000     0.000    56.640     0.935     0.043     0.000     0.014     0.008     1.000
     1.000     1.000     1.000     1.000     1.000     1.000     1.000     1.000     1.000     0.000         *     0.000     0.986     0.000     0.006     0.008     2.000
     1.000     0.000     1.000     0.000     0.000     1.000     1.000     1.000     1.000     0.000    52.830     0.179     0.012     0.000     0.804     0.005     4.000
     1.000     1.000     1.000     0.000     1.000     1.000     1.000     1.000     1.000     1.000    42.500     0.005     0.788     0.000     0.191     0.017     2.000
     1.000     1.000     1.000     1.000     1.000     0.000     0.000     0.000     0.000     1.000    38.010     0.000     0.001     0.005     0.000     0.995     5.000
     1.000     1.000     1.000     1.000     1.000     1.000     1.000     1.000     0.000     1.000    68.740     0.002     0.780     0.000     0.009     0.208     2.000
     1.000     1.000     1.000     1.000     1.000     0.000     1.000     1.000     1.000     1.000         *     0.001     0.819     0.000     0.009     0.170     2.000
     1.000     1.000     1.000     1.000     1.000     1.000     1.000     1.000     0.000     1.000         *     0.002     0.780     0.000     0.009     0.208     2.000
     1.000     1.000     1.000     1.000     1.000     1.000     1.000     1.000     1.000     0.000    64.310     0.000     0.986     0.000     0.006     0.008     2.000
     1.000     1.000     1.000     0.000     0.000     1.000     1.000     1.000     1.000     0.000         *     0.004     0.027     0.000     0.964     0.004     4.000
     1.000     1.000     0.000     0.000     0.000     0.000     1.000     1.000     1.000     0.000    40.810     0.089     0.005     0.001     0.853     0.052     4.000
     1.000     1.000     0.000     0.000     0.000     1.000     1.000     1.000     1.000     1.000         *     0.048     0.010     0.000     0.938     0.004     4.000
     1.000     1.000     1.000     1.000     1.000     0.000     0.000     1.000     1.000     0.000    51.680     0.001     0.319     0.000     0.004     0.676     5.000
     1.000     1.000     1.000     1.000     1.000     0.000     0.000     1.000     0.000     1.000    60.390     0.000     0.014     0.001     0.000     0.985     5.000
     1.000     1.000     1.000     0.000     1.000     1.000     1.000     0.000     1.000     0.000    75.120     0.012     0.522     0.000     0.253     0.214     2.000
     1.000     1.000     1.000     0.000     0.000     1.000     1.000     1.000     1.000     0.000    38.380     0.004     0.027     0.000     0.964     0.004     4.000
     1.000     1.000     1.000     1.000     1.000     1.000     1.000     1.000     1.000     1.000    52.940     0.000     0.986     0.000     0.006     0.008     2.000
     0.000     0.000     1.000     1.000     1.000     1.000     1.000     0.000     0.000     1.000    52.840     0.406     0.013     0.035     0.000     0.546     5.000
     0.000     1.000     0.000     0.000     1.000     0.000     1.000     0.000     0.000     1.000    54.250     0.066     0.000     0.592     0.000     0.341     3.000
     1.000     1.000     1.000     1.000     0.000     0.000     1.000     1.000     1.000     0.000    44.830     0.010     0.231     0.000     0.393     0.366     4.000
     1.000     1.000     1.000     1.000     1.000     1.000     1.000     1.000     1.000     1.000    68.830     0.000     0.986     0.000     0.006     0.008     2.000
     1.000     1.000     1.000     1.000     1.000     1.000     1.000     1.000     1.000     0.000    62.010     0.000     0.986     0.000     0.006     0.008     2.000
     0.000     0.000     1.000     1.000     1.000     0.000     0.000     0.000     0.000     0.000    67.460     0.010     0.000     0.669     0.000     0.321     3.000
     1.000     1.000         *     1.000     1.000     1.000     1.000     1.000     1.000     0.000    65.240     0.001     0.984     0.000     0.006     0.008     2.000
     1.000     1.000     1.000     1.000     1.000     1.000     1.000     1.000     1.000     0.000    66.090     0.000     0.986     0.000     0.006     0.008     2.000
     1.000     1.000     1.000     1.000     1.000     1.000     1.000     1.000     1.000     0.000         *     0.000     0.986     0.000     0.006     0.008     2.000
     0.000     0.000     0.000     0.000     1.000     0.000     0.000     0.000     0.000     1.000         *     0.006     0.000     0.991     0.000     0.003     3.000
     1.000     1.000     1.000     1.000     1.000     0.000     0.000     0.000     0.000     0.000    70.530     0.000     0.001     0.005     0.000     0.995     5.000
     0.000     0.000     1.000     1.000     1.000     0.000     0.000     1.000     1.000     1.000         *     0.460     0.028     0.022     0.000     0.489     5.000
     0.000     0.000     0.000     1.000     1.000     0.000     0.000     1.000     1.000     1.000         *     0.834     0.002     0.086     0.000     0.078     1.000
     1.000     1.000     1.000     1.000     1.000     1.000     1.000     1.000     1.000     1.000    62.680     0.000     0.986     0.000     0.006     0.008     2.000
     1.000     1.000     1.000     1.000     1.000     1.000     1.000     1.000     1.000     1.000    72.330     0.000     0.986     0.000     0.006     0.008     2.000
     1.000     1.000     1.000     1.000     1.000     1.000     1.000     1.000     1.000     0.000    74.300     0.000     0.986     0.000     0.006     0.008     2.000
     0.000     0.000     1.000     1.000     1.000     0.000     0.000     1.000     1.000     1.000    45.820     0.460     0.028     0.022     0.000     0.489     5.000
     1.000     1.000     1.000     0.000     1.000     0.000     1.000     1.000     1.000     1.000         *     0.012     0.486     0.000     0.230     0.272     2.000
     0.000     0.000     0.000     1.000     1.000     0.000     0.000     0.000     0.000     1.000         *     0.007     0.000     0.974     0.000     0.019     3.000
     1.000     1.000     1.000     1.000     1.000     1.000     0.000     1.000     1.000     1.000         *     0.001     0.918     0.000     0.006     0.075     2.000
     1.000     1.000     1.000     0.000     1.000     1.000     0.000     1.000     1.000     1.000    67.710     0.012     0.670     0.000     0.171     0.148     2.000
     1.000     0.000     1.000     1.000     1.000     1.000     1.000     1.000     1.000     1.000    47.350     0.035     0.936     0.000     0.010     0.019     2.000
     1.000     1.000     1.000     1.000     1.000     1.000     1.000     1.000     1.000     0.000    52.290     0.000     0.986     0.000     0.006     0.008     2.000
     0.000     0.000     1.000     0.000     1.000     0.000     0.000     1.000     0.000     0.000         *     0.228     0.000     0.524     0.000     0.248     3.000
     0.000     0.000     0.000     0.000     0.000     1.000     1.000     1.000     1.000     0.000    45.510     0.992     0.000     0.000     0.007     0.000     1.000
     1.000     1.000     1.000     1.000     1.000     1.000     1.000     0.000     1.000     1.000    66.850     0.001     0.858     0.000     0.010     0.130     2.000
     0.000     1.000     1.000     1.000     1.000     1.000     0.000     1.000     1.000     0.000         *     0.033     0.758     0.000     0.003     0.205     2.000
     0.000     0.000     1.000     1.000     1.000     1.000     0.000     1.000     0.000     1.000    64.890     0.488     0.020     0.032     0.000     0.460     1.000
     1.000     1.000     1.000     0.000     0.000     1.000     1.000     1.000     1.000     0.000    48.150     0.004     0.027     0.000     0.964     0.004     4.000
     0.000     0.000     0.000     0.000     0.000     1.000     0.000     0.000     0.000     0.000         *     0.099     0.000     0.899     0.000     0.002     3.000
     1.000     1.000     1.000     1.000     1.000     0.000     0.000     0.000     1.000     1.000    69.020     0.000     0.024     0.001     0.001     0.974     5.000
     0.000     0.000     0.000     0.000     1.000     1.000     0.000     1.000     1.000     1.000         *     0.992     0.001     0.004     0.000     0.003     1.000
     0.000     0.000     0.000     0.000     0.000     0.000     0.000     1.000     1.000     1.000    55.410     0.834     0.000     0.161     0.001     0.004     1.000
     1.000     1.000     1.000     0.000     1.000     1.000     1.000     1.000     1.000     1.000    74.210     0.005     0.788     0.000     0.191     0.017     2.000
     1.000     1.000     1.000     1.000     1.000     1.000     1.000     1.000     1.000     0.000    64.060     0.000     0.986     0.000     0.006     0.008     2.000
     0.000     0.000     0.000     0.000     0.000     1.000     1.000     0.000     1.000     0.000    38.480     0.986     0.000     0.009     0.004     0.001     1.000
     0.000     1.000     1.000     0.000     1.000     1.000     1.000     1.000     0.000     0.000    60.500     0.265     0.195     0.001     0.071     0.468     5.000
     1.000     0.000     1.000     1.000     1.000     1.000         *         *     0.000     1.000    54.650     0.073     0.231     0.008     0.006     0.683     5.000
     1.000     1.000     1.000     0.000     1.000     1.000     1.000     1.000     1.000     0.000    71.310     0.005     0.788     0.000     0.191     0.017     2.000
     1.000     1.000     1.000     1.000     0.000     1.000     0.000     1.000     1.000     0.000    57.400     0.012     0.390     0.000     0.356     0.243     2.000
     1.000     1.000     1.000     1.000     1.000     0.000     1.000     1.000     1.000     1.000    55.020     0.001     0.819     0.000     0.009     0.170     2.000
     0.000     1.000     1.000     1.000     0.000     0.000     0.000     0.000     1.000     0.000    65.170     0.016     0.001     0.052     0.002     0.929     5.000
     1.000     1.000     1.000     1.000     1.000     0.000     1.000     1.000     1.000     0.000    44.750     0.001     0.819     0.000     0.009     0.170     2.000
     1.000     1.000     1.000     0.000     1.000     1.000     1.000     1.000     1.000     1.000    56.950     0.005     0.788     0.000     0.191     0.017     2.000
     0.000     0.000     0.000     0.000     0.000     1.000     1.000     1.000     1.000     1.000    58.740     0.992     0.000     0.000     0.007     0.000     1.000
     1.000     1.000     1.000     0.000     1.000     1.000     0.000     1.000     1.000     0.000    53.700     0.012     0.670     0.000     0.171     0.148     2.000
     0.000     0.000     0.000     0.000     1.000     0.000     0.000     1.000     0.000     1.000    49.480     0.164     0.000     0.821     0.000     0.016     3.000
     1.000     1.000     0.000         *         *         *     1.000         *     1.000     0.000    44.790     0.046     0.515     0.000     0.356     0.082     2.000
     1.000     1.000     1.000     0.000     1.000     0.000     1.000     1.000     1.000     1.000    64.420     0.012     0.486     0.000     0.230     0.272     2.000
     0.000     0.000     0.000     0.000     0.000     1.000     0.000     1.000     1.000     1.000    49.710     0.990     0.000     0.007     0.003     0.001     1.000
     1.000     1.000     1.000     0.000     0.000     0.000     0.000     0.000     0.000     1.000    51.890     0.001     0.000     0.141     0.009     0.848     5.000
     1.000     1.000     1.000     1.000     1.000     1.000     1.000     1.000     1.000     1.000    74.260     0.000     0.986     0.000     0.006     0.008     2.000
     1.000     1.000     1.000     0.000         *     1.000     1.000     0.000     1.000     1.000         *     0.009     0.214     0.000     0.667     0.110     4.000
     0.000     0.000     1.000     0.000     1.000     1.000     0.000     1.000     0.000     0.000         *     0.799     0.002     0.063     0.002     0.134     1.000
     0.000     1.000     1.000     0.000     1.000     1.000     1.000     1.000     1.000     1.000    70.030     0.157     0.676     0.000     0.118     0.048     2.000
     0.000     1.000     0.000     1.000     0.000     0.000     0.000     1.000     1.000     1.000    46.160     0.440     0.003     0.092     0.011     0.453     5.000
     1.000     1.000     1.000     1.000     1.000     1.000     0.000     1.000     1.000     1.000         *     0.001     0.918     0.000     0.006     0.075     2.000
     0.000     0.000     0.000     1.000     1.000     1.000     1.000     1.000     1.000     0.000    67.570     0.973     0.023     0.000     0.000     0.004     1.000
     1.000     1.000     1.000     1.000     0.000     1.000     0.000     1.000     1.000     0.000    66.510     0.012     0.390     0.000     0.356     0.243     2.000
     1.000     1.000     1.000     1.000     1.000     1.000     1.000     0.000     0.000     0.000    53.160     0.001     0.163     0.000     0.004     0.831     5.000
     0.000     0.000     0.000     0.000     0.000     0.000     0.000     0.000     0.000     1.000    30.460     0.004     0.000     0.996     0.000     0.001     3.000
     0.000     0.000     0.000     0.000     0.000     1.000     1.000     1.000     1.000     0.000    51.660     0.992     0.000     0.000     0.007     0.000     1.000
     1.000     1.000     1.000     1.000     1.000     1.000     1.000     1.000     1.000     0.000    70.400     0.000     0.986     0.000     0.006     0.008     2.000
     1.000     1.000     1.000     0.000     1.000     1.000     1.000     1.000     1.000     1.000    38.050     0.005     0.788     0.000     0.191     0.017     2.000
     1.000     1.000     1.000     1.000     1.000     1.000     1.000     1.000     1.000     0.000    78.320     0.000     0.986     0.000     0.006     0.008     2.000
     0.000     0.000     1.000     0.000     0.000     1.000     1.000     1.000     1.000     0.000    60.350     0.918     0.002     0.000     0.078     0.002     1.000
     1.000     0.000     1.000     0.000     0.000     1.000     1.000     1.000     1.000     1.000    39.470     0.179     0.012     0.000     0.804     0.005     4.000
     1.000     1.000     1.000     1.000     1.000     1.000     1.000     1.000     1.000     1.000    52.860     0.000     0.986     0.000     0.006     0.008     2.000
     1.000     1.000     1.000     1.000     1.000     1.000     1.000     1.000     1.000     0.000    77.600     0.000     0.986     0.000     0.006     0.008     2.000
         *     1.000     1.000     1.000     0.000     1.000     1.000     1.000     1.000     0.000    80.390     0.026     0.508     0.000     0.428     0.038     2.000
     0.000     0.000     0.000     0.000     0.000     0.000     1.000     0.000     0.000     0.000         *     0.089     0.000     0.908     0.000     0.004     3.000
     0.000     0.000     1.000         *     1.000     0.000     0.000     0.000     0.000     1.000    71.020     0.011     0.000     0.840     0.000     0.149     3.000
     1.000     1.000     1.000     1.000     1.000     0.000     1.000     1.000     0.000     1.000    56.010     0.001     0.126     0.000     0.003     0.870     5.000
     1.000     1.000     1.000     0.000     0.000     0.000     0.000     1.000     1.000     1.000    30.410     0.015     0.008     0.001     0.611     0.364     4.000
     1.000     1.000     1.000     1.000     0.000     1.000         *     1.000     1.000     0.000    68.870     0.007     0.493     0.000     0.431     0.070     2.000
     1.000     1.000     1.000     1.000     1.000     1.000     1.000     1.000     0.000     1.000    56.260     0.002     0.780     0.000     0.009     0.208     2.000
     1.000     0.000     1.000     0.000     1.000     1.000     0.000     1.000     1.000     1.000    56.910     0.445     0.273     0.001     0.132     0.150     1.000
     1.000     0.000     1.000     0.000     0.000     0.000     0.000     0.000     0.000     0.000    49.180     0.009     0.000     0.817     0.001     0.173     3.000
     1.000     1.000     1.000         *     1.000     1.000     1.000     1.000     0.000     1.000    43.240     0.005     0.709     0.000     0.054     0.232     2.000
     1.000     1.000     0.000     0.000     1.000     1.000     1.000     1.000     0.000     0.000         *     0.200     0.191     0.001     0.248     0.359     5.000
     1.000     0.000     0.000     1.000     0.000     1.000     1.000     1.000     1.000     1.000    49.520     0.837     0.029     0.000     0.122     0.011     1.000
     1.000     1.000     0.000     0.000     0.000     1.000     1.000     1.000     1.000     0.000    66.540     0.048     0.010     0.000     0.938     0.004     4.000
     1.000     1.000     1.000     0.000     0.000     1.000     1.000     1.000     1.000     0.000         *     0.004     0.027     0.000     0.964     0.004     4.000
     1.000     1.000     1.000     1.000     1.000     1.000     1.000     1.000     1.000     0.000    59.140     0.000     0.986     0.000     0.006     0.008     2.000
     1.000     1.000     1.000     1.000     1.000     0.000     0.000     1.000     1.000     0.000         *     0.001     0.319     0.000     0.004     0.676     5.000
     1.000     1.000     1.000     1.000     1.000     0.000     0.000     1.000     1.000     1.000    43.730     0.001     0.319     0.000     0.004     0.676     5.000
     0.000     0.000     0.000     0.000     0.000     0.000     0.000     0.000     0.000     0.000    53.940     0.004     0.000     0.996     0.000     0.001     3.000
     1.000     1.000     1.000     1.000     1.000     1.000     1.000     1.000     1.000     1.000    71.300     0.000     0.986     0.000     0.006     0.008     2.000
     0.000     1.000     1.000     1.000     1.000     1.000     1.000     1.000     1.000     0.000    58.470     0.015     0.956     0.000     0.004     0.025     2.000
     0.000     0.000     0.000         *     1.000     0.000     1.000     0.000     0.000     1.000    40.510     0.130     0.000     0.827     0.000     0.043     3.000
     1.000     1.000     1.000     1.000     1.000     0.000     0.000     1.000     1.000     1.000    60.660     0.001     0.319     0.000     0.004     0.676     5.000
     0.000     1.000     0.000     1.000     1.000     1.000     0.000     0.000     1.000     0.000    74.540     0.240     0.050     0.039     0.001     0.670     5.000
     1.000     1.000     1.000     1.000     1.000     0.000     1.000     1.000     1.000     1.000    59.980     0.001     0.819     0.000     0.009     0.170     2.000
     1.000     1.000     1.000     0.000     1.000     1.000     0.000     1.000     1.000     1.000         *     0.012     0.670     0.000     0.171     0.148     2.000
     1.000     0.000     1.000     1.000     1.000     1.000     1.000     1.000     1.000     1.000    54.030     0.035     0.936     0.000     0.010     0.019     2.000
     1.000     1.000     1.000     0.000     0.000     0.000     1.000     1.000     1.000     1.000    72.510     0.008     0.013     0.000     0.922     0.057     4.000
     1.000     1.000     1.000         *     0.000     1.000     0.000     0.000     1.000     1.000    75.190     0.012     0.037     0.001     0.419     0.531     5.000
     0.000     1.000     1.000     0.000     1.000     0.000     1.000     1.000     0.000     1.000    63.110     0.078     0.014     0.009     0.010     0.889     5.000
     1.000     1.000     1.000     1.000     1.000     1.000     1.000     1.000     1.000     1.000         *     0.000     0.986     0.000     0.006     0.008     2.000
     1.000     1.000     1.000     1.000     1.000     1.000     1.000     0.000     1.000     1.000    63.810     0.001     0.858     0.000     0.010     0.130     2.000
     1.000     1.000     1.000     0.000     0.000     1.000     1.000     1.000     1.000     1.000         *     0.004     0.027     0.000     0.964     0.004     4.000
     1.000     1.000     1.000     1.000     1.000     1.000     1.000     1.000     1.000     0.000    54.820     0.000     0.986     0.000     0.006     0.008     2.000
     1.000     1.000     1.000     1.000     1.000     0.000     0.000     0.000     0.000     0.000         *     0.000     0.001     0.005     0.000     0.995     5.000
     1.000     1.000     1.000     1.000     1.000     0.000     1.000     0.000     0.000     0.000    82.240     0.000     0.008     0.001     0.000     0.991     5.000
     0.000     1.000     0.000     0.000     1.000     1.000     0.000     0.000     0.000     0.000    54.230     0.085     0.000     0.673     0.000     0.241     3.000
     1.000     0.000     1.000     1.000     1.000     0.000     1.000     1.000     1.000     1.000    71.130     0.089     0.591     0.000     0.013     0.306     2.000
     0.000     0.000     1.000     1.000     1.000     0.000     0.000     0.000     0.000     1.000    68.920     0.010     0.000     0.669     0.000     0.321     3.000
     0.000     0.000     0.000     0.000     0.000     1.000         *     1.000     1.000     1.000    40.080     0.991     0.000     0.002     0.006     0.000     1.000
     0.000     0.000     0.000     0.000     1.000     1.000     1.000     1.000     0.000     0.000    38.070     0.989     0.000     0.007     0.000     0.004     1.000
     0.000     0.000     1.000     1.000     0.000     0.000     0.000     1.000     1.000     0.000    39.560     0.720     0.002     0.052     0.004     0.223     1.000
     1.000     1.000     1.000     1.000     1.000     0.000     0.000     1.000     0.000     0.000         *     0.000     0.014     0.001     0.000     0.985     5.000
     1.000     0.000     1.000     0.000     1.000     1.000     0.000     1.000     1.000     1.000    53.170     0.445     0.273     0.001     0.132     0.150     1.000
     1.000     1.000     1.000     0.000     0.000     1.000     1.000     1.000     1.000     0.000         *     0.004     0.027     0.000     0.964     0.004     4.000
     1.000     1.000     1.000     1.000     1.000     1.000     1.000     0.000     0.000     1.000    62.350     0.001     0.163     0.000     0.004     0.831     5.000
     1.000     0.000     0.000     1.000     1.000     0.000     0.000     1.000     0.000     0.000    68.660     0.098     0.001     0.293     0.000     0.607     5.000
     1.000     1.000     1.000     1.000     1.000     1.000     1.000     1.000     1.000     1.000    70.180     0.000     0.986     0.000     0.006     0.008     2.000
     0.000     0.000     0.000     0.000     1.000     1.000     1.000     1.000     1.000     1.000    51.570     0.996     0.002     0.000     0.001     0.001     1.000
     1.000     1.000     1.000     1.000     1.000     1.000     0.000     1.000     1.000     1.000         *     0.001     0.918     0.000     0.006     0.075     2.000
     0.000     0.000     1.000     0.000     0.000     0.000     0.000     0.000     1.000     1.000    55.560     0.230     0.000     0.703     0.002     0.065     3.000
     0.000     1.000     1.000     0.000     0.000     0.000     0.000     0.000     0.000     0.000    59.230     0.004     0.000     0.721     0.001     0.274     3.000
     1.000     1.000     1.000     1.000     0.000     1.000     1.000     1.000     1.000     0.000    75.180     0.005     0.516     0.000     0.447     0.031     2.000
     1.000     1.000     1.000     1.000     1.000     1.000     1.000     1.000     0.000     1.000    72.830     0.002     0.780     0.000     0.009     0.208     2.000
     1.000     1.000     1.000     1.000         *     1.000     1.000     1.000     1.000     0.000    73.680     0.001     0.954     0.000     0.036     0.009     2.000
     1.000     1.000     1.000     1.000     1.000     1.000     1.000     1.000     1.000     0.000    57.120     0.000     0.986     0.000     0.006     0.008     2.000
     1.000     0.000     1.000     1.000     0.000     1.000     1.000     1.000     1.000     1.000         *     0.261     0.264     0.000     0.434     0.040     4.000
     1.000     0.000     1.000     1.000     1.000     1.000     0.000     1.000     1.000     0.000    60.930     0.081     0.756     0.000     0.009     0.154     2.000
     1.000     1.000     1.000     1.000     1.000     1.000     0.000     1.000     1.000     1.000         *     0.001     0.918     0.000     0.006     0.075     2.000
     1.000     1.000     1.000     1.000     1.000     1.000     1.000     1.000     1.000     1.000    52.810     0.000     0.986     0.000     0.006     0.008     2.000
     1.000     1.000     0.000     0.000     1.000     0.000     1.000     0.000     1.000     0.000    71.020     0.078     0.029     0.013     0.072     0.808     5.000
     1.000     1.000     1.000     1.000     1.000     1.000     1.000     1.000     1.000     0.000    60.820     0.000     0.986     0.000     0.006     0.008     2.000
     0.000     0.000     0.000     0.000     0.000     0.000     0.000     0.000     0.000     0.000    61.540     0.004     0.000     0.996     0.000     0.001     3.000
     1.000     1.000     1.000     1.000     1.000     1.000     1.000     1.000     1.000     0.000    78.720     0.000     0.986     0.000     0.006     0.008     2.000
     0.000     0.000     0.000     1.000     1.000     0.000     0.000     1.000     1.000     1.000    46.020     0.834     0.002     0.086     0.000     0.078     1.000
     0.000     1.000     1.000     1.000     0.000     0.000     0.000     1.000     0.000     1.000    47.280     0.014     0.001     0.053     0.001     0.931     5.000
     1.000     1.000     1.000     1.000     1.000     0.000     1.000     1.000     0.000     1.000         *     0.001     0.126     0.000     0.003     0.870     5.000
     1.000     1.000     1.000     1.000     1.000     0.000     1.000     1.000     1.000     1.000    81.750     0.001     0.819     0.000     0.009     0.170     2.000
     1.000     1.000     1.000     0.000     1.000     1.000     1.000     1.000     1.000     0.000    70.990     0.005     0.788     0.000     0.191     0.017     2.000
     1.000     1.000     1.000     1.000     0.000     0.000     1.000     0.000     0.000     0.000    44.830     0.001     0.001     0.003     0.007     0.988     5.000
     1.000     0.000     0.000     1.000     1.000     0.000     0.000     0.000     0.000     0.000    44.400     0.007     0.000     0.760     0.000     0.233     3.000
     1.000     0.000     1.000     0.000     0.000     1.000     1.000     1.000     1.000     1.000    43.990     0.179     0.012     0.000     0.804     0.005     4.000
     1.000     1.000     1.000     1.000     1.000     1.000     1.000     1.000     1.000     1.000    50.550     0.000     0.986     0.000     0.006     0.008     2.000
     1.000     1.000     1.000     0.000     0.000     1.000     0.000     1.000     1.000     1.000    43.210     0.011     0.025     0.000     0.923     0.041     4.000
     1.000     1.000     0.000     1.000     1.000     0.000     1.000     0.000     0.000     1.000         *     0.003     0.003     0.016     0.000     0.978     5.000
     1.000     1.000     1.000     1.000     1.000     1.000     1.000     0.000     1.000     1.000    73.930     0.001     0.858     0.000     0.010     0.130     2.000
     0.000     1.000     1.000     0.000     1.000     0.000     0.000     1.000     1.000     0.000    42.970     0.115     0.043     0.009     0.016     0.818     5.000
     1.000     1.000     0.000     0.000     1.000     1.000     1.000     1.000     1.000     1.000    66.810     0.096     0.536     0.000     0.338     0.030     2.000
     1.000     1.000     0.000     0.000     0.000     1.000     1.000     1.000     0.000     0.000         *     0.117     0.004     0.001     0.816     0.061     4.000
     1.000     1.000     1.000     1.000     1.000     1.000     1.000     1.000     1.000     1.000    72.190     0.000     0.986     0.000     0.006     0.008     2.000
     1.000     1.000     1.000     0.000     0.000     1.000     1.000     1.000     1.000     1.000    66.700     0.004     0.027     0.000     0.964     0.004     4.000
     1.000     1.000     1.000     1.000     1.000     1.000     1.000     1.000     1.000     0.000    76.580     0.000     0.986     0.000     0.006     0.008     2.000
     1.000     1.000     1.000     1.000     1.000     0.000     0.000     1.000     1.000     1.000    79.760     0.001     0.319     0.000     0.004     0.676     5.000
     0.000     1.000     1.000     0.000     0.000     0.000     0.000     0.000     0.000     0.000    64.880     0.004     0.000     0.721     0.001     0.274     3.000
     1.000     1.000     1.000     1.000     1.000     1.000     1.000     1.000     1.000     0.000    89.090     0.000     0.986     0.000     0.006     0.008     2.000
     0.000     0.000     1.000     1.000     1.000     1.000     1.000     1.000     1.000     0.000         *     0.573     0.398     0.000     0.003     0.026     1.000
     0.000     1.000     1.000     1.000     0.000     1.000     1.000         *         *     0.000         *     0.173     0.307     0.001     0.213     0.305     2.000
     1.000     1.000     1.000     0.000     1.000     1.000     0.000     1.000     0.000     0.000    63.930     0.011     0.111     0.001     0.058     0.818     5.000
     0.000     0.000     0.000     0.000     1.000     1.000         *     1.000     1.000     1.000    62.570     0.995     0.001     0.002     0.001     0.001     1.000
     0.000     0.000     1.000     0.000     1.000     1.000     1.000     1.000     0.000     1.000         *     0.941     0.007     0.003     0.005     0.044     1.000
     1.000     0.000     1.000     1.000     1.000     1.000     0.000     0.000     1.000     1.000    45.750     0.076     0.188     0.003     0.004     0.729     5.000
     1.000     1.000     1.000     0.000     0.000     1.000     1.000     1.000     1.000     0.000    55.390     0.004     0.027     0.000     0.964     0.004     4.000
     1.000     0.000     1.000     0.000     1.000     1.000     0.000     1.000     1.000     1.000    66.640     0.445     0.273     0.001     0.132     0.150     1.000
     1.000     1.000     1.000     1.000     1.000     1.000     0.000     1.000     1.000     1.000         *     0.001     0.918     0.000     0.006     0.075     2.000
     0.000     0.000     0.000     0.000     1.000     0.000     0.000     1.000     1.000     1.000    44.780     0.874     0.000     0.111     0.000     0.015     1.000
     1.000     0.000     0.000     0.000     1.000     1.000     1.000     1.000     1.000     0.000         *     0.879     0.052     0.000     0.062     0.007     1.000
     1.000     1.000     0.000     0.000     1.000     1.000     1.000     1.000     1.000     1.000    76.100     0.096     0.536     0.000     0.338     0.030     2.000
     0.000     0.000     0.000     0.000     0.000     1.000     1.000     1.000     0.000     0.000    56.800     0.986     0.000     0.010     0.003     0.001     1.000
     1.000     1.000     1.000     1.000     1.000     1.000     1.000     1.000     1.000     0.000    64.770     0.000     0.986     0.000     0.006     0.008     2.000
     1.000     1.000     1.000     1.000     1.000     0.000     1.000     1.000     0.000     0.000    59.840     0.001     0.126     0.000     0.003     0.870     5.000
     1.000     1.000     1.000     1.000     1.000     1.000     1.000     1.000     0.000     0.000    45.930     0.002     0.780     0.000     0.009     0.208     2.000
     1.000     1.000     1.000     0.000     0.000     1.000     0.000     1.000     1.000     1.000    66.380     0.011     0.025     0.000     0.923     0.041     4.000
     1.000     1.000     1.000     1.000     1.000     1.000     1.000     1.000     1.000     1.000    73.040     0.000     0.986     0.000     0.006     0.008     2.000
     0.000     1.000     1.000     0.000     1.000     0.000     0.000     1.000     1.000     0.000    34.740     0.115     0.043     0.009     0.016     0.818     5.000
     1.000     1.000     1.000     1.000     1.000     1.000     1.000     1.000     1.000     0.000    49.440     0.000     0.986     0.000     0.006     0.008     2.000
     1.000     1.000     1.000     1.000     1.000     1.000     1.000     1.000     1.000     0.000    66.290     0.000     0.986     0.000     0.006     0.008     2.000
     1.000     0.000     1.000     1.000     1.000     1.000     1.000     1.000     1.000     1.000    71.600     0.035     0.936     0.000     0.010     0.019     2.000
     0.000     1.000     1.000     0.000     0.000     1.000     1.000     1.000     1.000     1.000    75.660     0.182     0.030     0.000     0.771     0.016     4.000
     1.000     1.000     1.000     0.000     1.000     0.000     1.000     0.000     0.000     1.000    56.620     0.001     0.003     0.004     0.005     0.986     5.000
     0.000     1.000     1.000     1.000     1.000     1.000     0.000     1.000     1.000     1.000    49.970     0.033     0.758     0.000     0.003     0.205     2.000
     1.000     1.000     1.000     1.000     1.000     1.000     1.000     1.000     1.000     0.000         *     0.000     0.986     0.000     0.006     0.008     2.000
     0.000     0.000     1.000     0.000     1.000     0.000     0.000     0.000     0.000     0.000    33.560     0.012     0.000     0.924     0.000     0.065     3.000
     0.000     0.000     0.000     0.000         *     0.000     0.000     0.000         *     1.000    45.710     0.018     0.000     0.980     0.000     0.002     3.000
     1.000     1.000     0.000     0.000     0.000     0.000     0.000     1.000     1.000     0.000         *     0.146     0.003     0.027     0.516     0.308     4.000
     0.000     0.000     0.000     1.000     1.000     0.000     0.000     0.000     0.000     0.000    47.620     0.007     0.000     0.974     0.000     0.019     3.000
     0.000     0.000     1.000     0.000     0.000     0.000     0.000     1.000     0.000     1.000         *     0.208     0.000     0.725     0.001     0.066     3.000
     0.000     0.000     0.000     1.000     1.000     0.000     0.000     0.000     0.000     0.000         *     0.007     0.000     0.974     0.000     0.019     3.000
     1.000     1.000     1.000     1.000     0.000     0.000     1.000     1.000     1.000     0.000    59.340     0.010     0.231     0.000     0.393     0.366     4.000
     1.000     1.000     1.000     1.000     1.000     1.000     0.000     1.000     1.000     0.000    36.260     0.001     0.918     0.000     0.006     0.075     2.000
     1.000     1.000     0.000     1.000     1.000     1.000     1.000     0.000     1.000     0.000    68.180     0.030     0.679     0.000     0.021     0.270     2.000
     1.000     1.000     1.000     0.000     0.000     1.000     1.000     1.000     1.000     0.000    74.130     0.004     0.027     0.000     0.964     0.004     4.000
     1.000     1.000     1.000     1.000     1.000     1.000     1.000     1.000     1.000     0.000    40.280     0.000     0.986     0.000     0.006     0.008     2.000
     1.000     1.000     0.000     1.000     1.000     1.000     0.000     1.000     1.000     1.000    62.440     0.027     0.792     0.000     0.013     0.169     2.000
     0.000     0.000     1.000     0.000     0.000     0.000     0.000     0.000     0.000     0.000    29.950     0.008     0.000     0.979     0.000     0.013     3.000
     1.000     1.000     1.000     0.000     0.000     1.000     1.000     1.000     1.000     0.000         *     0.004     0.027     0.000     0.964     0.004     4.000
     0.000     1.000     1.000     1.000     1.000     0.000     0.000     1.000     0.000     0.000    64.800     0.004     0.004     0.011     0.000     0.981     5.000
     1.000     1.000     1.000     0.000     0.000     1.000     1.000     1.000     1.000     1.000    54.480     0.004     0.027     0.000     0.964     0.004     4.000
     1.000     0.000     1.000     0.000     1.000     1.000     0.000     1.000     1.000     1.000    49.120     0.445     0.273     0.001     0.132     0.150     1.000
     1.000     1.000     1.000     0.000     0.000     1.000     1.000     1.000     1.000     0.000    50.410     0.004     0.027     0.000     0.964     0.004     4.000
     0.000     0.000     0.000     0.000     0.000     0.000     0.000     0.000     1.000     0.000    60.050     0.130     0.000     0.867     0.000     0.003     3.000
     1.000     1.000     1.000     1.000     1.000     1.000     1.000     1.000     1.000     0.000    73.010     0.000     0.986     0.000     0.006     0.008     2.000
     1.000     1.000     1.000     1.000     1.000     1.000     1.000     1.000     1.000     1.000    58.370     0.000     0.986     0.000     0.006     0.008     2.000
     1.000     1.000     1.000     1.000     1.000     1.000     1.000     1.000     1.000     1.000    56.360     0.000     0.986     0.000     0.006     0.008     2.000
     1.000     0.000     1.000     0.000     0.000     0.000     1.000     1.000     1.000     1.000    42.660     0.295     0.005     0.001     0.647     0.052     4.000
     0.000     1.000     1.000     1.000     1.000     1.000     1.000     1.000     1.000     0.000    64.990     0.015     0.956     0.000     0.004     0.025     2.000
     1.000     0.000     1.000     0.000     0.000     1.000     1.000     1.000     1.000     1.000    45.470     0.179     0.012     0.000     0.804     0.005     4.000
     1.000     1.000     1.000     0.000     0.000     0.000     0.000     0.000     0.000     0.000         *     0.001     0.000     0.141     0.009     0.848     5.000
     0.000     1.000     1.000     0.000     0.000         *     0.000     1.000     0.000     1.000         *     0.150     0.001     0.171     0.073     0.605     5.000
     0.000     1.000     0.000     0.000     1.000     1.000     0.000     1.000     1.000     1.000    70.410     0.849     0.043     0.005     0.021     0.083     1.000
     0.000     0.000     1.000     0.000     0.000     1.000     0.000     0.000     0.000     1.000         *     0.185     0.000     0.768     0.001     0.046     3.000
     1.000     1.000     1.000     1.000     1.000     1.000     0.000     1.000     1.000     0.000         *     0.001     0.918     0.000     0.006     0.075     2.000
     1.000     0.000     0.000     0.000     1.000     1.000     0.000     1.000     1.000     0.000    66.110     0.926     0.019     0.003     0.024     0.027     1.000
     1.000     1.000     1.000     1.000     1.000     0.000     1.000     0.000     1.000     0.000    62.780     0.001     0.201     0.000     0.005     0.793     5.000
     1.000     1.000     1.000     1.000     1.000     1.000     1.000     1.000     1.000     0.000    62.630     0.000     0.986     0.000     0.006     0.008     2.000
     1.000     1.000     1.000     1.000     1.000     1.000     1.000     1.000     1.000     0.000    85.840     0.000     0.986     0.000     0.006     0.008     2.000
     1.000     1.000     1.000     1.000     1.000     0.000     0.000     1.000     1.000     0.000         *     0.001     0.319     0.000     0.004     0.676     5.000
     1.000     0.000     1.000     0.000     0.000     1.000     1.000     1.000     1.000     0.000    43.840     0.179     0.012     0.000     0.804     0.005     4.000
     1.000     1.000     1.000     1.000     1.000     1.000     1.000     1.000     1.000     0.000    35.860     0.000     0.986     0.000     0.006     0.008     2.000
     0.000     0.000     0.000     0.000     1.000     0.000     1.000     0.000     1.000     1.000    55.610     0.837     0.000     0.143     0.000     0.020     1.000
     0.000     1.000     1.000     0.000     0.000     1.000     1.000     1.000     0.000     0.000         *     0.328     0.009     0.002     0.491     0.169     4.000
     0.000     1.000     1.000     0.000     1.000     1.000     1.000     1.000     1.000     1.000    58.350     0.157     0.676     0.000     0.118     0.048     2.000
     1.000     1.000     1.000     1.000     1.000     1.000     1.000     1.000     1.000     1.000    70.640     0.000     0.986     0.000     0.006     0.008     2.000
     1.000     1.000     1.000     1.000     1.000     1.000     1.000     1.000     1.000     0.000    53.250     0.000     0.986     0.000     0.006     0.008     2.000
     0.000     0.000     1.000     0.000     1.000     0.000     0.000     1.000     1.000     0.000         *     0.797     0.003     0.046     0.002     0.151     1.000
     1.000     1.000     1.000     1.000     1.000     1.000     1.000     1.000     1.000     1.000    61.890     0.000     0.986     0.000     0.006     0.008     2.000
     1.000     0.000     0.000     0.000     0.000     1.000     1.000     1.000     0.000     0.000    42.170     0.861     0.000     0.006     0.120     0.012     1.000
     0.000     0.000     1.000     0.000     1.000     0.000     0.000     1.000     0.000     1.000    56.430     0.228     0.000     0.524     0.000     0.248     3.000
     1.000     1.000     1.000     1.000     1.000     1.000     0.000     0.000     1.000     0.000    42.710     0.002     0.389     0.000     0.005     0.604     5.000
     1.000     1.000     1.000     1.000     1.000     1.000     1.000     1.000     1.000     0.000    56.190     0.000     0.986     0.000     0.006     0.008     2.000
     0.000     0.000     1.000     0.000     1.000     1.000     1.000     1.000     1.000     1.000    46.240     0.935     0.043     0.000     0.014     0.008     1.000
     0.000     1.000     1.000     1.000     1.000     1.000     1.000     1.000     0.000     1.000    56.120     0.045     0.504     0.000     0.004     0.447     2.000
     0.000     0.000     1.000     0.000     1.000     1.000     1.000     1.000     1.000     0.000    52.210     0.935     0.043     0.000     0.014     0.008     1.000
     1.000     0.000     1.000     0.000     0.000     0.000     1.000     1.000     1.000     1.000         *     0.295     0.005     0.001     0.647     0.052     4.000
     1.000     0.000     0.000     1.000     0.000     1.000     1.000     1.000     1.000     0.000         *     0.837     0.029     0.000     0.122     0.011     1.000
     1.000     1.000     1.000     0.000     0.000     1.000     1.000     1.000     1.000     0.000    43.820     0.004     0.027     0.000     0.964     0.004     4.000
     1.000     0.000     1.000     1.000     1.000     1.000     1.000     1.000     1.000     1.000    61.290     0.035     0.936     0.000     0.010     0.019     2.000
     1.000     1.000     1.000     1.000     1.000     1.000     1.000     1.000     1.000     0.000    80.610     0.000     0.986     0.000     0.006     0.008     2.000
     1.000     1.000     1.000     1.000     1.000     1.000         *     1.000     1.000     0.000    46.110     0.000     0.976     0.000     0.006     0.018     2.000
     1.000     1.000     1.000     1.000     1.000     1.000     0.000     1.000     1.000     0.000         *     0.001     0.918     0.000     0.006     0.075     2.000
     1.000     1.000     1.000     0.000     1.000     1.000     1.000     1.000     1.000     1.000    79.410     0.005     0.788     0.000     0.191     0.017     2.000
     1.000     1.000     1.000     1.000     1.000     1.000     1.000     0.000     1.000     0.000    60.530     0.001     0.858     0.000     0.010     0.130     2.000
     1.000     1.000     1.000     1.000     1.000     1.000     1.000     1.000     1.000     1.000    65.110     0.000     0.986     0.000     0.006     0.008     2.000
     1.000     0.000     1.000     0.000     1.000     1.000     1.000     1.000     1.000     1.000    60.680     0.274     0.480     0.000     0.220     0.026     2.000
     1.000     1.000     1.000     0.000     1.000     1.000     1.000     1.000     1.000     1.000    66.540     0.005     0.788     0.000     0.191     0.017     2.000
     0.000     1.000     1.000     1.000     1.000     0.000     0.000     1.000     0.000     1.000    58.320     0.004     0.004     0.011     0.000     0.981     5.000
     1.000     1.000     1.000     1.000     1.000     1.000     1.000     0.000     0.000     0.000    72.540     0.001     0.163     0.000     0.004     0.831     5.000
     0.000     0.000     1.000     0.000     0.000     1.000     0.000     0.000     0.000     1.000    72.020     0.185     0.000     0.768     0.001     0.046     3.000
     1.000     1.000     1.000     1.000     1.000     0.000     1.000     0.000     0.000     0.000    90.560     0.000     0.008     0.001     0.000     0.991     5.000
     1.000     1.000     1.000     0.000     1.000     1.000     1.000     1.000     1.000     1.000    60.180     0.005     0.788     0.000     0.191     0.017     2.000
     1.000     1.000     1.000         *     1.000     1.000     1.000     1.000     1.000     0.000    73.600     0.001     0.954     0.000     0.035     0.009     2.000
     0.000     1.000     0.000     1.000     1.000     1.000     0.000     1.000     0.000     0.000         *     0.224     0.030     0.042     0.001     0.703     5.000
     1.000     1.000     1.000     1.000     1.000     1.000     1.000     1.000     1.000     1.000    68.090     0.000     0.986     0.000     0.006     0.008     2.000
     1.000     1.000     1.000     1.000     1.000     1.000     1.000     1.000     1.000     1.000    62.910     0.000     0.986     0.000     0.006     0.008     2.000
     0.000     0.000     0.000     0.000     0.000     1.000     1.000     1.000     1.000     1.000    67.890     0.992     0.000     0.000     0.007     0.000     1.000
     0.000     0.000     1.000     1.000     1.000     1.000     1.000     0.000     0.000     0.000    55.630     0.406     0.013     0.035     0.000     0.546     5.000
     1.000     1.000     1.000     1.000     1.000     0.000     0.000     1.000     1.000     0.000    66.570     0.001     0.319     0.000     0.004     0.676     5.000
     1.000     1.000     1.000     1.000     1.000     1.000     1.000     1.000     1.000     1.000    51.040     0.000     0.986     0.000     0.006     0.008     2.000
     1.000     1.000     0.000     1.000     1.000     1.000     0.000     0.000     0.000     1.000         *     0.005     0.007     0.025     0.000     0.963     5.000
     1.000     1.000     1.000     1.000     1.000     1.000     1.000     0.000     0.000     0.000    66.140     0.001     0.163     0.000     0.004     0.831     5.000
     1.000     1.000     1.000     1.000     1.000     1.000     1.000     1.000     1.000     0.000    75.620     0.000     0.986     0.000     0.006     0.008     2.000
     1.000     1.000     1.000     1.000     1.000     1.000     1.000     1.000     1.000     0.000    53.200     0.000     0.986     0.000     0.006     0.008     2.000
     0.000     0.000     0.000     0.000     1.000     1.000     1.000     1.000     1.000     0.000         *     0.996     0.002     0.000     0.001     0.001     1.000
     0.000     0.000     0.000     0.000     0.000     1.000     1.000     1.000     1.000     1.000    33.390     0.992     0.000     0.000     0.007     0.000     1.000
     1.000     1.000     1.000     1.000     1.000     1.000     0.000     0.000     0.000     1.000    54.310     0.000     0.019     0.001     0.000     0.979     5.000
     1.000     0.000     1.000     1.000     1.000     1.000     1.000     1.000     1.000     0.000    44.770     0.035     0.936     0.000     0.010     0.019     2.000
     1.000     1.000     1.000     1.000     1.000     1.000     0.000     1.000     1.000     0.000         *     0.001     0.918     0.000     0.006     0.075     2.000
     0.000     1.000     0.000     1.000     1.000     0.000     0.000     0.000     0.000     1.000    76.650     0.003     0.000     0.643     0.000     0.353     3.000
     1.000     1.000     1.000     1.000     0.000     1.000     1.000     1.000     1.000     1.000    44.140     0.005     0.516     0.000     0.447     0.031     2.000
     1.000     1.000     1.000     0.000     0.000     0.000     1.000     0.000     1.000     1.000    55.030     0.011     0.004     0.001     0.621     0.363     4.000
     0.000     0.000     0.000     1.000     1.000     1.000     1.000     1.000     1.000     1.000    61.620     0.973     0.023     0.000     0.000     0.004     1.000
     1.000     1.000     1.000     0.000     1.000     1.000     1.000     1.000     1.000     0.000    75.400     0.005     0.788     0.000     0.191     0.017     2.000
     1.000     1.000     1.000     1.000     1.000     1.000     1.000     0.000     1.000     1.000    65.130     0.001     0.858     0.000     0.010     0.130     2.000
     1.000     1.000     1.000     0.000     1.000     1.000     1.000     1.000     1.000     0.000    62.430     0.005     0.788     0.000     0.191     0.017     2.000
     0.000     0.000     0.000     0.000     0.000     1.000     0.000     0.000     0.000     0.000    38.420     0.099     0.000     0.899     0.000     0.002     3.000
     1.000     1.000     1.000         *     0.000     0.000     1.000     1.000     1.000     1.000         *     0.009     0.073     0.000     0.777     0.141     4.000
     0.000     1.000     0.000     0.000     0.000     1.000     0.000     0.000     0.000     1.000    55.710     0.072     0.000     0.867     0.002     0.060     3.000
     1.000     1.000     1.000     1.000     1.000     1.000     1.000         *     1.000     0.000    61.330     0.000     0.979     0.000     0.006     0.015     2.000
     0.000     1.000     1.000     1.000     1.000     1.000     1.000     1.000     1.000     1.000    57.600     0.015     0.956     0.000     0.004     0.025     2.000
     1.000     1.000     1.000     1.000     1.000     0.000     1.000     1.000     0.000     0.000    76.650     0.001     0.126     0.000     0.003     0.870     5.000
     0.000     1.000     1.000     1.000     1.000     1.000     0.000     1.000     1.000     1.000    54.380     0.033     0.758     0.000     0.003     0.205     2.000
     1.000     1.000     1.000     0.000     1.000     1.000     1.000     0.000     0.000     1.000    68.600     0.008     0.063     0.001     0.063     0.865     5.000
     1.000     1.000     1.000     0.000     0.000     1.000     1.000     1.000     1.000     0.000    70.300     0.004     0.027     0.000     0.964     0.004     4.000
     0.000     0.000     0.000     0.000     1.000     0.000     0.000     0.000     0.000     1.000    38.910     0.006     0.000     0.991     0.000     0.003     3.000
     0.000     0.000     0.000     0.000     1.000     1.000         *         *     1.000     1.000    55.980     0.986     0.001     0.010     0.001     0.002     1.000
     1.000     1.000     1.000     1.000     1.000     1.000     1.000     1.000     1.000     0.000         *     0.000     0.986     0.000     0.006     0.008     2.000
     1.000     1.000     1.000     0.000     1.000     1.000     1.000     1.000     1.000     0.000    70.090     0.005     0.788     0.000     0.191     0.017     2.000
     0.000     0.000     1.000     0.000     0.000     1.000     0.000     0.000     1.000     1.000    47.480     0.858     0.000     0.090     0.014     0.037     1.000
     1.000     1.000     1.000     0.000     1.000     1.000     1.000     1.000     1.000     0.000    74.270     0.005     0.788     0.000     0.191     0.017     2.000
     1.000     1.000     0.000     0.000     0.000     1.000     1.000     1.000     1.000     1.000    79.120     0.048     0.010     0.000     0.938     0.004     4.000
     0.000     1.000     0.000     0.000     1.000     1.000     1.000     0.000     1.000     0.000         *     0.819     0.032     0.006     0.029     0.114     1.000
     1.000     0.000     0.000     1.000     0.000     1.000     1.000     1.000     0.000     1.000    36.570     0.876     0.005     0.005     0.045     0.068     1.000
     1.000     1.000     1.000     1.000     1.000     1.000     1.000     1.000     1.000     0.000         *     0.000     0.986     0.000     0.006     0.008     2.000
     1.000     1.000     1.000     1.000     1.000     1.000     1.000     1.000     1.000     0.000    60.740     0.000     0.986     0.000     0.006     0.008     2.000
     1.000     0.000     1.000     0.000     0.000     1.000     1.000     1.000     1.000     0.000         *     0.179     0.012     0.000     0.804     0.005     4.000
     1.000     1.000     1.000     0.000     0.000     1.000     1.000     1.000     1.000     1.000    59.490     0.004     0.027     0.000     0.964     0.004     4.000
     1.000     1.000     1.000     1.000     1.000     1.000     1.000     1.000     1.000     0.000    69.260     0.000     0.986     0.000     0.006     0.008     2.000
     1.000     1.000     1.000     1.000     1.000     0.000     0.000     1.000     0.000     0.000    76.800     0.000     0.014     0.001     0.000     0.985     5.000
     1.000     1.000     1.000     0.000     0.000     1.000     1.000     1.000     1.000     0.000    65.630     0.004     0.027     0.000     0.964     0.004     4.000
     1.000     1.000     1.000     1.000     1.000     1.000     1.000         *     1.000     0.000    56.570     0.000     0.979     0.000     0.006     0.015     2.000
     0.000     0.000     0.000     0.000     1.000     0.000     0.000     1.000     1.000     1.000    42.120     0.874     0.000     0.111     0.000     0.015     1.000
     1.000     1.000     1.000     0.000     1.000     1.000     1.000     1.000     1.000     0.000    68.930     0.005     0.788     0.000     0.191     0.017     2.000
     1.000         *     0.000     0.000     0.000     0.000     0.000     0.000     0.000     0.000    30.800     0.005     0.000     0.952     0.000     0.043     3.000
     1.000     0.000     1.000     1.000     1.000     1.000     1.000     1.000     1.000     0.000    43.730     0.035     0.936     0.000     0.010     0.019     2.000
     0.000     1.000     0.000     0.000     0.000     1.000     0.000     1.000     1.000     1.000         *     0.850     0.002     0.008     0.117     0.024     1.000
     1.000     0.000     0.000     0.000     0.000     1.000     0.000     0.000     0.000     0.000    33.190     0.127     0.000     0.837     0.004     0.032     3.000
     1.000     1.000     1.000     1.000     1.000     1.000     1.000     1.000     1.000     0.000    79.480     0.000     0.986     0.000     0.006     0.008     2.000
     0.000     0.000     0.000     1.000     0.000     1.000     1.000     1.000     0.000     1.000    69.550     0.984     0.000     0.008     0.001     0.007     1.000
     1.000     1.000     1.000     1.000     1.000     1.000     1.000     1.000     1.000     1.000    44.980     0.000     0.986     0.000     0.006     0.008     2.000
     1.000     1.000     1.000     1.000     1.000     1.000     1.000     1.000     1.000     0.000    75.120     0.000     0.986     0.000     0.006     0.008     2.000
     0.000     1.000     1.000     1.000     1.000     1.000     1.000     1.000     1.000     0.000         *     0.015     0.956     0.000     0.004     0.025     2.000
     0.000     0.000     1.000     0.000     0.000     1.000     1.000     0.000     1.000     0.000    59.190     0.941     0.000     0.004     0.043     0.011     1.000
     0.000     0.000     0.000     0.000     0.000     1.000     1.000     1.000     1.000     0.000         *     0.992     0.000     0.000     0.007     0.000     1.000
     0.000     1.000     1.000     1.000     1.000     1.000     1.000     1.000     1.000     0.000    62.300     0.015     0.956     0.000     0.004     0.025     2.000
     1.000     1.000     1.000     1.000     1.000     1.000     1.000     1.000     1.000     0.000    77.800     0.000     0.986     0.000     0.006     0.008     2.000
     1.000     1.000     1.000     1.000     1.000     1.000     1.000     1.000     1.000     0.000    56.920     0.000     0.986     0.000     0.006     0.008     2.000
     0.000     0.000     1.000     0.000     1.000     0.000     0.000     0.000     0.000     0.000         *     0.012     0.000     0.924     0.000     0.065     3.000
     1.000     1.000     1.000     1.000     1.000     1.000     1.000     1.000     1.000     0.000         *     0.000     0.986     0.000     0.006     0.008     2.000
     1.000     0.000     0.000     1.000     0.000     0.000     0.000     0.000     0.000     0.000         *     0.006     0.000     0.939     0.000     0.055     3.000
     1.000     1.000     1.000     1.000     1.000     1.000     1.000     1.000     1.000     0.000    51.970     0.000     0.986     0.000     0.006     0.008     2.000
     1.000     1.000     1.000     1.000     1.000     0.000     0.000     0.000     0.000     1.000    74.600     0.000     0.001     0.005     0.000     0.995     5.000
     1.000     1.000     1.000     1.000     1.000     1.000     1.000     1.000     0.000     1.000    65.090     0.002     0.780     0.000     0.009     0.208     2.000
     1.000     1.000     1.000     0.000     1.000     1.000     1.000     1.000     1.000     0.000    57.240     0.005     0.788     0.000     0.191     0.017     2.000
     1.000     0.000     1.000     0.000     0.000     1.000     1.000     1.000     1.000     0.000    39.130     0.179     0.012     0.000     0.804     0.005     4.000
     1.000     1.000     1.000     1.000     1.000     1.000     1.000     1.000     1.000     1.000    42.020     0.000     0.986     0.000     0.006     0.008     2.000
     0.000     1.000     1.000     1.000     1.000     1.000     1.000     1.000     1.000     0.000    57.030     0.015     0.956     0.000     0.004     0.025     2.000
     0.000     0.000     1.000     1.000     1.000     0.000     0.000     1.000     1.000     1.000    41.420     0.460     0.028     0.022     0.000     0.489     5.000
     1.000     1.000     1.000     0.000     0.000     1.000     1.000     1.000     1.000     0.000    63.100     0.004     0.027     0.000     0.964     0.004     4.000
     1.000     1.000     1.000     1.000     1.000     0.000     1.000     1.000     0.000     1.000    45.490     0.001     0.126     0.000     0.003     0.870     5.000
     1.000     1.000     1.000     0.000         *     0.000     0.000     1.000     0.000     0.000         *     0.003     0.004     0.009     0.027     0.957     5.000
     1.000     0.000     1.000     1.000     1.000     1.000     1.000     1.000     1.000     1.000    75.770     0.035     0.936     0.000     0.010     0.019     2.000
     0.000     0.000     1.000     0.000     0.000     0.000     1.000     1.000     0.000     0.000    34.110     0.807     0.000     0.109     0.012     0.071     1.000
     0.000     1.000     1.000     1.000     1.000     1.000     0.000     0.000     0.000     0.000    64.530     0.005     0.006     0.016     0.000     0.973     5.000
     0.000     0.000     0.000     1.000     1.000     0.000     0.000     0.000     0.000     1.000         *     0.007     0.000     0.974     0.000     0.019     3.000
     0.000     0.000     0.000     0.000     0.000     1.000     1.000     0.000     0.000     0.000         *     0.735     0.000     0.259     0.001     0.005     1.000
     0.000     0.000     0.000     1.000     1.000     1.000     1.000     0.000     1.000     0.000    56.010     0.969     0.006     0.005     0.000     0.020     1.000
     1.000     1.000     1.000     1.000     1.000     0.000     0.000     1.000     1.000     0.000         *     0.001     0.319     0.000     0.004     0.676     5.000
     0.000     1.000     1.000     1.000     1.000     0.000     0.000         *         *     1.000         *     0.007     0.027     0.027     0.000     0.939     5.000
     0.000     0.000     0.000     1.000     1.000     0.000     0.000     0.000     0.000     1.000    38.570     0.007     0.000     0.974     0.000     0.019     3.000
     1.000     1.000     1.000     1.000     1.000     1.000     1.000     1.000     1.000     1.000    83.380     0.000     0.986     0.000     0.006     0.008     2.000
     0.000     1.000     1.000     1.000     1.000     1.000     1.000     1.000     1.000     0.000    68.920     0.015     0.956     0.000     0.004     0.025     2.000
     0.000     0.000     0.000     1.000     1.000     0.000     1.000     1.000     1.000     1.000    34.820     0.965     0.006     0.004     0.000     0.025     1.000
     1.000     1.000     1.000     1.000     1.000     1.000     0.000     1.000     1.000     1.000    44.990     0.001     0.918     0.000     0.006     0.075     2.000
     1.000     1.000     1.000     1.000     1.000     1.000     1.000     1.000     1.000     1.000    73.320     0.000     0.986     0.000     0.006     0.008     2.000
     1.000     0.000     1.000     1.000     1.000     1.000     1.000     0.000     1.000     0.000    62.450     0.091     0.648     0.000     0.014     0.246     2.000
     1.000     1.000     1.000     1.000     1.000     0.000     0.000     0.000     0.000     1.000    71.360     0.000     0.001     0.005     0.000     0.995     5.000
     1.000     1.000     1.000     1.000     1.000     0.000     0.000     1.000     1.000     0.000    66.590     0.001     0.319     0.000     0.004     0.676     5.000
     1.000     1.000     1.000     1.000     1.000     1.000     1.000     1.000     1.000     1.000         *     0.000     0.986     0.000     0.006     0.008     2.000
     0.000     1.000     1.000     0.000     1.000     1.000     1.000     0.000     0.000     1.000    66.650     0.095     0.019     0.013     0.014     0.859     5.000
     0.000     0.000     1.000     1.000     1.000     1.000     1.000     1.000     0.000     1.000    57.760     0.721     0.086     0.002     0.001     0.190     1.000
     1.000     1.000     1.000     1.000     1.000     1.000     0.000     1.000     1.000     1.000    36.560     0.001     0.918     0.000     0.006     0.075     2.000
     1.000     1.000     1.000     1.000     1.000     0.000     1.000         *     1.000     0.000    60.980     0.001     0.710     0.000     0.009     0.281     2.000
     0.000     0.000     0.000     0.000     1.000     1.000     1.000     1.000     1.000     1.000         *     0.996     0.002     0.000     0.001     0.001     1.000
     0.000     0.000     0.000     1.000     1.000     1.000     1.000     1.000     1.000     1.000    60.040     0.973     0.023     0.000     0.000     0.004     1.000
     1.000     1.000     1.000     1.000     1.000     1.000     1.000     1.000     1.000     0.000    67.010     0.000     0.986     0.000     0.006     0.008     2.000
     1.000     1.000     0.000     0.000     0.000         *     0.000     0.000     1.000     0.000         *     0.103     0.002     0.163     0.356     0.376     5.000
     1.000     1.000     1.000     1.000     1.000         *     0.000     1.000     0.000     0.000    37.470     0.001     0.122     0.000     0.002     0.875     5.000
     0.000     0.000     0.000     0.000     0.000     1.000     0.000     1.000     0.000     0.000         *     0.789     0.000     0.207     0.001     0.003     1.000
     1.000     1.000     1.000     1.000     1.000     1.000     1.000     1.000     1.000     1.000    58.850     0.000     0.986     0.000     0.006     0.008     2.000
     1.000     1.000     1.000         *     0.000     0.000     0.000     1.000     1.000     1.000    70.090     0.011     0.031     0.001     0.346     0.611     5.000
     0.000     1.000     0.000     0.000     0.000     0.000     1.000     1.000     1.000     0.000    39.090     0.804     0.001     0.008     0.146     0.041     1.000
     0.000     0.000     1.000     0.000     1.000     0.000     1.000     1.000     1.000     1.000    56.310     0.931     0.011     0.002     0.007     0.049     1.000
     0.000     0.000     1.000     0.000     1.000     0.000     0.000     1.000     1.000     1.000    46.730     0.797     0.003     0.046     0.002     0.151     1.000
     1.000     1.000     1.000     0.000     1.000     1.000     1.000     1.000     1.000     0.000         *     0.005     0.788     0.000     0.191     0.017     2.000
     0.000     0.000     0.000     0.000     1.000     0.000     0.000     1.000     1.000     1.000    66.000     0.874     0.000     0.111     0.000     0.015     1.000
     1.000     1.000     1.000     1.000     1.000     1.000     1.000     1.000     1.000     0.000         *     0.000     0.986     0.000     0.006     0.008     2.000
     1.000     0.000     1.000     0.000     0.000     1.000     0.000     1.000     1.000     0.000    45.310     0.359     0.008     0.001     0.596     0.035     4.000
     1.000     1.000     1.000     1.000     1.000     0.000     0.000     1.000     0.000     0.000    60.410     0.000     0.014     0.001     0.000     0.985     5.000
     0.000     1.000     1.000     1.000     1.000     1.000     1.000     1.000     1.000     1.000    68.340     0.015     0.956     0.000     0.004     0.025     2.000
     1.000     1.000     1.000     1.000     1.000     1.000     1.000     1.000     1.000     0.000    72.690     0.000     0.986     0.000     0.006     0.008     2.000
     1.000     1.000     1.000     1.000     1.000     1.000     1.000         *     1.000     0.000    63.100     0.000     0.979     0.000     0.006     0.015     2.000
     1.000     1.000     0.000     1.000     1.000     1.000     1.000     1.000     1.000     1.000    73.280     0.011     0.954     0.000     0.015     0.020     2.000
     0.000     0.000     0.000     1.000     1.000     0.000     0.000     0.000     0.000     0.000    61.420     0.007     0.000     0.974     0.000     0.019     3.000
     0.000     0.000     1.000     1.000     1.000     1.000     1.000     1.000     1.000     1.000    67.100     0.573     0.398     0.000     0.003     0.026     1.000
     0.000     0.000     1.000     1.000     1.000     0.000     1.000     1.000     1.000     0.000    63.050     0.678     0.117     0.001     0.002     0.202     1.000
     0.000     0.000     0.000     1.000     0.000     0.000     0.000     0.000     0.000     0.000         *     0.005     0.000     0.992     0.000     0.004     3.000
     1.000     1.000     1.000     1.000     1.000     0.000     1.000     1.000     0.000     0.000    79.450     0.001     0.126     0.000     0.003     0.870     5.000
     1.000     1.000     1.000     0.000     1.000     1.000     1.000     1.000     1.000     0.000    62.630     0.005     0.788     0.000     0.191     0.017     2.000
     1.000     1.000     1.000     1.000     1.000     1.000     0.000     0.000     0.000     1.000    60.870     0.000     0.019     0.001     0.000     0.979     5.000
     1.000     0.000     1.000     1.000     1.000     1.000     1.000     0.000     1.000     0.000    74.390     0.091     0.648     0.000     0.014     0.246     2.000
     1.000     1.000     1.000     1.000     1.000     1.000     1.000     1.000     1.000     0.000    70.430     0.000     0.986     0.000     0.006     0.008     2.000
     0.000     0.000     0.000     0.000     0.000     1.000     1.000     1.000     1.000     1.000         *     0.992     0.000     0.000     0.007     0.000     1.000
     1.000     1.000     1.000     1.000     1.000     0.000     1.000     1.000     1.000     1.000    71.150     0.001     0.819     0.000     0.009     0.170     2.000
     1.000     1.000     1.000     1.000     1.000     1.000     1.000     1.000     1.000     1.000    53.560     0.000     0.986     0.000     0.006     0.008     2.000
     1.000     1.000     1.000     1.000     1.000     1.000     1.000     1.000     1.000     0.000         *     0.000     0.986     0.000     0.006     0.008     2.000
     0.000     0.000     0.000     1.000     1.000     0.000     0.000     0.000     0.000     0.000    71.840     0.007     0.000     0.974     0.000     0.019     3.000
     1.000     1.000     1.000     1.000     0.000     0.000     0.000     0.000     1.000     0.000    51.290     0.001     0.003     0.003     0.011     0.981     5.000
     0.000     0.000     1.000     0.000     1.000     0.000     0.000     1.000     0.000     0.000    75.120     0.228     0.000     0.524     0.000     0.248     3.000
     1.000     1.000     1.000     1.000     1.000     1.000     1.000     1.000     1.000     1.000    51.470     0.000     0.986     0.000     0.006     0.008     2.000
     1.000     1.000     1.000     0.000     0.000     1.000     1.000     1.000     1.000     0.000    57.500     0.004     0.027     0.000     0.964     0.004     4.000
     0.000     0.000     1.000     1.000     1.000     0.000     1.000     0.000     0.000     0.000    64.380     0.082     0.001     0.206     0.000     0.712     5.000
     0.000     0.000     0.000     0.000     1.000     0.000     0.000     0.000     0.000     1.000    60.450     0.006     0.000     0.991     0.000     0.003     3.000
     1.000     1.000     1.000     1.000     1.000     1.000     1.000     0.000     0.000     1.000    70.520     0.001     0.163     0.000     0.004     0.831     5.000
     0.000     0.000     0.000     1.000     1.000     1.000     1.000     1.000     1.000     0.000    48.870     0.973     0.023     0.000     0.000     0.004     1.000
     1.000     1.000     1.000     1.000     1.000     1.000     1.000     0.000     1.000     0.000    71.790     0.001     0.858     0.000     0.010     0.130     2.000
     1.000     1.000     1.000     1.000     1.000     1.000     0.000     1.000     1.000     0.000    70.070     0.001     0.918     0.000     0.006     0.075     2.000
     0.000     0.000     0.000     1.000     1.000     1.000     1.000     1.000     1.000     1.000    58.640     0.973     0.023     0.000     0.000     0.004     1.000
     1.000     1.000     1.000     1.000     1.000     1.000     1.000     1.000     1.000     0.000    67.170     0.000     0.986     0.000     0.006     0.008     2.000
     1.000     0.000     1.000     1.000     1.000     1.000     1.000     1.000     1.000     1.000    66.620     0.035     0.936     0.000     0.010     0.019     2.000
     1.000     1.000     1.000     1.000     1.000     1.000     1.000     1.000     1.000     0.000         *     0.000     0.986     0.000     0.006     0.008     2.000
     1.000     1.000     1.000     1.000     1.000     1.000     1.000     1.000     1.000     1.000    44.330     0.000     0.986     0.000     0.006     0.008     2.000
     0.000     0.000     0.000     0.000     0.000     1.000     1.000     1.000     1.000     0.000    57.090     0.992     0.000     0.000     0.007     0.000     1.000
     1.000     1.000     1.000     0.000     1.000     1.000     1.000     1.000     1.000     1.000    51.420     0.005     0.788     0.000     0.191     0.017     2.000
     0.000     1.000     1.000     1.000     1.000     0.000     0.000     1.000     0.000     0.000         *     0.004     0.004     0.011     0.000     0.981     5.000
     1.000     1.000     1.000     1.000     1.000     1.000     1.000     1.000     1.000     1.000    75.570     0.000     0.986     0.000     0.006     0.008     2.000
     1.000     1.000     1.000     1.000     0.000     1.000     1.000     1.000     1.000     0.000    44.490     0.005     0.516     0.000     0.447     0.031     2.000
     0.000     1.000     1.000     1.000     1.000     0.000     0.000     0.000     0.000     0.000    55.010     0.001     0.000     0.068     0.000     0.931     5.000
     1.000     1.000     1.000     1.000     1.000     1.000     1.000     1.000     1.000     0.000    74.260     0.000     0.986     0.000     0.006     0.008     2.000
     0.000     1.000     0.000     1.000     1.000         *     0.000     0.000     0.000     1.000         *     0.012     0.000     0.561     0.000     0.426     3.000
     1.000     1.000     1.000     1.000     1.000     1.000     0.000     1.000     1.000     0.000    53.150     0.001     0.918     0.000     0.006     0.075     2.000
     1.000     1.000     0.000     0.000     1.000     1.000     1.000     1.000     1.000     1.000    65.680     0.096     0.536     0.000     0.338     0.030     2.000
     1.000     1.000     1.000     1.000     1.000     1.000     1.000     1.000     1.000     0.000    72.000     0.000     0.986     0.000     0.006     0.008     2.000
     1.000     1.000     1.000     1.000     1.000     1.000     1.000     1.000     1.000     1.000    56.940     0.000     0.986     0.000     0.006     0.008     2.000
     1.000     1.000     1.000     0.000     1.000     0.000     1.000     1.000     0.000     1.000    48.700     0.007     0.048     0.001     0.047     0.898     5.000
     1.000     1.000     1.000     0.000     0.000     1.000     1.000     1.000     0.000     0.000         *     0.011     0.012     0.000     0.908     0.068     4.000
     0.000     0.000     0.000     0.000     1.000     1.000     1.000     1.000     0.000     1.000    63.950     0.989     0.000     0.007     0.000     0.004     1.000
     1.000     0.000     1.000     0.000     0.000     0.000     0.000     0.000     0.000     0.000    46.250     0.009     0.000     0.817     0.001     0.173     3.000
     1.000     1.000     1.000     1.000     1.000     0.000     0.000     1.000     1.000     0.000         *     0.001     0.319     0.000     0.004     0.676     5.000
     1.000     1.000     1.000     1.000     1.000     1.000     0.000     0.000     1.000     0.000    34.400     0.002     0.389     0.000     0.005     0.604     5.000
     1.000     1.000     1.000     1.000     1.000     1.000     1.000         *     1.000     1.000    62.960     0.000     0.979     0.000     0.006     0.015     2.000
     1.000     1.000     1.000         *     1.000     1.000     1.000     1.000     0.000     0.000    70.050     0.005     0.709     0.000     0.054     0.232     2.000
     1.000     1.000     1.000     1.000     1.000     1.000     1.000     1.000     1.000     1.000    63.480     0.000     0.986     0.000     0.006     0.008     2.000
     1.000     1.000     1.000     1.000     1.000     1.000     0.000     0.000     1.000     0.000         *     0.002     0.389     0.000     0.005     0.604     5.000
     0.000     0.000     0.000     0.000     0.000     1.000     1.000     1.000     1.000     0.000    47.140     0.992     0.000     0.000     0.007     0.000     1.000
     0.000     0.000     1.000     0.000     1.000     1.000     1.000     1.000     1.000     0.000         *     0.935     0.043     0.000     0.014     0.008     1.000
     1.000     1.000     1.000     1.000     1.000     1.000     1.000     1.000     1.000     0.000    86.180     0.000     0.986     0.000     0.006     0.008     2.000
     0.000     1.000     1.000     1.000     1.000     1.000     1.000     1.000     1.000     1.000    74.340     0.015     0.956     0.000     0.004     0.025     2.000
     1.000     1.000     1.000     1.000     1.000     1.000     1.000     1.000     1.000     1.000    72.110     0.000     0.986     0.000     0.006     0.008     2.000
     0.000     0.000     0.000     0.000     0.000     0.000     0.000     0.000     0.000     0.000    41.640     0.004     0.000     0.996     0.000     0.001     3.000
     1.000     0.000     1.000     0.000     0.000     0.000     0.000     1.000     1.000     1.000         *     0.398     0.002     0.026     0.322     0.252     1.000
     1.000     1.000     1.000     1.000     1.000     1.000     1.000     1.000     1.000     0.000    59.480     0.000     0.986     0.000     0.006     0.008     2.000
     1.000     1.000     1.000     1.000     1.000     0.000     1.000     1.000     1.000     1.000    80.750     0.001     0.819     0.000     0.009     0.170     2.000
     0.000     1.000     1.000     1.000     1.000     0.000     0.000     1.000     0.000     0.000    36.370     0.004     0.004     0.011     0.000     0.981     5.000
     1.000     1.000     1.000     0.000     0.000     1.000     1.000     1.000     1.000     0.000    49.660     0.004     0.027     0.000     0.964     0.004     4.000
     1.000     1.000     1.000     0.000     1.000     1.000     1.000     1.000     1.000     1.000    61.580     0.005     0.788     0.000     0.191     0.017     2.000
     1.000     1.000     1.000     0.000     1.000     1.000     0.000     0.000     1.000     0.000    70.520     0.011     0.173     0.001     0.088     0.726     5.000
     1.000     1.000     1.000     1.000     1.000     1.000     1.000     1.000     1.000     0.000    63.430     0.000     0.986     0.000     0.006     0.008     2.000
     0.000     1.000     1.000     0.000     1.000     0.000     0.000     0.000     0.000     0.000    80.270     0.003     0.000     0.334     0.000     0.662     5.000
     0.000     1.000     1.000     1.000     1.000     1.000     1.000     1.000     1.000     0.000    54.080     0.015     0.956     0.000     0.004     0.025     2.000
     1.000     1.000     1.000     1.000     1.000     1.000     1.000     1.000     1.000     1.000    55.390     0.000     0.986     0.000     0.006     0.008     2.000
     1.000     1.000     1.000     1.000     1.000     1.000     1.000     1.000     1.000     1.000    64.750     0.000     0.986     0.000     0.006     0.008     2.000
     0.000     0.000     1.000     0.000     0.000     1.000     1.000     1.000     1.000     0.000         *     0.918     0.002     0.000     0.078     0.002     1.000
     1.000     0.000     1.000     0.000     0.000     1.000     1.000     1.000     1.000     0.000         *     0.179     0.012     0.000     0.804     0.005     4.000
     1.000     0.000     1.000     0.000     1.000     1.000     1.000     1.000     1.000     1.000    48.540     0.274     0.480     0.000     0.220     0.026     2.000
     1.000     0.000     0.000     0.000     0.000     1.000     0.000     0.000     0.000     0.000    37.860     0.127     0.000     0.837     0.004     0.032     3.000
     0.000     0.000     0.000     0.000     0.000     0.000     0.000     0.000     1.000     0.000    36.530     0.130     0.000     0.867     0.000     0.003     3.000
     1.000     1.000     1.000     1.000     1.000     1.000     0.000     0.000     1.000     1.000    59.290     0.002     0.389     0.000     0.005     0.604     5.000
     0.000     0.000     0.000     1.000     0.000     1.000     0.000     1.000     0.000     0.000         *     0.807     0.000     0.173     0.000     0.020     1.000
     0.000     1.000     0.000     0.000     0.000     1.000     0.000     0.000     0.000     0.000    44.010     0.072     0.000     0.867     0.002     0.060     3.000
     0.000     0.000     1.000     1.000     1.000     0.000     0.000     1.000     1.000     1.000    57.790     0.460     0.028     0.022     0.000     0.489     5.000
     1.000     1.000     1.000     0.000     1.000     1.000     1.000     1.000     0.000     1.000    81.510     0.016     0.443     0.000     0.221     0.320     2.000
     1.000     1.000     1.000     1.000     1.000     1.000     1.000     1.000     1.000     1.000    55.080     0.000     0.986     0.000     0.006     0.008     2.000
     1.000     1.000     1.000     0.000     1.000     0.000     0.000     0.000     0.000     1.000         *     0.000     0.000     0.031     0.001     0.968     5.000
     1.000     1.000     1.000     1.000     1.000     1.000     1.000     1.000     1.000     0.000         *     0.000     0.986     0.000     0.006     0.008     2.000
     1.000     1.000     1.000     1.000     1.000     1.000     1.000     1.000     1.000     1.000    55.350     0.000     0.986     0.000     0.006     0.008     2.000
     0.000     0.000     0.000     0.000     0.000     1.000     1.000         *     1.000     0.000    81.800     0.991     0.000     0.002     0.007     0.000     1.000
     1.000     0.000     0.000     0.000     1.000     1.000     0.000     0.000     0.000     1.000    52.940     0.161     0.000     0.698     0.001     0.140     3.000
     0.000     1.000     1.000     1.000     1.000     1.000     0.000     1.000     1.000     1.000    68.950     0.033     0.758     0.000     0.003     0.205     2.000
     1.000     1.000     1.000     0.000     1.000     1.000     1.000     0.000     1.000     0.000    61.770     0.012     0.522     0.000     0.253     0.214     2.000
     1.000     1.000     0.000     1.000     1.000     1.000     1.000     1.000     1.000     1.000         *     0.011     0.954     0.000     0.015     0.020     2.000
     1.000     1.000     1.000         *     1.000     1.000     1.000     1.000     1.000     0.000    51.070     0.001     0.954     0.000     0.035     0.009     2.000
     1.000     1.000     1.000     0.000     0.000     0.000     1.000     1.000     1.000     0.000    76.650     0.008     0.013     0.000     0.922     0.057     4.000
     0.000     1.000     1.000     1.000     1.000     1.000     1.000     1.000     1.000     0.000    76.280     0.015     0.956     0.000     0.004     0.025     2.000
     1.000     1.000     1.000     0.000     1.000     1.000     0.000     1.000     1.000     0.000    64.570     0.012     0.670     0.000     0.171     0.148     2.000
     1.000     1.000     0.000     1.000     1.000     1.000     0.000     0.000     0.000     0.000         *     0.005     0.007     0.025     0.000     0.963     5.000
     1.000     1.000     1.000     1.000     1.000     0.000     1.000     1.000     0.000     1.000    53.320     0.001     0.126     0.000     0.003     0.870     5.000
     1.000     1.000     1.000     1.000     0.000     0.000     1.000     1.000     1.000     1.000    71.150     0.010     0.231     0.000     0.393     0.366     4.000
     1.000     1.000     1.000     1.000     1.000     1.000     1.000     1.000     0.000     1.000    63.030     0.002     0.780     0.000     0.009     0.208     2.000
     1.000     1.000     1.000     0.000     1.000     0.000     1.000     1.000     0.000     1.000         *     0.007     0.048     0.001     0.047     0.898     5.000
     1.000     1.000     1.000     0.000     0.000     1.000     1.000     1.000     1.000     1.000         *     0.004     0.027     0.000     0.964     0.004     4.000
     0.000     0.000     0.000     0.000     0.000     0.000     0.000     1.000     1.000     1.000         *     0.834     0.000     0.161     0.001     0.004     1.000
     0.000     0.000     0.000     0.000     0.000     0.000     0.000     0.000     0.000     0.000         *     0.004     0.000     0.996     0.000     0.001     3.000
     1.000     1.000     1.000     0.000     1.000     1.000     1.000     1.000     1.000     0.000    67.070     0.005     0.788     0.000     0.191     0.017     2.000
     1.000     1.000     1.000     1.000     1.000     1.000     1.000     1.000     1.000     0.000    62.240     0.000     0.986     0.000     0.006     0.008     2.000
     0.000     0.000     0.000     0.000     1.000     1.000     1.000     1.000     1.000     1.000    75.840     0.996     0.002     0.000     0.001     0.001     1.000
     1.000     1.000     1.000     0.000     1.000     1.000     0.000     1.000     1.000     1.000    69.010     0.012     0.670     0.000     0.171     0.148     2.000
     1.000     1.000     0.000     1.000     1.000     1.000     0.000     1.000     1.000     1.000         *     0.027     0.792     0.000     0.013     0.169     2.000
     1.000     1.000     1.000     1.000     1.000     1.000     1.000     1.000     1.000     0.000    52.350     0.000     0.986     0.000     0.006     0.008     2.000
     0.000     0.000     1.000     1.000     1.000     1.000     0.000     1.000     1.000     1.000    57.170     0.709     0.172     0.001     0.001     0.116     1.000
     1.000     1.000     1.000     0.000     0.000     1.000     1.000     1.000     1.000     0.000    28.650     0.004     0.027     0.000     0.964     0.004     4.000
     0.000     0.000         *     0.000     1.000     1.000     1.000     1.000     1.000     0.000         *     0.971     0.019     0.000     0.007     0.004     1.000
     1.000     1.000     1.000     1.000     1.000     1.000     1.000     1.000     1.000     0.000    67.450     0.000     0.986     0.000     0.006     0.008     2.000
     1.000     1.000     1.000     1.000     1.000     0.000     1.000     1.000     1.000     0.000    65.870     0.001     0.819     0.000     0.009     0.170     2.000
     1.000     0.000     0.000     0.000     0.000     0.000     0.000     0.000     0.000     1.000    68.600     0.005     0.000     0.986     0.000     0.008     3.000
     1.000     1.000     1.000     0.000     0.000     1.000     1.000     1.000     1.000     0.000    46.370     0.004     0.027     0.000     0.964     0.004     4.000
     0.000     0.000     0.000     0.000     0.000     0.000     0.000     0.000     0.000     0.000    52.830     0.004     0.000     0.996     0.000     0.001     3.000
     1.000     1.000     0.000     0.000     1.000     0.000     1.000     1.000     1.000     1.000    75.400     0.163     0.226     0.001     0.279     0.331     5.000
     0.000     0.000     1.000     0.000     0.000     0.000     0.000     0.000     0.000     1.000    68.160     0.008     0.000     0.979     0.000     0.013     3.000
     1.000     1.000     1.000     1.000     1.000     0.000     0.000     1.000     0.000     1.000    70.190     0.000     0.014     0.001     0.000     0.985     5.000
     1.000     1.000     1.000     1.000     1.000     1.000     0.000     1.000     1.000     0.000         *     0.001     0.918     0.000     0.006     0.075     2.000
     1.000     1.000     1.000         *     1.000     0.000     1.000     1.000     0.000     1.000    70.010     0.003     0.104     0.000     0.015     0.878     5.000
     1.000     1.000     1.000     1.000     1.000     1.000     1.000     1.000     1.000     0.000    62.780     0.000     0.986     0.000     0.006     0.008     2.000
     0.000     0.000     0.000     0.000     0.000     1.000     1.000     1.000     1.000     0.000    62.220     0.992     0.000     0.000     0.007     0.000     1.000
     0.000     0.000     1.000     1.000     1.000     1.000     1.000     1.000     1.000     1.000    74.090     0.573     0.398     0.000     0.003     0.026     1.000
     1.000     1.000     1.000     1.000     1.000     1.000     1.000     1.000     1.000     1.000    46.910     0.000     0.986     0.000     0.006     0.008     2.000
     1.000     1.000     1.000     0.000     1.000     1.000     1.000     0.000     0.000     0.000    89.580     0.008     0.063     0.001     0.063     0.865     5.000
     1.000     1.000     1.000     0.000     0.000     1.000     1.000     1.000     1.000     0.000    61.880     0.004     0.027     0.000     0.964     0.004     4.000
     0.000     0.000     0.000     1.000     1.000     0.000     0.000     0.000     0.000     0.000    43.440     0.007     0.000     0.974     0.000     0.019     3.000
     0.000     0.000     0.000     0.000     0.000     1.000     0.000     0.000     1.000     1.000         *     0.810     0.000     0.186     0.001     0.003     1.000
     1.000     1.000     1.000     1.000     1.000     1.000     0.000     1.000     1.000     0.000         *     0.001     0.918     0.000     0.006     0.075     2.000
     1.000     0.000     1.000     0.000     0.000     1.000     1.000     1.000     1.000     0.000    34.560     0.179     0.012     0.000     0.804     0.005     4.000
     0.000     0.000     0.000     0.000     1.000     0.000     1.000     1.000     0.000     1.000    53.540     0.819     0.000     0.159     0.000     0.022     1.000
     1.000     1.000     1.000     1.000     1.000     1.000     1.000     1.000     1.000     1.000    47.710     0.000     0.986     0.000     0.006     0.008     2.000
     1.000     1.000     1.000     1.000     1.000     1.000     1.000     1.000     1.000     1.000    74.770     0.000     0.986     0.000     0.006     0.008     2.000
     1.000     1.000     0.000     0.000     0.000     1.000     1.000     0.000     1.000     0.000    69.740     0.083     0.005     0.001     0.873     0.039     4.000
     1.000     1.000     1.000     1.000     1.000     1.000     1.000     0.000     1.000     0.000         *     0.001     0.858     0.000     0.010     0.130     2.000
     1.000     1.000     0.000     0.000     1.000     1.000     1.000     1.000     0.000     1.000    60.780     0.200     0.191     0.001     0.248     0.359     5.000
     1.000     1.000     1.000         *     1.000     1.000     1.000     1.000     1.000     0.000         *     0.001     0.954     0.000     0.035     0.009     2.000
     1.000     1.000     1.000     1.000     1.000     0.000     0.000     1.000     1.000     0.000    53.540     0.001     0.319     0.000     0.004     0.676     5.000
     0.000     0.000     1.000     0.000     0.000     1.000     1.000     1.000     1.000     0.000    43.330     0.918     0.002     0.000     0.078     0.002     1.000
     0.000     1.000     1.000     0.000     0.000     0.000     0.000     1.000     1.000     0.000    52.500     0.252     0.004     0.030     0.192     0.523     5.000
     1.000     1.000     1.000     0.000     0.000     1.000     1.000     1.000     1.000     0.000    32.610     0.004     0.027     0.000     0.964     0.004     4.000
     1.000     1.000     1.000     1.000     1.000     1.000     1.000     0.000     1.000     0.000    73.400     0.001     0.858     0.000     0.010     0.130     2.000
     1.000     1.000     1.000     1.000     1.000     1.000     1.000     1.000     1.000     1.000    76.310     0.000     0.986     0.000     0.006     0.008     2.000
     1.000     0.000     0.000     1.000     1.000     1.000     0.000     1.000     0.000     1.000    34.690     0.473     0.025     0.049     0.002     0.452     1.000
     0.000     0.000     0.000     0.000     1.000     1.000     1.000     1.000     1.000     0.000    50.120     0.996     0.002     0.000     0.001     0.001     1.000
     1.000     1.000     1.000     0.000     0.000     0.000     0.000     0.000     0.000     0.000    46.180     0.001     0.000     0.141     0.009     0.848     5.000
     1.000     1.000     1.000     1.000     1.000     0.000     0.000     0.000     0.000     0.000    41.640     0.000     0.001     0.005     0.000     0.995     5.000
     1.000     1.000     1.000     0.000     1.000     1.000     1.000     1.000     0.000     1.000         *     0.016     0.443     0.000     0.221     0.320     2.000
     1.000     0.000     1.000     0.000         *     1.000     1.000     1.000     1.000     0.000    57.030     0.216     0.195     0.000     0.576     0.013     4.000
     1.000     1.000     1.000     1.000     1.000     1.000     0.000     1.000     1.000     1.000    61.070     0.001     0.918     0.000     0.006     0.075     2.000
     0.000     0.000     0.000     0.000     1.000     1.000     1.000     1.000     1.000     1.000    54.110     0.996     0.002     0.000     0.001     0.001     1.000
     1.000     1.000     1.000     0.000     0.000     1.000     1.000     1.000     1.000     0.000    54.210     0.004     0.027     0.000     0.964     0.004     4.000
     0.000     1.000     0.000     0.000     1.000     0.000         *     0.000     0.000     1.000         *     0.011     0.000     0.885     0.000     0.104     3.000
     1.000     1.000     1.000     1.000     1.000     1.000     1.000     1.000     1.000     0.000         *     0.000     0.986     0.000     0.006     0.008     2.000
     1.000     1.000     1.000     1.000     1.000     1.000     1.000     1.000     1.000     1.000    78.050     0.000     0.986     0.000     0.006     0.008     2.000
     1.000     1.000     1.000     1.000     1.000     1.000     0.000     1.000     0.000     1.000    54.890     0.002     0.267     0.000     0.003     0.728     5.000
     0.000     0.000     1.000     1.000     1.000     1.000     1.000     0.000     1.000     1.000    61.290     0.701     0.130     0.002     0.002     0.165     1.000
     0.000     0.000     1.000     1.000     1.000     1.000     0.000     0.000     0.000     1.000    58.220     0.124     0.001     0.277     0.000     0.597     5.000
     1.000     1.000     1.000     1.000     1.000     0.000     0.000     1.000     1.000     0.000    65.850     0.001     0.319     0.000     0.004     0.676     5.000
     1.000     0.000     0.000     0.000     0.000     1.000     1.000     1.000     0.000     0.000    40.850     0.861     0.000     0.006     0.120     0.012     1.000
     1.000     1.000     1.000     0.000     1.000     1.000     0.000         *     1.000     1.000    71.560     0.012     0.586     0.000     0.157     0.246     2.000
     1.000     1.000     0.000     1.000     0.000     1.000     1.000     0.000     0.000     0.000    32.410     0.056     0.008     0.016     0.077     0.842     5.000
     1.000     1.000     1.000     1.000     1.000     0.000     1.000     0.000     0.000     1.000    61.130     0.000     0.008     0.001     0.000     0.991     5.000
     1.000     1.000     1.000     1.000     1.000     0.000     0.000     0.000     0.000     0.000    60.020     0.000     0.001     0.005     0.000     0.995     5.000
     1.000     1.000     1.000     0.000     0.000     1.000     1.000     0.000     1.000     0.000    57.590     0.008     0.013     0.000     0.938     0.041     4.000
     1.000     1.000     1.000     1.000     1.000     1.000     1.000     1.000     1.000     1.000         *     0.000     0.986     0.000     0.006     0.008     2.000
     1.000     1.000     1.000         *     1.000     1.000     1.000     1.000     1.000     1.000    60.270     0.001     0.954     0.000     0.035     0.009     2.000
     0.000     1.000     0.000     0.000     0.000     0.000     0.000     0.000     0.000     0.000    78.050     0.003     0.000     0.982     0.000     0.015     3.000
     1.000     1.000     1.000     1.000     1.000     0.000     1.000     1.000     1.000     1.000    67.110     0.001     0.819     0.000     0.009     0.170     2.000
     1.000     1.000     1.000     0.000     1.000     1.000     1.000     1.000     1.000     0.000         *     0.005     0.788     0.000     0.191     0.017     2.000
     0.000     0.000         *     0.000     0.000     1.000     1.000     1.000     1.000     1.000    57.650     0.961     0.001     0.000     0.037     0.001     1.000
     1.000     0.000     0.000     0.000     1.000     1.000     1.000     1.000     1.000     0.000         *     0.879     0.052     0.000     0.062     0.007     1.000
     1.000     1.000     1.000     0.000     1.000     1.000     1.000     1.000     1.000     0.000         *     0.005     0.788     0.000     0.191     0.017     2.000
     1.000     1.000     1.000     0.000     1.000     1.000     1.000     1.000     1.000     1.000    62.550     0.005     0.788     0.000     0.191     0.017     2.000
     1.000     1.000     1.000     1.000     1.000     1.000     1.000     1.000     1.000     1.000    58.050     0.000     0.986     0.000     0.006     0.008     2.000
     0.000     1.000     1.000     0.000     1.000     1.000     1.000     1.000     0.000     0.000    59.360     0.265     0.195     0.001     0.071     0.468     5.000
     0.000     0.000     0.000     0.000     1.000     0.000     0.000     0.000     0.000     1.000    57.520     0.006     0.000     0.991     0.000     0.003     3.000
     0.000     0.000     0.000     0.000     0.000     1.000     0.000     1.000     1.000     1.000    58.160     0.990     0.000     0.007     0.003     0.001     1.000
     1.000     1.000     1.000     0.000     0.000     1.000     1.000     1.000     1.000     0.000    67.860     0.004     0.027     0.000     0.964     0.004     4.000
     1.000     1.000     1.000     1.000     1.000     1.000     1.000     1.000     1.000     1.000    47.730     0.000     0.986     0.000     0.006     0.008     2.000
     1.000     1.000     1.000     0.000     0.000     0.000     0.000     0.000         *     1.000    62.500     0.003     0.000     0.096     0.061     0.840     5.000
     1.000     1.000     1.000     0.000     0.000     1.000     1.000     1.000     1.000     0.000    35.230     0.004     0.027     0.000     0.964     0.004     4.000
     0.000     0.000     0.000         *     0.000     0.000     0.000     0.000     0.000     0.000    63.510     0.004     0.000     0.995     0.000     0.001     3.000
     1.000     1.000     1.000     1.000     1.000     1.000     1.000     1.000     1.000     0.000    85.970     0.000     0.986     0.000     0.006     0.008     2.000
     1.000     1.000     1.000     1.000     1.000     0.000     1.000     1.000     0.000     1.000         *     0.001     0.126     0.000     0.003     0.870     5.000
     1.000     0.000     1.000     0.000     0.000     1.000     0.000     1.000     1.000     0.000         *     0.359     0.008     0.001     0.596     0.035     4.000
     1.000     1.000     0.000     0.000     1.000     0.000     1.000     1.000     0.000     0.000    44.590     0.073     0.017     0.014     0.044     0.851     5.000
     1.000     1.000     1.000     1.000     1.000     1.000     1.000     1.000     1.000     0.000    49.680     0.000     0.986     0.000     0.006     0.008     2.000
     1.000     1.000     0.000     1.000     0.000     1.000     0.000     0.000     0.000     0.000    41.680     0.016     0.001     0.115     0.008     0.860     5.000
     1.000     1.000     1.000     1.000     1.000     1.000     1.000     1.000     1.000     1.000    58.090     0.000     0.986     0.000     0.006     0.008     2.000
     0.000     1.000     0.000     1.000     1.000     0.000     0.000     0.000     0.000     1.000    54.910     0.003     0.000     0.643     0.000     0.353     3.000
     0.000     0.000     0.000     1.000     1.000     0.000     0.000     0.000     0.000     0.000    74.700     0.007     0.000     0.974     0.000     0.019     3.000
     0.000     0.000     1.000     1.000     1.000     1.000     0.000     1.000     1.000     1.000         *     0.709     0.172     0.001     0.001     0.116     1.000
     0.000     0.000     1.000     0.000     0.000     1.000     0.000     1.000     1.000     1.000    68.230     0.958     0.001     0.003     0.030     0.008     1.000
     0.000     1.000     1.000     1.000     1.000     0.000     0.000     0.000     0.000     0.000    48.180     0.001     0.000     0.068     0.000     0.931     5.000
     0.000     0.000     0.000     0.000     0.000     0.000     0.000     0.000     0.000     0.000    52.410     0.004     0.000     0.996     0.000     0.001     3.000
     1.000     1.000     1.000     0.000     1.000     1.000     0.000     1.000     1.000     1.000    55.070     0.012     0.670     0.000     0.171     0.148     2.000
     1.000     1.000     1.000     1.000     1.000     0.000     1.000     0.000     0.000     0.000    50.720     0.000     0.008     0.001     0.000     0.991     5.000
     1.000     1.000     1.000     1.000     1.000     0.000     1.000     1.000     1.000     0.000    39.490     0.001     0.819     0.000     0.009     0.170     2.000
     1.000     1.000     1.000     1.000     1.000     1.000     1.000     1.000     1.000     1.000    69.020     0.000     0.986     0.000     0.006     0.008     2.000
     1.000     1.000     1.000     1.000     0.000     1.000     1.000     1.000     1.000     1.000    67.900     0.005     0.516     0.000     0.447     0.031     2.000
     1.000     1.000     1.000     1.000     1.000     1.000     1.000     1.000     1.000     0.000         *     0.000     0.986     0.000     0.006     0.008     2.000
     1.000     0.000     0.000     0.000     0.000     1.000     1.000     1.000     1.000     1.000         *     0.714     0.002     0.000     0.282     0.002     1.000
     1.000     1.000     1.000     0.000     0.000     1.000     0.000     1.000     1.000     1.000    64.930     0.011     0.025     0.000     0.923     0.041     4.000
     1.000     1.000     0.000     1.000     0.000     1.000     1.000     1.000     0.000     1.000         *     0.142     0.078     0.001     0.364     0.416     5.000
     0.000     0.000     0.000     1.000     1.000     1.000     0.000     1.000     0.000     1.000    53.890     0.816     0.001     0.115     0.000     0.068     1.000
     1.000     1.000     1.000     1.000     1.000     1.000     1.000     1.000     1.000     0.000    74.730     0.000     0.986     0.000     0.006     0.008     2.000
     1.000     1.000     0.000     0.000     0.000     1.000     1.000         *     0.000     0.000    52.890     0.119     0.004     0.008     0.765     0.104     4.000
     1.000     1.000     1.000     1.000     0.000     0.000     0.000     0.000     0.000     1.000         *     0.000     0.000     0.024     0.001     0.975     5.000
     0.000     0.000     0.000     1.000     1.000     1.000     1.000     0.000     1.000     0.000    42.030     0.969     0.006     0.005     0.000     0.020     1.000
     0.000     0.000     0.000     0.000     0.000     0.000     0.000     0.000     0.000     0.000    34.100     0.004     0.000     0.996     0.000     0.001     3.000
     1.000     0.000     1.000     1.000     1.000     1.000     1.000     1.000     1.000     0.000         *     0.035     0.936     0.000     0.010     0.019     2.000
     0.000     0.000     1.000     0.000     0.000     1.000     0.000     0.000     1.000     0.000         *     0.858     0.000     0.090     0.014     0.037     1.000
     1.000     1.000     1.000     1.000     1.000     0.000     1.000     0.000     0.000     0.000    52.430     0.000     0.008     0.001     0.000     0.991     5.000
     1.000     1.000     0.000     1.000     0.000     1.000     1.000     0.000     0.000     0.000    34.400     0.056     0.008     0.016     0.077     0.842     5.000
     1.000     1.000     1.000     1.000     1.000     1.000     1.000     1.000     1.000     0.000    83.240     0.000     0.986     0.000     0.006     0.008     2.000
     0.000     0.000     0.000     1.000     1.000     0.000     0.000     0.000     0.000     0.000         *     0.007     0.000     0.974     0.000     0.019     3.000
     0.000     0.000     1.000     1.000     1.000     1.000     1.000     0.000     1.000     0.000    63.400     0.701     0.130     0.002     0.002     0.165     1.000
     1.000     1.000     1.000     1.000     1.000     1.000     1.000     0.000     1.000     0.000    57.170     0.001     0.858     0.000     0.010     0.130     2.000
     1.000     1.000     1.000     1.000     0.000     1.000     0.000     1.000     1.000     1.000    70.280     0.012     0.390     0.000     0.356     0.243     2.000
     1.000     1.000     0.000     0.000     0.000     1.000     1.000     1.000     1.000     1.000         *     0.048     0.010     0.000     0.938     0.004     4.000
     0.000     0.000     0.000     0.000     1.000     1.000     1.000     1.000     1.000     0.000    58.270     0.996     0.002     0.000     0.001     0.001     1.000
     1.000     1.000     1.000     1.000     1.000     1.000     1.000     1.000     1.000     1.000    62.380     0.000     0.986     0.000     0.006     0.008     2.000
     1.000     0.000     0.000     0.000     0.000     1.000     0.000     1.000     0.000     1.000    51.090     0.774     0.000     0.148     0.040     0.038     1.000
     1.000     1.000     1.000     1.000     0.000     0.000     0.000     1.000     1.000     0.000         *     0.006     0.052     0.000     0.094     0.847     5.000
     0.000     0.000     1.000     0.000     1.000     1.000     1.000     0.000     0.000     0.000         *     0.741     0.002     0.078     0.002     0.177     1.000
     1.000     1.000     1.000     1.000     0.000     1.000     0.000     0.000     1.000     0.000    43.630     0.008     0.067     0.001     0.123     0.801     5.000
     1.000     1.000     1.000     1.000     1.000     1.000     1.000     1.000     1.000     1.000    78.700     0.000     0.986     0.000     0.006     0.008     2.000
     0.000     0.000     1.000     1.000     1.000     1.000     1.000     1.000     0.000     0.000    55.800     0.721     0.086     0.002     0.001     0.190     1.000
     0.000     0.000     1.000     1.000     1.000     1.000     1.000     1.000     1.000     1.000    42.890     0.573     0.398     0.000     0.003     0.026     1.000
     1.000     1.000     1.000     1.000     1.000     1.000     1.000     1.000     1.000     0.000         *     0.000     0.986     0.000     0.006     0.008     2.000
     1.000     1.000     1.000     1.000     1.000     1.000     1.000     1.000     1.000     0.000    61.640     0.000     0.986     0.000     0.006     0.008     2.000
     1.000     1.000     1.000     1.000     1.000     1.000     1.000     1.000     1.000     0.000    50.460     0.000     0.986     0.000     0.006     0.008     2.000
     0.000     0.000     0.000     0.000     0.000     1.000     0.000     0.000     1.000     1.000    50.910     0.810     0.000     0.186     0.001     0.003     1.000
     0.000     1.000     1.000     0.000     0.000     0.000     0.000     0.000     0.000     0.000         *     0.004     0.000     0.721     0.001     0.274     3.000
     1.000     1.000     1.000     1.000     1.000     1.000     1.000     1.000     1.000     1.000    66.230     0.000     0.986     0.000     0.006     0.008     2.000
     1.000     1.000     1.000     1.000     1.000     1.000     1.000     1.000     1.000     0.000         *     0.000     0.986     0.000     0.006     0.008     2.000
     0.000     0.000     0.000     0.000     0.000     0.000     0.000     0.000     0.000     1.000    34.210     0.004     0.000     0.996     0.000     0.001     3.000
     1.000     1.000     1.000     1.000     1.000     1.000     1.000     1.000     1.000     1.000         *     0.000     0.986     0.000     0.006     0.008     2.000
     1.000     1.000     1.000     1.000     1.000     1.000     1.000     0.000     0.000     0.000    66.000     0.001     0.163     0.000     0.004     0.831     5.000
     1.000     1.000     1.000     1.000     1.000     1.000     1.000     1.000     1.000     0.000    72.830     0.000     0.986     0.000     0.006     0.008     2.000
     0.000     0.000     1.000     0.000     0.000     1.000     1.000     1.000     1.000     1.000    50.970     0.918     0.002     0.000     0.078     0.002     1.000
     1.000     1.000     1.000     1.000     1.000     1.000     1.000     1.000     1.000     1.000    47.550     0.000     0.986     0.000     0.006     0.008     2.000
     0.000     0.000     0.000     0.000     1.000     0.000     0.000     1.000     0.000     1.000    37.790     0.164     0.000     0.821     0.000     0.016     3.000
     1.000     0.000     1.000     1.000     1.000     1.000     0.000     0.000     1.000     1.000    43.530     0.076     0.188     0.003     0.004     0.729     5.000
     0.000     0.000     1.000     1.000     1.000     1.000     1.000     1.000     1.000     0.000         *     0.573     0.398     0.000     0.003     0.026     1.000
     1.000     1.000     0.000     1.000     1.000     1.000     1.000     1.000     1.000     0.000         *     0.011     0.954     0.000     0.015     0.020     2.000
     1.000     0.000     1.000     1.000     0.000     1.000     1.000     1.000     1.000     0.000         *     0.261     0.264     0.000     0.434     0.040     4.000
     1.000     1.000     1.000     1.000     0.000     0.000     0.000     0.000     0.000     1.000    48.430     0.000     0.000     0.024     0.001     0.975     5.000
     0.000     0.000     1.000     0.000     0.000     1.000     1.000     1.000     1.000     0.000    47.490     0.918     0.002     0.000     0.078     0.002     1.000
     0.000     0.000     0.000     0.000     0.000     1.000     1.000     0.000     1.000     0.000    41.660     0.986     0.000     0.009     0.004     0.001     1.000
     0.000     1.000     0.000     1.000     1.000     1.000     1.000     1.000     0.000     1.000    70.100     0.441     0.166     0.003     0.004     0.386     1.000
     1.000     1.000     1.000     1.000     1.000     1.000     1.000     1.000     1.000     1.000         *     0.000     0.986     0.000     0.006     0.008     2.000
     1.000     1.000     1.000     1.000     1.000     1.000     1.000     1.000     1.000     1.000    62.500     0.000     0.986     0.000     0.006     0.008     2.000
     1.000     1.000     1.000     1.000     1.000     1.000     1.000     0.000     1.000     1.000    80.510     0.001     0.858     0.000     0.010     0.130     2.000
     1.000     1.000     1.000     0.000     1.000     1.000     1.000     0.000     1.000     0.000    75.810     0.012     0.522     0.000     0.253     0.214     2.000
     1.000     1.000     1.000     1.000     1.000     1.000     1.000     1.000     1.000     1.000    76.830     0.000     0.986     0.000     0.006     0.008     2.000
     1.000     1.000     1.000     1.000     1.000     1.000     1.000     1.000     1.000     1.000    59.020     0.000     0.986     0.000     0.006     0.008     2.000
     1.000     1.000     1.000     1.000     1.000     1.000     1.000     1.000     1.000     0.000    53.610     0.000     0.986     0.000     0.006     0.008     2.000
     1.000     1.000     1.000     1.000     1.000     0.000     0.000     0.000     1.000     0.000    36.160     0.000     0.024     0.001     0.001     0.974     5.000
     0.000     1.000     1.000     1.000     1.000     1.000     0.000     0.000     0.000     1.000    73.300     0.005     0.006     0.016     0.000     0.973     5.000
     0.000     0.000     0.000     0.000     0.000     0.000     0.000     0.000     0.000     0.000    52.660     0.004     0.000     0.996     0.000     0.001     3.000
     1.000     1.000     1.000     1.000     0.000     1.000     0.000     0.000     1.000     0.000    75.270     0.008     0.067     0.001     0.123     0.801     5.000
     1.000     1.000     1.000     1.000     1.000     0.000     1.000     1.000     1.000     0.000    76.800     0.001     0.819     0.000     0.009     0.170     2.000
     0.000     0.000     0.000     0.000     0.000     0.000     1.000     1.000     1.000     1.000    41.150     0.988     0.000     0.007     0.004     0.001     1.000
     1.000     1.000     1.000     1.000     1.000     1.000     0.000     1.000     1.000     0.000    66.780     0.001     0.918     0.000     0.006     0.075     2.000
     1.000     1.000     1.000     1.000         *     0.000     0.000     1.000     1.000     1.000         *     0.002     0.268     0.000     0.021     0.708     5.000
     1.000     1.000     1.000     0.000     1.000     1.000     1.000     1.000     1.000     1.000         *     0.005     0.788     0.000     0.191     0.017     2.000
     0.000     0.000     0.000     0.000     1.000     0.000     0.000     0.000     0.000     1.000         *     0.006     0.000     0.991     0.000     0.003     3.000
     1.000     0.000     1.000     0.000     1.000     1.000     0.000     1.000     1.000     1.000    55.370     0.445     0.273     0.001     0.132     0.150     1.000
     0.000     0.000     1.000     1.000     1.000     1.000     0.000     1.000     0.000     0.000    64.230     0.488     0.020     0.032     0.000     0.460     1.000
     1.000     1.000     1.000     1.000     1.000     0.000     0.000     1.000     0.000     0.000         *     0.000     0.014     0.001     0.000     0.985     5.000
     1.000     1.000     1.000     1.000     1.000     1.000     1.000     1.000     1.000     0.000    58.970     0.000     0.986     0.000     0.006     0.008     2.000
     1.000     1.000     1.000     1.000     1.000     1.000     1.000     1.000     1.000     1.000         *     0.000     0.986     0.000     0.006     0.008     2.000
     1.000     1.000     0.000     1.000     1.000     0.000     0.000     0.000     1.000     1.000    52.140     0.005     0.009     0.016     0.001     0.969     5.000
     1.000     1.000     1.000     1.000     1.000     0.000     0.000     1.000     1.000     0.000    52.110     0.001     0.319     0.000     0.004     0.676     5.000
     1.000     1.000     1.000     0.000     0.000     1.000     1.000     0.000     0.000     1.000    42.260     0.013     0.004     0.002     0.572     0.408     4.000
     1.000     1.000     1.000     1.000     1.000     1.000     0.000     0.000     0.000     0.000    68.920     0.000     0.019     0.001     0.000     0.979     5.000
     0.000     0.000     0.000     0.000     0.000     0.000     0.000     0.000     0.000     1.000    68.290     0.004     0.000     0.996     0.000     0.001     3.000
     1.000     0.000     0.000     0.000     1.000     0.000     1.000     1.000     1.000     1.000    52.250     0.904     0.013     0.003     0.031     0.049     1.000
     0.000     0.000     1.000     1.000     1.000     1.000     1.000     1.000     1.000     1.000    56.930     0.573     0.398     0.000     0.003     0.026     1.000
     1.000     1.000     1.000     1.000     0.000     1.000     1.000     1.000     1.000     0.000    69.330     0.005     0.516     0.000     0.447     0.031     2.000
     1.000     1.000     1.000     1.000     1.000     1.000     1.000     1.000     1.000     0.000         *     0.000     0.986     0.000     0.006     0.008     2.000
     0.000     1.000         *     0.000     0.000     1.000     1.000     1.000     1.000     0.000         *     0.331     0.023     0.000     0.632     0.013     4.000
     1.000     1.000     1.000     0.000     1.000     0.000     0.000     1.000     1.000     0.000    67.260     0.010     0.137     0.001     0.068     0.784     5.000
     0.000     1.000     1.000     0.000     0.000     1.000     1.000     1.000     1.000     0.000    40.310     0.182     0.030     0.000     0.771     0.016     4.000
     0.000     0.000     0.000     0.000     0.000     1.000     1.000     1.000     1.000     1.000    58.100     0.992     0.000     0.000     0.007     0.000     1.000
     1.000     1.000     1.000     1.000     1.000     1.000     1.000     1.000     1.000     1.000    76.760     0.000     0.986     0.000     0.006     0.008     2.000
     0.000     0.000     0.000     0.000     0.000     0.000     0.000     0.000     0.000     0.000         *     0.004     0.000     0.996     0.000     0.001     3.000
     1.000     1.000     1.000     0.000     0.000     1.000     1.000     1.000     1.000     1.000         *     0.004     0.027     0.000     0.964     0.004     4.000
     0.000     1.000     1.000     1.000     1.000     0.000     0.000     0.000     0.000     1.000    60.450     0.001     0.000     0.068     0.000     0.931     5.000
     1.000     1.000     1.000     1.000     1.000     0.000     0.000     1.000     1.000     1.000    67.730     0.001     0.319     0.000     0.004     0.676     5.000
     1.000     0.000     1.000     1.000     1.000     1.000     1.000     1.000     0.000     0.000         *     0.115     0.524     0.000     0.012     0.349     2.000
     1.000     1.000     1.000     1.000     1.000     1.000     0.000     1.000     1.000     1.000    62.610     0.001     0.918     0.000     0.006     0.075     2.000
     1.000     1.000     1.000     1.000     1.000     1.000     1.000     1.000     1.000     0.000    50.670     0.000     0.986     0.000     0.006     0.008     2.000
     1.000     1.000     1.000     0.000     1.000     0.000     1.000     0.000     0.000     0.000    55.070     0.001     0.003     0.004     0.005     0.986     5.000
     1.000     1.000     1.000     0.000     1.000     1.000     1.000     1.000     1.000     1.000    74.690     0.005     0.788     0.000     0.191     0.017     2.000
     0.000     0.000     0.000     1.000     1.000     0.000     0.000     1.000     0.000     0.000         *     0.178     0.000     0.727     0.000     0.095     3.000
     1.000     1.000     1.000     1.000     1.000         *         *         *         *     1.000    73.090     0.001     0.802     0.000     0.006     0.191     2.000
     1.000     1.000     1.000     1.000     1.000     1.000     1.000     1.000     1.000     1.000    70.410     0.000     0.986     0.000     0.006     0.008     2.000
     1.000     0.000     1.000     1.000     1.000     1.000     0.000     1.000     1.000     1.000    44.720     0.081     0.756     0.000     0.009     0.154     2.000
     0.000     1.000     1.000     1.000     1.000     1.000     1.000     1.000     1.000     0.000    34.560     0.015     0.956     0.000     0.004     0.025     2.000
     1.000     1.000     1.000     1.000     1.000     1.000     1.000     0.000     1.000     1.000         *     0.001     0.858     0.000     0.010     0.130     2.000
     1.000     1.000     0.000     1.000     1.000     1.000     1.000     1.000     1.000     0.000    51.090     0.011     0.954     0.000     0.015     0.020     2.000
     0.000     1.000     1.000     1.000     1.000     0.000     0.000     0.000     0.000     0.000    58.670     0.001     0.000     0.068     0.000     0.931     5.000
     0.000     0.000     0.000     0.000     0.000     1.000     1.000     1.000     1.000     0.000    54.190     0.992     0.000     0.000     0.007     0.000     1.000
     1.000     1.000     1.000     1.000     0.000     0.000     0.000     1.000     1.000     0.000    84.780     0.006     0.052     0.000     0.094     0.847     5.000
     0.000     1.000     1.000     1.000     0.000     1.000     0.000     1.000     1.000     1.000    61.970     0.235     0.205     0.001     0.135     0.424     5.000
     1.000     1.000     1.000     0.000     1.000     1.000     1.000     1.000     1.000     1.000    66.870     0.005     0.788     0.000     0.191     0.017     2.000
     0.000     1.000     1.000     0.000     1.000     0.000     0.000     1.000     1.000     1.000    62.590     0.115     0.043     0.009     0.016     0.818     5.000
     0.000     0.000     1.000     0.000     0.000     1.000     0.000     1.000     0.000     1.000    67.860     0.847     0.000     0.102     0.009     0.041     1.000
     0.000     0.000     0.000     0.000     0.000     1.000     1.000     1.000     1.000     0.000    42.120     0.992     0.000     0.000     0.007     0.000     1.000
     1.000     1.000     1.000     0.000     1.000     1.000     1.000     1.000     1.000     0.000    70.990     0.005     0.788     0.000     0.191     0.017     2.000
     1.000     1.000     1.000     0.000     0.000     0.000     0.000     0.000     0.000     0.000    55.830     0.001     0.000     0.141     0.009     0.848     5.000
     0.000     1.000     0.000     0.000     1.000     0.000     0.000     1.000     1.000     0.000    35.640     0.549     0.007     0.093     0.007     0.345     1.000
     1.000     1.000     1.000         *         *         *         *         *     1.000     0.000    37.310     0.003     0.708     0.000     0.189     0.100     2.000
     1.000     1.000     1.000     0.000     1.000     1.000     0.000     1.000         *     1.000    48.560     0.012     0.539     0.000     0.144     0.305     2.000
     1.000     1.000     1.000     1.000     1.000     1.000     0.000     0.000     1.000     1.000         *     0.002     0.389     0.000     0.005     0.604     5.000
     1.000     1.000     0.000     1.000     1.000     1.000     1.000     1.000     1.000     1.000    58.480     0.011     0.954     0.000     0.015     0.020     2.000
     1.000     1.000     1.000     1.000     1.000     1.000     1.000     1.000     1.000     0.000         *     0.000     0.986     0.000     0.006     0.008     2.000
     1.000     1.000     1.000     0.000     0.000     0.000     0.000     0.000     0.000     1.000    52.300     0.001     0.000     0.141     0.009     0.848     5.000
     1.000     1.000     1.000     1.000     1.000     1.000     1.000     1.000     1.000     0.000    49.470     0.000     0.986     0.000     0.006     0.008     2.000
     0.000     1.000     1.000     0.000     1.000     1.000     1.000     1.000     1.000     1.000    55.720     0.157     0.676     0.000     0.118     0.048     2.000
     0.000     0.000     0.000     0.000     0.000     1.000     0.000     1.000     0.000     0.000         *     0.789     0.000     0.207     0.001     0.003     1.000
     1.000     1.000     1.000     1.000     1.000     0.000     0.000     0.000     0.000     1.000         *     0.000     0.001     0.005     0.000     0.995     5.000
     0.000     0.000     0.000     0.000     1.000     1.000     1.000     1.000     1.000     0.000    67.830     0.996     0.002     0.000     0.001     0.001     1.000
     1.000     1.000     1.000     1.000     1.000     1.000     1.000     1.000     1.000     1.000    87.790     0.000     0.986     0.000     0.006     0.008     2.000
     1.000     1.000     1.000     1.000     1.000     1.000     1.000     1.000     1.000     0.000    66.060     0.000     0.986     0.000     0.006     0.008     2.000
     0.000     1.000     1.000     1.000     1.000     0.000     1.000     1.000     0.000     1.000    88.890     0.015     0.041     0.001     0.001     0.942     5.000
     1.000     0.000     1.000     0.000     0.000     0.000     0.000     0.000     0.000     1.000    44.250     0.009     0.000     0.817     0.001     0.173     3.000
     0.000     0.000     0.000     0.000     1.000     1.000     1.000     1.000     1.000     1.000    64.330     0.996     0.002     0.000     0.001     0.001     1.000
     0.000     1.000     1.000     1.000     1.000     1.000     1.000     1.000     1.000     0.000         *     0.015     0.956     0.000     0.004     0.025     2.000
     1.000     1.000     1.000     1.000     1.000     1.000     1.000     1.000     1.000     0.000    75.390     0.000     0.986     0.000     0.006     0.008     2.000
     1.000     1.000     1.000     0.000     0.000     1.000     0.000     1.000     1.000     0.000    42.160     0.011     0.025     0.000     0.923     0.041     4.000
     1.000     1.000     1.000     1.000     1.000     1.000     1.000     1.000     1.000     1.000    44.260     0.000     0.986     0.000     0.006     0.008     2.000
     1.000     1.000     1.000     1.000     1.000     1.000     1.000     1.000     1.000     1.000    63.560     0.000     0.986     0.000     0.006     0.008     2.000
     0.000     1.000     1.000     1.000     1.000     0.000     1.000     1.000     1.000     1.000    63.840     0.035     0.569     0.000     0.005     0.392     2.000
     1.000     1.000     1.000     0.000     0.000     1.000     1.000     1.000     1.000     1.000    45.680     0.004     0.027     0.000     0.964     0.004     4.000
     1.000     1.000     1.000     0.000     1.000     1.000     1.000     1.000     0.000     0.000         *     0.016     0.443     0.000     0.221     0.320     2.000
     0.000     1.000     1.000     0.000     0.000     1.000     1.000     0.000     0.000     0.000         *     0.215     0.002     0.046     0.172     0.565     5.000
     0.000     0.000     0.000     0.000     0.000     0.000     0.000     1.000     1.000     1.000    68.510     0.834     0.000     0.161     0.001     0.004     1.000
     1.000     1.000     0.000     0.000     1.000     0.000     1.000     1.000     1.000     1.000    72.450     0.163     0.226     0.001     0.279     0.331     5.000
     0.000     0.000     0.000     0.000     0.000     0.000     0.000     0.000     0.000     0.000    72.420     0.004     0.000     0.996     0.000     0.001     3.000
     1.000     1.000     1.000     0.000     1.000     1.000     1.000     1.000     1.000     0.000    66.270     0.005     0.788     0.000     0.191     0.017     2.000
     1.000     1.000     0.000     1.000     1.000     1.000     1.000     1.000     1.000     0.000         *     0.011     0.954     0.000     0.015     0.020     2.000
     1.000     1.000     1.000     1.000     1.000     1.000     1.000     1.000     1.000     0.000    55.670     0.000     0.986     0.000     0.006     0.008     2.000
     1.000     1.000     1.000     1.000     1.000     1.000     1.000     1.000     1.000     0.000    69.510     0.000     0.986     0.000     0.006     0.008     2.000
     1.000     1.000     1.000     1.000     0.000     1.000     1.000     1.000     1.000     0.000    64.210     0.005     0.516     0.000     0.447     0.031     2.000
     1.000     1.000     1.000     0.000     0.000     0.000     0.000     1.000     1.000     0.000         *     0.015     0.008     0.001     0.611     0.364     4.000
     0.000     0.000     0.000     0.000     0.000     1.000     1.000     1.000     1.000     1.000    37.070     0.992     0.000     0.000     0.007     0.000     1.000
     0.000     1.000     1.000     0.000     1.000     1.000     1.000     1.000     1.000     0.000    87.220     0.157     0.676     0.000     0.118     0.048     2.000
     1.000     1.000     1.000     1.000     1.000     1.000     0.000     0.000     0.000     1.000    57.960     0.000     0.019     0.001     0.000     0.979     5.000
     1.000     1.000     1.000     1.000     1.000     1.000     1.000     0.000     0.000     1.000    68.680     0.001     0.163     0.000     0.004     0.831     5.000
     1.000     1.000     1.000     1.000     1.000     1.000     1.000     1.000     1.000     0.000    49.060     0.000     0.986     0.000     0.006     0.008     2.000
     1.000     1.000     1.000     1.000     0.000     1.000     1.000     1.000     1.000     0.000    75.660     0.005     0.516     0.000     0.447     0.031     2.000
     0.000     0.000     0.000     0.000     1.000     0.000     0.000     0.000     0.000     1.000         *     0.006     0.000     0.991     0.000     0.003     3.000
     1.000     1.000     1.000     1.000     0.000     1.000     1.000     1.000     1.000     0.000    85.750     0.005     0.516     0.000     0.447     0.031     2.000
     1.000     1.000     1.000     1.000     1.000     1.000     0.000     1.000     1.000     1.000         *     0.001     0.918     0.000     0.006     0.075     2.000
     1.000     1.000     1.000     1.000     1.000     1.000     1.000     1.000     1.000     0.000    48.960     0.000     0.986     0.000     0.006     0.008     2.000
     0.000     1.000     0.000     0.000     0.000     1.000     1.000     1.000     1.000     0.000    79.970     0.722     0.004     0.000     0.269     0.006     1.000
     1.000     1.000     1.000     1.000     1.000     1.000     1.000     0.000     0.000     1.000         *     0.001     0.163     0.000     0.004     0.831     5.000
     1.000     1.000     0.000     1.000     1.000     1.000     0.000     1.000     1.000     1.000    46.390     0.027     0.792     0.000     0.013     0.169     2.000
     0.000     0.000     1.000     1.000     1.000     0.000     0.000     0.000     0.000     1.000    44.890     0.010     0.000     0.669     0.000     0.321     3.000
     1.000     0.000     1.000     0.000     0.000     1.000     1.000     1.000     0.000     1.000    43.540     0.362     0.004     0.001     0.576     0.057     4.000
     1.000     1.000     1.000         *     1.000     1.000     1.000     1.000     1.000     1.000         *     0.001     0.954     0.000     0.035     0.009     2.000
     1.000     1.000     1.000     1.000     1.000     1.000     1.000     1.000     0.000     0.000    56.590     0.002     0.780     0.000     0.009     0.208     2.000
     1.000     0.000         *     1.000     1.000     1.000     1.000     1.000     1.000     1.000    57.860     0.080     0.890     0.000     0.011     0.019     2.000
     1.000     1.000     1.000     0.000     1.000     0.000     0.000     1.000     1.000     0.000    37.950     0.010     0.137     0.001     0.068     0.784     5.000
     1.000     1.000     1.000     1.000     1.000     1.000     1.000     1.000     1.000     0.000    46.920     0.000     0.986     0.000     0.006     0.008     2.000
     1.000     1.000     1.000     1.000     1.000     1.000     0.000     0.000     1.000     1.000    51.120     0.002     0.389     0.000     0.005     0.604     5.000
     0.000     1.000     1.000     0.000     0.000     1.000     1.000     0.000     0.000     1.000    36.560     0.215     0.002     0.046     0.172     0.565     5.000
     1.000     1.000     1.000     1.000     1.000     1.000     1.000     1.000     1.000     0.000         *     0.000     0.986     0.000     0.006     0.008     2.000
     1.000     1.000     0.000     0.000     0.000     1.000     1.000     1.000     1.000     1.000    62.070     0.048     0.010     0.000     0.938     0.004     4.000
     0.000     0.000     1.000         *     1.000     0.000     0.000     1.000     0.000     0.000    59.430     0.173     0.001     0.375     0.000     0.451     5.000
     0.000     0.000     0.000     0.000     1.000     0.000     0.000     0.000     0.000     1.000    69.330     0.006     0.000     0.991     0.000     0.003     3.000
     1.000     1.000     1.000     1.000     0.000     0.000     0.000     0.000     0.000     1.000         *     0.000     0.000     0.024     0.001     0.975     5.000
     1.000     0.000     1.000     0.000     1.000     1.000     0.000     1.000     1.000     0.000    64.480     0.445     0.273     0.001     0.132     0.150     1.000
     1.000     1.000     1.000     1.000     1.000     0.000     0.000     1.000     0.000     0.000    43.080     0.000     0.014     0.001     0.000     0.985     5.000
     1.000     1.000     1.000     1.000     1.000     1.000     1.000     1.000     1.000     0.000         *     0.000     0.986     0.000     0.006     0.008     2.000
     0.000     1.000     1.000     0.000     0.000     0.000     0.000     1.000     1.000     0.000    63.580     0.252     0.004     0.030     0.192     0.523     5.000
     1.000     1.000     0.000     1.000     0.000     1.000     1.000     0.000     0.000     0.000         *     0.056     0.008     0.016     0.077     0.842     5.000
     1.000     1.000     1.000     0.000     1.000     1.000     1.000     0.000     0.000     1.000         *     0.008     0.063     0.001     0.063     0.865     5.000
     1.000     1.000     1.000     1.000     1.000     1.000     1.000     1.000     1.000     0.000    42.780     0.000     0.986     0.000     0.006     0.008     2.000
     0.000     0.000     0.000     0.000     0.000     0.000     0.000     0.000     0.000     0.000         *     0.004     0.000     0.996     0.000     0.001     3.000
     1.000     0.000     1.000     1.000     0.000     1.000     0.000     1.000     0.000     1.000    48.520     0.222     0.013     0.016     0.048     0.700     5.000
     1.000     1.000     1.000     1.000     1.000     1.000     1.000     1.000     1.000     0.000    41.130     0.000     0.986     0.000     0.006     0.008     2.000
     1.000     1.000     1.000     1.000     1.000     1.000     1.000     1.000     1.000     1.000         *     0.000     0.986     0.000     0.006     0.008     2.000
     1.000     1.000     1.000     0.000     0.000     0.000     0.000     0.000     0.000     1.000    55.390     0.001     0.000     0.141     0.009     0.848     5.000
     1.000     0.000     0.000     1.000     1.000     1.000     1.000     1.000     1.000     1.000    37.080     0.508     0.455     0.000     0.013     0.024     1.000
     1.000     1.000     1.000     0.000     1.000     1.000         *     0.000     1.000     0.000    63.980     0.012     0.405     0.000     0.197     0.386     2.000
     1.000     1.000     1.000     1.000     1.000     1.000     1.000     1.000     1.000     0.000         *     0.000     0.986     0.000     0.006     0.008     2.000
     1.000     1.000     1.000     1.000     1.000     1.000     1.000     1.000     1.000     1.000    74.560     0.000     0.986     0.000     0.006     0.008     2.000
     1.000     0.000     1.000     0.000     1.000     1.000     1.000         *     1.000     1.000    70.380     0.291     0.448     0.000     0.215     0.046     2.000
     1.000     1.000     1.000     1.000     1.000     1.000     1.000     1.000     1.000     1.000    58.910     0.000     0.986     0.000     0.006     0.008     2.000
     1.000     0.000     1.000     0.000     1.000     1.000     1.000     1.000     1.000     0.000    65.620     0.274     0.480     0.000     0.220     0.026     2.000
     0.000     1.000     1.000     1.000     1.000     1.000     1.000     1.000     1.000     1.000    57.750     0.015     0.956     0.000     0.004     0.025     2.000
     1.000     1.000     1.000     0.000     0.000     0.000     0.000     0.000     1.000     0.000    40.520     0.007     0.001     0.020     0.146     0.826     5.000
     1.000     1.000     1.000     1.000     1.000     1.000     1.000     1.000     1.000     0.000    90.960     0.000     0.986     0.000     0.006     0.008     2.000
     1.000     1.000     1.000     1.000     1.000     1.000     1.000     1.000     1.000     0.000    63.270     0.000     0.986     0.000     0.006     0.008     2.000
     0.000     1.000     1.000     1.000     1.000     1.000     1.000     1.000     1.000     0.000         *     0.015     0.956     0.000     0.004     0.025     2.000
     0.000     1.000     0.000     0.000     0.000     1.000     1.000     1.000     1.000     1.000    54.190     0.722     0.004     0.000     0.269     0.006     1.000
     0.000     0.000     0.000     1.000     1.000     0.000     0.000     0.000     0.000     0.000    39.810     0.007     0.000     0.974     0.000     0.019     3.000
     0.000     0.000     0.000     0.000     1.000     0.000     0.000     0.000     0.000     1.000    49.600     0.006     0.000     0.991     0.000     0.003     3.000
     0.000     1.000     1.000     1.000     0.000     0.000     0.000     0.000     1.000     0.000    49.380     0.016     0.001     0.052     0.002     0.929     5.000
     1.000     1.000     1.000     1.000     1.000     1.000     1.000     1.000     1.000     0.000         *     0.000     0.986     0.000     0.006     0.008     2.000
     1.000     1.000     1.000     1.000     1.000     0.000     0.000     1.000     1.000     0.000         *     0.001     0.319     0.000     0.004     0.676     5.000
     1.000     1.000     1.000     1.000     1.000     1.000     1.000     1.000     1.000     1.000    72.070     0.000     0.986     0.000     0.006     0.008     2.000
     1.000     1.000     1.000     1.000     1.000     1.000     1.000     1.000     1.000     0.000         *     0.000     0.986     0.000     0.006     0.008     2.000
     1.000         *     0.000     0.000     0.000     1.000     0.000     0.000     0.000     0.000         *     0.106     0.000     0.726     0.021     0.148     3.000
     1.000     1.000     1.000     0.000     1.000     1.000     1.000     1.000     1.000     0.000    93.290     0.005     0.788     0.000     0.191     0.017     2.000
     1.000     1.000     1.000     1.000     1.000     1.000     1.000     0.000     1.000     1.000         *     0.001     0.858     0.000     0.010     0.130     2.000
     1.000     1.000     1.000     1.000     1.000     0.000     0.000     1.000     0.000     1.000    52.990     0.000     0.014     0.001     0.000     0.985     5.000
     1.000     1.000     0.000     0.000     1.000     1.000     1.000     1.000     1.000     0.000         *     0.096     0.536     0.000     0.338     0.030     2.000
     1.000     1.000     1.000     1.000         *     1.000     0.000     1.000     1.000     0.000         *     0.002     0.874     0.000     0.035     0.089     2.000
     1.000     0.000     1.000     1.000     1.000     0.000     1.000     1.000     0.000     1.000         *     0.046     0.052     0.002     0.002     0.898     5.000
     0.000     1.000     1.000     1.000     1.000     0.000     0.000         *     1.000     1.000    47.780     0.014     0.068     0.006     0.001     0.912     5.000
     1.000     0.000     0.000     0.000     1.000     1.000     1.000     1.000     1.000     0.000         *     0.879     0.052     0.000     0.062     0.007     1.000
     1.000     1.000     1.000     0.000     0.000     1.000     1.000     1.000     1.000     1.000         *     0.004     0.027     0.000     0.964     0.004     4.000
     1.000     1.000     1.000     1.000     1.000     1.000     1.000     0.000     1.000     0.000         *     0.001     0.858     0.000     0.010     0.130     2.000
     0.000     1.000     0.000     0.000     0.000     1.000     1.000     1.000     1.000     1.000    57.360     0.722     0.004     0.000     0.269     0.006     1.000
     1.000     1.000     1.000     0.000     1.000     1.000     1.000     1.000     1.000     0.000    60.760     0.005     0.788     0.000     0.191     0.017     2.000
     1.000     1.000     1.000     0.000     1.000     1.000     1.000     0.000     0.000     1.000    70.270     0.008     0.063     0.001     0.063     0.865     5.000
     1.000     1.000     1.000     1.000     1.000     1.000     1.000     1.000     1.000     0.000    63.490     0.000     0.986     0.000     0.006     0.008     2.000
     1.000     1.000     0.000     1.000     1.000     0.000     0.000     0.000     1.000     1.000    67.010     0.005     0.009     0.016     0.001     0.969     5.000
     0.000     0.000     0.000     0.000     1.000     1.000     1.000     1.000     1.000     1.000    64.550     0.996     0.002     0.000     0.001     0.001     1.000
     1.000     1.000     1.000     1.000     1.000     1.000     1.000     1.000     1.000     0.000    83.180     0.000     0.986     0.000     0.006     0.008     2.000
     1.000     1.000     1.000     1.000     0.000     0.000     1.000     1.000     1.000     0.000    47.440     0.010     0.231     0.000     0.393     0.366     4.000
     0.000     0.000     1.000     1.000     1.000     1.000     1.000     1.000     1.000     1.000    65.270     0.573     0.398     0.000     0.003     0.026     1.000
     1.000     1.000     1.000     1.000     0.000     1.000     1.000     1.000     1.000     1.000    72.280     0.005     0.516     0.000     0.447     0.031     2.000
     1.000     1.000     1.000     1.000     1.000     1.000     1.000     1.000     1.000     0.000    59.670     0.000     0.986     0.000     0.006     0.008     2.000
