1	1	1	0	0	1	1	1	1	0	.	0.004	0.027	0	0.964	0.004	4
0	1	1	1	1	1	1	1	0	1	59.4	0.045	0.504	0	0.004	0.447	2
1	1	1	0	1	1	1	1	1	0	62.49	0.005	0.788	0	0.191	0.017	2
1	1	1	1	1	1	1	1	1	0	71.58	0	0.986	0	0.006	0.008	2
0	1	.	1	1	1	0	0	1	1	56.72	0.056	0.143	0.007	0.001	0.793	5
1	1	1	1	1	1	1	1	1	0	91.26	0	0.986	0	0.006	0.008	2
1	1	1	1	1	1	0	1	1	0	72.72	0.001	0.918	0	0.006	0.075	2
0	1	0	0	0	1	1	1	0	0	44.42	0.839	0.001	0.011	0.11	0.038	1
1	1	1	1	1	1	1	1	1	1	.	0	0.986	0	0.006	0.008	2
0	0	0	0	0	1	1	1	1	0	52.19	0.992	0	0	0.007	0	1
0	0	1	0	1	1	1	1	0	1	52.61	0.941	0.007	0.003	0.005	0.044	1
1	1	.	1	1	1	.	1	1	1	54.14	0.001	0.973	0	0.006	0.019	2
1	1	1	1	1	1	1	1	1	0	51.89	0	0.986	0	0.006	0.008	2
1	1	1	0	0	1	1	1	1	0	56.31	0.004	0.027	0	0.964	0.004	4
1	1	1	1	1	0	0	1	1	0	.	0.001	0.319	0	0.004	0.676	5
0	1	0	1	1	1	1	1	1	0	83.25	0.296	0.652	0	0.007	0.045	2
1	1	1	0	0	0	0	0	0	1	.	0.001	0	0.141	0.009	0.848	5
1	1	1	1	1	1	1	1	1	1	.	0	0.986	0	0.006	0.008	2
1	1	1	1	1	1	0	0	1	1	58.06	0.002	0.389	0	0.005	0.604	5
1	1	1	0	0	0	1	0	1	1	65.93	0.011	0.004	0.001	0.621	0.363	4
1	0	.	0	0	1	1	1	1	1	33.67	0.326	0.009	0	0.661	0.004	4
0	0	1	0	1	1	1	1	1	1	61.82	0.935	0.043	0	0.014	0.008	1
0	0	1	0	1	0	0	1	1	1	39.4	0.797	0.003	0.046	0.002	0.151	1
1	1	1	1	0	1	1	0	1	1	60.02	0.01	0.254	0	0.441	0.295	4
0	0	1	0	0	0	1	1	0	1	55.95	0.807	0	0.109	0.012	0.071	1
1	1	1	1	1	1	1	1	1	1	57.94	0	0.986	0	0.006	0.008	2
1	1	1	1	1	1	1	0	1	1	64.62	0.001	0.858	0	0.01	0.13	2
1	1	1	.	1	1	1	1	1	0	66.64	0.001	0.954	0	0.035	0.009	2
1	1	1	1	1	0	0	1	0	0	.	0	0.014	0.001	0	0.985	5
0	0	0	0	0	0	0	1	1	1	.	0.834	0	0.161	0.001	0.004	1
0	0	1	0	1	1	1	1	1	0	36.56	0.935	0.043	0	0.014	0.008	1
1	1	1	1	1	1	1	1	1	1	.	0	0.986	0	0.006	0.008	2
1	1	1	1	0	0	0	1	0	1	59.99	0.001	0.002	0.004	0.007	0.987	5
0	1	1	1	1	1	0	1	1	1	57.19	0.033	0.758	0	0.003	0.205	2
1	1	1	0	0	1	1	1	1	0	.	0.004	0.027	0	0.964	0.004	4
0	0	0	0	1	0	1	1	1	1	43.35	0.989	0	0.005	0.001	0.005	1
1	1	1	0	1	1	1	1	1	0	75.61	0.005	0.788	0	0.191	0.017	2
1	1	1	0	0	1	1	0	1	0	50.59	0.008	0.013	0	0.938	0.041	4
1	0	1	0	0	1	1	0	1	1	44.24	0.28	0.005	0.001	0.675	0.039	4
0	1	1	0	1	1	1	1	0	1	68.58	0.265	0.195	0.001	0.071	0.468	5
1	0	1	0	0	1	0	0	1	1	73.83	0.404	0.003	0.031	0.36	0.202	1
1	0	1	1	1	0	1	0	0	1	.	0.01	0.003	0.018	0	0.969	5
1	1	1	1	1	1	1	1	1	0	50.86	0	0.986	0	0.006	0.008	2
0	1	1	.	1	.	1	1	1	0	51.19	0.045	0.858	0	0.024	0.073	2
1	1	1	1	1	0	1	1	1	1	72.58	0.001	0.819	0	0.009	0.17	2
1	1	1	1	1	1	1	1	1	0	68.62	0	0.986	0	0.006	0.008	2
1	1	1	1	1	1	1	1	1	0	50.7	0	0.986	0	0.006	0.008	2
1	0	1	1	1	1	0	1	1	1	56.83	0.081	0.756	0	0.009	0.154	2
0	0	1	0	0	0	0	0	1	0	37.21	0.23	0	0.703	0.002	0.065	3
1	1	1	1	1	1	1	1	1	0	84.21	0	0.986	0	0.006	0.008	2
0	0	0	0	0	1	1	1	1	0	60.37	0.992	0	0	0.007	0	1
1	0	0	0	0	0	0	0	0	0	47.86	0.005	0	0.986	0	0.008	3
0	0	1	1	1	0	0	1	1	0	.	0.46	0.028	0.022	0	0.489	5
1	1	1	1	1	1	1	1	1	0	.	0	0.986	0	0.006	0.008	2
1	1	1	1	1	1	1	1	1	1	65.18	0	0.986	0	0.006	0.008	2
1	1	0	1	1	1	1	1	1	1	59.79	0.011	0.954	0	0.015	0.02	2
0	0	1	1	1	1	1	1	1	1	39.99	0.573	0.398	0	0.003	0.026	1
1	1	1	0	0	1	1	1	0	0	60.8	0.011	0.012	0	0.908	0.068	4
1	1	1	1	1	1	1	1	1	1	69.14	0	0.986	0	0.006	0.008	2
1	1	1	0	1	1	0	1	1	0	.	0.012	0.67	0	0.171	0.148	2
1	1	1	1	1	1	1	1	1	1	58.28	0	0.986	0	0.006	0.008	2
1	1	1	0	1	1	1	1	1	0	.	0.005	0.788	0	0.191	0.017	2
1	1	1	1	1	0	0	0	0	1	.	0	0.001	0.005	0	0.995	5
1	1	1	0	0	0	0	1	1	1	.	0.015	0.008	0.001	0.611	0.364	4
1	1	1	1	1	1	1	1	1	0	61.06	0	0.986	0	0.006	0.008	2
1	1	1	1	1	1	0	1	0	0	41.7	0.002	0.267	0	0.003	0.728	5
1	1	1	1	1	1	1	1	1	1	67.08	0	0.986	0	0.006	0.008	2
1	1	1	0	0	1	1	1	1	0	37.27	0.004	0.027	0	0.964	0.004	4
0	1	.	1	1	1	0	1	0	0	.	0.053	0.087	0.008	0.001	0.851	5
1	0	1	1	1	1	1	1	1	0	56.39	0.035	0.936	0	0.01	0.019	2
1	0	0	1	0	1	0	1	1	1	47.33	0.894	0.011	0.004	0.048	0.043	1
1	1	1	0	1	0	0	1	0	1	66.37	0.002	0.005	0.005	0.005	0.983	5
1	0	1	1	1	0	0	1	1	0	.	0.064	0.148	0.002	0.003	0.782	5
1	1	1	0	1	1	1	1	1	0	81.51	0.005	0.788	0	0.191	0.017	2
0	0	1	0	0	1	1	.	1	1	65.74	0.922	0.001	0.001	0.072	0.004	1
1	1	1	0	1	1	1	0	1	0	50.59	0.012	0.522	0	0.253	0.214	2
1	1	1	1	1	1	0	1	1	1	.	0.001	0.918	0	0.006	0.075	2
1	1	0	0	0	1	1	0	0	0	.	0.129	0.001	0.044	0.481	0.344	4
0	0	0	0	0	0	0	0	0	0	71.6	0.004	0	0.996	0	0.001	3
0	0	0	0	1	0	0	1	1	0	51.22	0.874	0	0.111	0	0.015	1
1	0	0	.	0	0	1	0	1	0	.	0.688	0.001	0.122	0.058	0.132	1
1	1	1	0	0	1	0	0	1	0	61.61	0.015	0.009	0.002	0.683	0.291	4
1	0	1	0	0	0	1	0	0	0	60.26	0.1	0	0.34	0.042	0.518	5
1	1	1	1	1	1	1	1	1	1	76.85	0	0.986	0	0.006	0.008	2
0	0	0	0	1	.	1	1	1	1	.	0.995	0.001	0.001	0.001	0.002	1
0	1	1	1	0	0	0	1	1	1	.	0.075	0.016	0.007	0.021	0.88	5
1	1	1	1	1	1	0	1	0	1	72.69	0.002	0.267	0	0.003	0.728	5
1	1	0	1	1	1	1	1	1	1	51.56	0.011	0.954	0	0.015	0.02	2
1	1	1	1	1	0	0	1	0	1	63.89	0	0.014	0.001	0	0.985	5
0	0	0	1	1	0	0	0	0	1	54.37	0.007	0	0.974	0	0.019	3
0	1	1	1	1	1	0	1	1	0	72.07	0.033	0.758	0	0.003	0.205	2
1	1	1	0	0	1	1	1	1	0	36.29	0.004	0.027	0	0.964	0.004	4
0	0	0	0	0	1	0	1	1	1	.	0.99	0	0.007	0.003	0.001	1
0	0	1	1	0	1	0	0	1	1	71.84	0.747	0.002	0.064	0.005	0.183	1
1	1	1	0	0	0	0	0	1	0	.	0.007	0.001	0.02	0.146	0.826	5
1	1	1	0	1	1	1	1	1	0	83.73	0.005	0.788	0	0.191	0.017	2
1	1	1	1	1	0	0	1	0	0	73.84	0	0.014	0.001	0	0.985	5
0	1	1	0	1	1	1	1	1	0	67.43	0.157	0.676	0	0.118	0.048	2
1	1	1	0	0	1	1	1	1	0	56.72	0.004	0.027	0	0.964	0.004	4
1	1	1	1	1	0	1	1	0	0	65.17	0.001	0.126	0	0.003	0.87	5
1	1	1	1	1	0	1	1	1	1	.	0.001	0.819	0	0.009	0.17	2
1	1	1	1	1	1	0	0	0	1	57.25	0	0.019	0.001	0	0.979	5
1	1	1	1	1	1	1	1	1	0	57.95	0	0.986	0	0.006	0.008	2
0	0	0	0	0	1	1	1	1	0	42.47	0.992	0	0	0.007	0	1
1	1	1	1	1	1	0	1	1	1	59.66	0.001	0.918	0	0.006	0.075	2
1	0	1	1	1	1	1	1	1	1	42.83	0.035	0.936	0	0.01	0.019	2
1	1	1	1	1	1	1	1	1	1	.	0	0.986	0	0.006	0.008	2
0	0	0	1	1	0	0	0	1	0	60.86	0.198	0	0.708	0	0.095	3
0	0	0	0	1	0	0	1	0	1	72.8	0.164	0	0.821	0	0.016	3
1	1	1	1	1	1	1	1	0	0	.	0.002	0.78	0	0.009	0.208	2
1	1	1	1	1	1	1	1	1	0	.	0	0.986	0	0.006	0.008	2
0	0	1	1	1	0	1	1	1	1	36.38	0.678	0.117	0.001	0.002	0.202	1
0	0	0	0	0	0	0	0	0	1	62.18	0.004	0	0.996	0	0.001	3
1	1	1	1	1	1	1	1	1	0	60.53	0	0.986	0	0.006	0.008	2
0	0	0	0	0	0	0	0	0	0	.	0.004	0	0.996	0	0.001	3
0	0	1	0	0	1	1	0	0	0	.	0.802	0	0.129	0.013	0.056	1
0	1	1	0	0	0	1	1	1	1	.	0.271	0.011	0.001	0.559	0.158	4
1	1	1	0	0	0	0	1	1	1	54.24	0.015	0.008	0.001	0.611	0.364	4
1	1	1	1	1	1	1	1	1	0	62.13	0	0.986	0	0.006	0.008	2
1	1	1	1	1	1	1	1	1	0	67.43	0	0.986	0	0.006	0.008	2
1	1	1	1	1	1	1	1	1	1	.	0	0.986	0	0.006	0.008	2
1	1	1	1	1	1	1	1	1	0	92.08	0	0.986	0	0.006	0.008	2
1	1	1	0	0	1	0	.	.	0	.	0.012	0.019	0.002	0.806	0.16	4
1	1	1	1	1	1	1	1	1	1	54.67	0	0.986	0	0.006	0.008	2
1	1	1	1	1	1	1	1	1	1	52.73	0	0.986	0	0.006	0.008	2
1	1	1	0	0	1	1	1	0	0	45.17	0.011	0.012	0	0.908	0.068	4
0	0	0	0	0	1	0	0	1	0	.	0.81	0	0.186	0.001	0.003	1
1	.	1	0	1	0	0	1	1	1	.	0.062	0.119	0.003	0.063	0.753	5
1	1	1	1	1	1	1	1	1	0	67.09	0	0.986	0	0.006	0.008	2
1	1	1	1	1	0	1	1	1	0	65.99	0.001	0.819	0	0.009	0.17	2
1	1	1	1	1	1	1	1	1	0	.	0	0.986	0	0.006	0.008	2
1	1	1	0	1	1	1	1	1	0	70.42	0.005	0.788	0	0.191	0.017	2
0	1	1	0	1	1	1	1	0	0	48.16	0.265	0.195	0.001	0.071	0.468	5
1	1	1	0	0	1	1	1	1	1	53.05	0.004	0.027	0	0.964	0.004	4
1	0	1	0	0	0	1	1	1	0	.	0.295	0.005	0.001	0.647	0.052	4
1	0	1	1	1	1	1	1	1	1	43.26	0.035	0.936	0	0.01	0.019	2
0	0	0	1	1	0	1	1	0	0	.	0.763	0.001	0.121	0	0.115	1
1	1	1	1	1	0	0	1	1	0	66.38	0.001	0.319	0	0.004	0.676	5
1	1	1	0	0	1	1	.	1	0	.	0.005	0.026	0	0.962	0.008	4
1	1	1	1	1	1	1	1	1	0	.	0	0.986	0	0.006	0.008	2
1	0	1	0	1	1	1	1	0	1	36.2	0.471	0.141	0.001	0.133	0.254	1
0	0	1	1	1	0	0	0	0	1	50.03	0.01	0	0.669	0	0.321	3
1	1	1	0	0	1	1	1	1	1	.	0.004	0.027	0	0.964	0.004	4
1	1	1	1	1	1	1	1	1	1	.	0	0.986	0	0.006	0.008	2
0	0	0	1	1	0	0	1	0	1	48.8	0.178	0	0.727	0	0.095	3
1	1	1	0	1	1	1	1	1	1	61.48	0.005	0.788	0	0.191	0.017	2
1	0	1	0	0	1	0	0	0	1	52.55	0.139	0	0.419	0.044	0.398	3
0	1	1	0	1	1	1	1	0	1	57.14	0.265	0.195	0.001	0.071	0.468	5
0	1	1	0	1	1	1	1	1	0	71.27	0.157	0.676	0	0.118	0.048	2
0	0	0	0	1	1	1	1	1	1	.	0.996	0.002	0	0.001	0.001	1
1	1	1	0	0	0	.	1	0	0	30.95	0.01	0.002	0.011	0.296	0.68	5
1	0	1	0	0	0	0	1	1	0	.	0.398	0.002	0.026	0.322	0.252	1
1	1	1	1	1	1	1	1	1	0	67.92	0	0.986	0	0.006	0.008	2
1	1	1	.	0	1	0	1	1	1	70.76	0.011	0.132	0	0.756	0.101	4
0	1	1	0	1	0	0	.	0	0	77.93	0.011	0.001	0.222	0	0.765	5
1	0	0	0	1	0	0	1	0	0	40.91	0.174	0	0.634	0.001	0.191	3
1	1	1	0	1	1	0	1	1	1	55.52	0.012	0.67	0	0.171	0.148	2
1	1	1	0	1	0	0	0	1	0	65.49	0.002	0.009	0.005	0.009	0.975	5
1	1	1	1	1	0	1	1	0	1	71.76	0.001	0.126	0	0.003	0.87	5
0	0	0	1	0	0	0	0	0	1	44.5	0.005	0	0.992	0	0.004	3
1	1	1	0	0	0	0	0	1	0	77.72	0.007	0.001	0.02	0.146	0.826	5
1	1	1	1	1	0	0	1	0	1	29.63	0	0.014	0.001	0	0.985	5
1	1	1	1	1	1	0	1	1	0	36.14	0.001	0.918	0	0.006	0.075	2
0	1	1	1	1	0	0	0	0	0	.	0.001	0	0.068	0	0.931	5
1	1	1	1	1	1	1	1	1	1	42.81	0	0.986	0	0.006	0.008	2
0	0	0	0	0	1	0	0	0	0	40.32	0.099	0	0.899	0	0.002	3
1	1	1	1	1	1	1	1	1	1	48.16	0	0.986	0	0.006	0.008	2
0	0	1	1	1	1	0	1	1	1	62.46	0.709	0.172	0.001	0.001	0.116	1
0	0	0	0	1	1	1	1	0	0	45.16	0.989	0	0.007	0	0.004	1
0	0	0	1	1	1	1	0	0	1	46.55	0.764	0.001	0.145	0	0.091	1
1	1	1	1	1	1	1	0	1	0	55.03	0.001	0.858	0	0.01	0.13	2
1	1	1	.	0	1	1	1	1	0	44.05	0.005	0.153	0	0.831	0.011	4
1	1	1	0	0	1	1	1	1	0	45.06	0.004	0.027	0	0.964	0.004	4
0	1	1	1	1	1	1	1	1	1	63.23	0.015	0.956	0	0.004	0.025	2
0	0	0	1	1	1	0	1	1	1	44.98	0.974	0.008	0.003	0	0.014	1
1	0	1	0	1	1	0	1	1	1	52.23	0.445	0.273	0.001	0.132	0.15	1
1	0	1	0	1	1	1	1	1	0	.	0.274	0.48	0	0.22	0.026	2
1	1	1	1	1	1	1	1	1	1	59.21	0	0.986	0	0.006	0.008	2
0	0	0	0	0	0	0	0	0	0	53.06	0.004	0	0.996	0	0.001	3
0	1	1	1	1	1	1	1	1	0	.	0.015	0.956	0	0.004	0.025	2
0	0	1	1	1	1	0	1	0	0	.	0.488	0.02	0.032	0	0.46	1
1	1	0	1	1	1	1	0	1	0	82.51	0.03	0.679	0	0.021	0.27	2
1	1	1	1	1	1	0	1	0	0	62.64	0.002	0.267	0	0.003	0.728	5
1	0	0	0	0	0	0	0	0	1	40.51	0.005	0	0.986	0	0.008	3
1	1	1	1	1	1	0	1	1	1	69.17	0.001	0.918	0	0.006	0.075	2
0	.	0	0	1	1	1	1	1	1	46.75	0.968	0.019	0	0.009	0.004	1
1	1	0	0	1	0	1	1	0	1	.	0.073	0.017	0.014	0.044	0.851	5
1	1	1	1	1	1	1	1	1	1	64.63	0	0.986	0	0.006	0.008	2
1	1	1	1	0	1	1	1	0	1	53.14	0.013	0.204	0	0.366	0.417	5
1	1	1	1	1	.	1	1	1	0	.	0	0.973	0	0.006	0.02	2
1	0	1	1	1	0	0	0	0	0	83.87	0.002	0	0.116	0	0.881	5
1	1	1	1	1	1	0	0	1	0	57.68	0.002	0.389	0	0.005	0.604	5
1	0	1	1	1	0	1	1	0	1	.	0.046	0.052	0.002	0.002	0.898	5
1	1	1	1	1	1	1	1	1	1	49.05	0	0.986	0	0.006	0.008	2
1	0	1	0	1	1	0	1	1	1	73.1	0.445	0.273	0.001	0.132	0.15	1
0	0	1	0	1	0	1	0	0	0	66.26	0.178	0	0.547	0	0.275	3
0	0	0	1	0	0	0	1	1	1	.	0.843	0	0.133	0	0.023	1
0	1	1	0	1	0	1	0	1	0	44.55	0.085	0.024	0.009	0.017	0.865	5
1	0	0	0	0	0	0	.	0	0	51.23	0.026	0	0.959	0.001	0.014	3
1	1	0	1	0	1	1	1	1	1	55.07	0.083	0.268	0	0.606	0.043	4
1	1	1	0	1	1	1	1	1	1	76.49	0.005	0.788	0	0.191	0.017	2
0	0	1	1	0	0	0	0	0	0	.	0.009	0	0.907	0	0.083	3
0	1	1	1	1	1	1	1	1	1	60.47	0.015	0.956	0	0.004	0.025	2
0	0	0	0	0	0	0	0	0	0	73.41	0.004	0	0.996	0	0.001	3
0	0	0	0	0	0	0	0	0	0	.	0.004	0	0.996	0	0.001	3
1	1	1	0	0	1	1	1	0	0	64.11	0.011	0.012	0	0.908	0.068	4
1	1	1	1	1	1	1	1	1	0	55.18	0	0.986	0	0.006	0.008	2
1	1	0	1	0	1	1	0	0	0	37.99	0.056	0.008	0.016	0.077	0.842	5
0	0	1	0	0	1	1	1	1	0	.	0.918	0.002	0	0.078	0.002	1
1	1	1	1	1	0	0	0	0	0	53.87	0	0.001	0.005	0	0.995	5
1	1	1	1	1	1	1	1	1	1	68.69	0	0.986	0	0.006	0.008	2
0	0	0	0	1	1	1	0	0	0	74.36	0.798	0	0.185	0	0.017	1
1	1	1	1	1	1	1	1	1	0	61.2	0	0.986	0	0.006	0.008	2
0	0	0	0	0	0	1	0	0	0	52.4	0.089	0	0.908	0	0.004	3
0	0	0	0	0	0	0	0	0	1	67.53	0.004	0	0.996	0	0.001	3
0	0	1	1	1	1	1	1	1	1	58.78	0.573	0.398	0	0.003	0.026	1
1	1	1	1	1	1	.	1	1	1	52.88	0	0.976	0	0.006	0.018	2
0	0	0	0	0	1	1	1	1	1	64.6	0.992	0	0	0.007	0	1
1	1	1	0	0	1	1	1	1	1	34	0.004	0.027	0	0.964	0.004	4
0	1	1	0	1	1	1	1	1	0	.	0.157	0.676	0	0.118	0.048	2
1	0	1	0	1	0	0	1	1	1	.	0.284	0.043	0.012	0.041	0.619	5
1	1	.	1	1	1	1	1	1	0	73.64	0.001	0.984	0	0.006	0.008	2
1	1	1	1	1	1	1	1	1	0	60.28	0	0.986	0	0.006	0.008	2
1	1	1	0	1	1	1	1	1	0	66	0.005	0.788	0	0.191	0.017	2
0	0	1	1	1	1	1	1	0	0	.	0.721	0.086	0.002	0.001	0.19	1
1	1	1	1	1	1	1	.	.	0	57.32	0.001	0.956	0	0.006	0.037	2
1	1	1	0	0	0	0	0	0	0	49.5	0.001	0	0.141	0.009	0.848	5
1	0	0	1	0	1	1	1	1	1	70.63	0.837	0.029	0	0.122	0.011	1
0	1	1	0	1	1	1	1	1	0	.	0.157	0.676	0	0.118	0.048	2
0	0	0	1	1	0	0	0	0	1	50.59	0.007	0	0.974	0	0.019	3
0	0	1	0	0	1	1	0	1	1	51.73	0.941	0	0.004	0.043	0.011	1
0	1	1	1	1	0	0	1	0	1	58.13	0.004	0.004	0.011	0	0.981	5
1	1	1	1	0	1	1	1	0	1	64.76	0.013	0.204	0	0.366	0.417	5
1	1	1	1	1	1	0	1	1	0	45.32	0.001	0.918	0	0.006	0.075	2
0	0	0	0	0	0	0	0	0	0	55.24	0.004	0	0.996	0	0.001	3
1	1	1	1	1	1	1	1	1	0	52.69	0	0.986	0	0.006	0.008	2
1	1	1	1	0	0	0	1	1	0	44.94	0.006	0.052	0	0.094	0.847	5
0	0	1	1	1	0	0	0	1	1	69.96	0.124	0.002	0.203	0	0.671	5
1	1	1	1	1	1	0	1	1	1	68.82	0.001	0.918	0	0.006	0.075	2
1	1	1	0	0	1	1	1	1	0	52.22	0.004	0.027	0	0.964	0.004	4
1	0	1	1	1	1	1	1	0	1	56	0.115	0.524	0	0.012	0.349	2
1	1	1	1	0	1	1	1	1	0	66.13	0.005	0.516	0	0.447	0.031	2
0	0	1	0	1	1	0	1	1	0	69.92	0.95	0.015	0.002	0.005	0.028	1
1	1	1	1	1	1	1	1	1	1	58.68	0	0.986	0	0.006	0.008	2
1	1	1	1	1	1	1	1	1	1	57.43	0	0.986	0	0.006	0.008	2
0	0	1	0	0	1	1	.	1	0	43.57	0.922	0.001	0.001	0.072	0.004	1
0	0	0	0	0	0	0	0	0	0	.	0.004	0	0.996	0	0.001	3
1	1	1	1	1	1	0	1	1	1	48.83	0.001	0.918	0	0.006	0.075	2
1	1	1	0	1	1	1	1	1	0	91.67	0.005	0.788	0	0.191	0.017	2
1	1	1	1	0	0	1	1	0	0	59.34	0.004	0.017	0	0.061	0.917	5
0	1	0	1	0	0	0	0	0	1	66.1	0.003	0	0.902	0	0.095	3
0	0	1	0	1	1	0	0	0	1	49.64	0.218	0	0.595	0	0.187	3
1	1	1	1	1	1	1	1	1	0	66.23	0	0.986	0	0.006	0.008	2
0	0	0	0	0	0	0	0	0	0	38.42	0.004	0	0.996	0	0.001	3
1	1	1	1	1	1	1	1	1	1	51.36	0	0.986	0	0.006	0.008	2
0	0	0	0	1	1	1	1	1	1	44.11	0.996	0.002	0	0.001	0.001	1
0	1	0	0	0	1	1	1	1	1	56.51	0.722	0.004	0	0.269	0.006	1
0	0	0	0	0	1	1	.	1	1	48.24	0.991	0	0.002	0.007	0	1
0	0	1	1	1	1	0	1	0	0	.	0.488	0.02	0.032	0	0.46	1
0	0	0	0	0	0	0	1	1	0	32.75	0.834	0	0.161	0.001	0.004	1
0	0	1	0	0	0	0	0	0	0	42.11	0.008	0	0.979	0	0.013	3
0	0	0	0	0	0	1	0	0	1	54.81	0.089	0	0.908	0	0.004	3
1	1	1	0	1	1	1	1	1	0	42.75	0.005	0.788	0	0.191	0.017	2
0	0	1	0	0	1	1	1	1	0	.	0.918	0.002	0	0.078	0.002	1
1	1	0	0	1	1	0	1	1	0	54.31	0.186	0.363	0.001	0.241	0.209	2
1	1	1	1	1	1	1	1	1	1	.	0	0.986	0	0.006	0.008	2
1	1	1	1	1	1	0	1	1	1	.	0.001	0.918	0	0.006	0.075	2
1	0	1	0	0	1	1	1	1	0	48.16	0.179	0.012	0	0.804	0.005	4
1	1	1	0	0	1	1	1	0	0	.	0.011	0.012	0	0.908	0.068	4
0	1	1	1	1	1	1	1	1	0	53.17	0.015	0.956	0	0.004	0.025	2
0	1	0	0	1	0	0	0	0	0	36.58	0.004	0	0.922	0	0.074	3
0	0	0	0	0	0	0	0	1	0	37	0.13	0	0.867	0	0.003	3
0	0	0	0	0	0	1	1	1	1	44.57	0.988	0	0.007	0.004	0.001	1
1	1	1	1	1	0	1	1	1	1	67.4	0.001	0.819	0	0.009	0.17	2
0	0	0	1	1	0	0	0	0	0	39.28	0.007	0	0.974	0	0.019	3
1	1	1	1	1	1	0	1	1	0	.	0.001	0.918	0	0.006	0.075	2
1	1	1	1	1	1	1	1	1	0	51.56	0	0.986	0	0.006	0.008	2
1	0	1	0	0	0	0	1	0	1	35.41	0.134	0	0.34	0.038	0.487	5
0	0	0	0	0	1	1	1	1	0	.	0.992	0	0	0.007	0	1
1	1	1	1	1	1	1	1	1	0	74.78	0	0.986	0	0.006	0.008	2
0	1	1	1	1	1	1	0	0	1	43.5	0.018	0.055	0.002	0.001	0.924	5
1	1	1	1	1	1	1	1	1	1	65.22	0	0.986	0	0.006	0.008	2
0	0	0	0	0	0	0	0	0	1	44.59	0.004	0	0.996	0	0.001	3
1	1	0	1	0	1	1	0	0	0	52.62	0.056	0.008	0.016	0.077	0.842	5
1	0	1	1	1	1	1	1	1	0	46.18	0.035	0.936	0	0.01	0.019	2
1	1	1	1	1	1	1	1	0	1	.	0.002	0.78	0	0.009	0.208	2
1	1	1	1	1	1	1	1	1	1	.	0	0.986	0	0.006	0.008	2
1	1	1	0	0	0	0	0	1	1	41.32	0.007	0.001	0.02	0.146	0.826	5
1	1	1	0	1	0	0	1	0	1	71.79	0.002	0.005	0.005	0.005	0.983	5
1	1	1	1	1	0	1	1	1	0	.	0.001	0.819	0	0.009	0.17	2
1	1	1	.	1	1	0	0	1	0	72.25	0.004	0.334	0	0.026	0.635	5
1	1	0	1	1	1	.	1	1	1	55.44	0.014	0.927	0	0.014	0.045	2
1	1	1	1	1	1	0	0	1	1	65.2	0.002	0.389	0	0.005	0.604	5
1	1	1	1	1	1	1	1	0	1	72.25	0.002	0.78	0	0.009	0.208	2
1	1	1	1	1	1	1	1	1	1	.	0	0.986	0	0.006	0.008	2
1	1	1	1	1	1	1	1	1	0	.	0	0.986	0	0.006	0.008	2
1	1	1	1	1	0	0	1	0	0	78.7	0	0.014	0.001	0	0.985	5
1	0	1	1	1	1	1	0	1	1	63.61	0.091	0.648	0	0.014	0.246	2
0	0	0	0	1	1	1	1	1	0	53.2	0.996	0.002	0	0.001	0.001	1
1	1	1	1	1	1	0	1	0	1	62.48	0.002	0.267	0	0.003	0.728	5
0	1	1	0	1	0	0	1	0	1	62.42	0.022	0.001	0.068	0.001	0.908	5
1	1	1	1	1	1	1	1	1	0	75.73	0	0.986	0	0.006	0.008	2
1	1	0	1	1	0	0	1	1	0	.	0.02	0.149	0.002	0.005	0.824	5
1	1	1	1	1	1	0	0	1	1	72.94	0.002	0.389	0	0.005	0.604	5
1	1	1	0	0	1	1	1	1	0	.	0.004	0.027	0	0.964	0.004	4
1	1	1	1	1	1	1	1	1	0	.	0	0.986	0	0.006	0.008	2
1	1	1	1	1	1	1	1	1	1	63.54	0	0.986	0	0.006	0.008	2
0	0	1	0	1	0	1	0	0	0	.	0.178	0	0.547	0	0.275	3
0	0	0	0	0	0	1	1	1	0	.	0.988	0	0.007	0.004	0.001	1
1	1	1	1	1	1	1	1	1	0	.	0	0.986	0	0.006	0.008	2
1	1	1	1	0	1	1	1	1	0	60.13	0.005	0.516	0	0.447	0.031	2
1	1	1	0	1	0	1	1	1	1	70.41	0.012	0.486	0	0.23	0.272	2
1	1	1	1	1	1	1	0	0	0	73.51	0.001	0.163	0	0.004	0.831	5
1	1	1	1	1	1	0	1	1	0	56.73	0.001	0.918	0	0.006	0.075	2
1	1	1	0	0	1	1	1	1	0	49.88	0.004	0.027	0	0.964	0.004	4
0	1	0	0	0	1	1	1	1	0	49.41	0.722	0.004	0	0.269	0.006	1
1	1	0	0	0	0	0	0	1	0	.	0.05	0	0.321	0.094	0.535	5
1	1	1	1	1	0	1	0	0	0	68.36	0	0.008	0.001	0	0.991	5
1	1	1	1	1	1	1	0	1	0	.	0.001	0.858	0	0.01	0.13	2
0	1	1	1	1	.	1	1	1	1	50.19	0.017	0.915	0	0.004	0.064	2
1	1	1	1	1	1	1	1	1	0	73.01	0	0.986	0	0.006	0.008	2
1	1	1	0	1	1	0	0	0	1	.	0.003	0.007	0.007	0.007	0.976	5
1	1	1	1	1	1	0	1	1	0	.	0.001	0.918	0	0.006	0.075	2
1	1	1	1	1	0	0	0	1	0	36.86	0	0.024	0.001	0.001	0.974	5
1	0	1	0	1	0	0	0	1	1	68.87	0.073	0.003	0.107	0.006	0.812	5
0	0	0	0	0	0	0	1	0	1	63.75	0.116	0	0.881	0	0.003	3
1	1	1	0	1	0	0	1	1	0	51.53	0.01	0.137	0.001	0.068	0.784	5
0	0	0	0	0	0	1	1	0	1	.	0.766	0	0.227	0.001	0.006	1
1	1	1	1	1	1	1	1	1	0	78.1	0	0.986	0	0.006	0.008	2
1	1	1	1	1	1	1	0	1	0	59.63	0.001	0.858	0	0.01	0.13	2
1	1	1	1	1	0	0	0	0	1	56.86	0	0.001	0.005	0	0.995	5
1	0	1	1	1	1	1	1	1	1	40.28	0.035	0.936	0	0.01	0.019	2
1	1	1	0	0	1	1	1	1	0	.	0.004	0.027	0	0.964	0.004	4
1	1	1	0	0	0	1	1	1	0	66.92	0.008	0.013	0	0.922	0.057	4
0	1	1	0	0	0	0	0	0	0	.	0.004	0	0.721	0.001	0.274	3
1	1	1	1	1	1	1	0	0	1	58.54	0.001	0.163	0	0.004	0.831	5
1	1	1	0	0	1	0	1	1	1	59.32	0.011	0.025	0	0.923	0.041	4
0	1	0	0	1	1	1	1	0	1	.	0.824	0.021	0.007	0.019	0.128	1
1	1	1	1	1	1	1	1	1	1	63.99	0	0.986	0	0.006	0.008	2
0	0	0	1	0	1	1	1	1	1	72.03	0.995	0.001	0	0.003	0.001	1
1	0	1	0	0	1	1	1	1	1	64.18	0.179	0.012	0	0.804	0.005	4
1	1	1	0	0	1	0	1	1	0	.	0.011	0.025	0	0.923	0.041	4
1	1	1	0	0	0	1	1	1	0	40.35	0.008	0.013	0	0.922	0.057	4
0	1	0	0	0	0	1	1	0	0	.	0.571	0	0.225	0.037	0.168	1
1	1	1	1	1	1	1	0	0	1	63.77	0.001	0.163	0	0.004	0.831	5
1	1	1	0	0	1	1	1	1	0	58.65	0.004	0.027	0	0.964	0.004	4
1	1	1	0	0	1	1	1	1	0	.	0.004	0.027	0	0.964	0.004	4
0	0	0	0	0	0	1	1	1	1	.	0.988	0	0.007	0.004	0.001	1
0	1	1	0	1	0	0	1	0	1	62.93	0.022	0.001	0.068	0.001	0.908	5
1	0	1	0	1	0	1	0	0	0	.	0.047	0.001	0.106	0.004	0.842	5
0	0	0	0	0	1	0	1	1	0	68.26	0.99	0	0.007	0.003	0.001	1
1	0	0	0	0	1	0	1	1	0	41.1	0.862	0.001	0.004	0.126	0.007	1
0	1	1	0	1	0	1	1	0	0	47.48	0.078	0.014	0.009	0.01	0.889	5
0	1	1	0	1	0	0	1	0	0	50.19	0.022	0.001	0.068	0.001	0.908	5
0	1	1	0	0	1	1	0	1	1	56.26	0.265	0.012	0.001	0.601	0.121	4
1	1	1	0	0	1	1	0	1	1	79.07	0.008	0.013	0	0.938	0.041	4
1	1	1	0	0	1	0	0	1	1	.	0.015	0.009	0.002	0.683	0.291	4
1	1	0	1	0	1	0	1	0	0	34.76	0.078	0.015	0.016	0.074	0.817	5
1	1	0	0	0	1	0	1	0	1	60.65	0.176	0.002	0.045	0.45	0.328	4
1	0	0	1	1	1	0	1	1	0	.	0.67	0.21	0.002	0.006	0.112	1
0	0	0	0	0	0	0	0	0	0	62.23	0.004	0	0.996	0	0.001	3
1	1	1	1	1	1	1	0	1	1	64.75	0.001	0.858	0	0.01	0.13	2
0	0	0	0	1	1	1	1	1	1	75.75	0.996	0.002	0	0.001	0.001	1
1	1	1	1	1	1	1	1	1	1	74.12	0	0.986	0	0.006	0.008	2
1	0	1	0	0	1	1	0	1	1	36.64	0.28	0.005	0.001	0.675	0.039	4
1	1	1	1	1	1	1	1	1	1	71.32	0	0.986	0	0.006	0.008	2
1	1	1	1	1	0	1	1	0	0	66.53	0.001	0.126	0	0.003	0.87	5
1	1	1	1	1	1	1	1	1	1	.	0	0.986	0	0.006	0.008	2
1	1	1	0	0	0	1	1	0	0	.	0.013	0.003	0.002	0.492	0.49	4
1	1	1	0	0	0	1	1	1	1	66.86	0.008	0.013	0	0.922	0.057	4
0	0	1	0	1	0	0	0	0	1	.	0.012	0	0.924	0	0.065	3
0	0	0	0	1	0	1	0	0	0	52.26	0.127	0	0.855	0	0.017	3
1	1	0	1	1	1	1	1	0	1	73.32	0.038	0.556	0	0.018	0.388	2
1	1	1	1	1	1	1	1	1	0	.	0	0.986	0	0.006	0.008	2
0	0	1	0	1	0	0	1	0	1	61.91	0.228	0	0.524	0	0.248	3
1	1	1	1	1	1	1	1	1	0	58.42	0	0.986	0	0.006	0.008	2
0	0	1	0	1	1	0	1	1	1	42.58	0.95	0.015	0.002	0.005	0.028	1
0	1	1	1	1	0	1	1	0	1	.	0.015	0.041	0.001	0.001	0.942	5
0	0	1	1	1	0	0	0	0	1	.	0.01	0	0.669	0	0.321	3
1	1	1	1	1	1	1	1	1	1	63.4	0	0.986	0	0.006	0.008	2
0	1	1	0	0	1	1	1	1	0	80.43	0.182	0.03	0	0.771	0.016	4
0	0	0	1	1	1	1	1	1	1	53.97	0.973	0.023	0	0	0.004	1
0	0	0	0	0	0	0	0	0	1	.	0.004	0	0.996	0	0.001	3
1	1	1	1	1	1	1	1	1	1	74.01	0	0.986	0	0.006	0.008	2
0	1	1	1	1	0	.	0	1	0	43.79	0.009	0.031	0.007	0.001	0.952	5
1	1	1	1	1	1	1	1	1	1	68.31	0	0.986	0	0.006	0.008	2
1	1	1	1	1	1	1	0	1	0	54.61	0.001	0.858	0	0.01	0.13	2
1	1	1	1	1	1	1	1	1	0	78.01	0	0.986	0	0.006	0.008	2
0	1	1	1	0	1	0	1	1	0	55.19	0.235	0.205	0.001	0.135	0.424	5
0	0	1	0	0	1	0	1	1	0	61.89	0.958	0.001	0.003	0.03	0.008	1
0	0	0	0	0	0	0	1	0	0	61.66	0.116	0	0.881	0	0.003	3
1	1	0	0	0	1	1	1	1	0	.	0.048	0.01	0	0.938	0.004	4
1	1	0	0	0	1	0	1	1	1	37.35	0.115	0.009	0.001	0.838	0.038	4
1	1	1	1	1	0	0	1	1	1	72.22	0.001	0.319	0	0.004	0.676	5
1	1	1	0	0	1	1	1	1	1	.	0.004	0.027	0	0.964	0.004	4
1	1	1	1	1	1	1	1	1	0	37.77	0	0.986	0	0.006	0.008	2
0	1	1	1	1	0	0	0	0	0	76.84	0.001	0	0.068	0	0.931	5
1	0	0	1	0	1	1	1	1	1	.	0.837	0.029	0	0.122	0.011	1
1	1	1	1	0	1	1	1	1	1	74.33	0.005	0.516	0	0.447	0.031	2
1	1	1	1	1	1	1	1	1	1	84.94	0	0.986	0	0.006	0.008	2
1	1	1	1	1	1	1	0	1	1	39.66	0.001	0.858	0	0.01	0.13	2
1	1	1	1	1	1	1	1	1	0	.	0	0.986	0	0.006	0.008	2
1	1	1	1	1	1	1	1	1	1	70.41	0	0.986	0	0.006	0.008	2
1	1	1	1	1	1	1	1	1	1	68.34	0	0.986	0	0.006	0.008	2
0	1	0	0	1	0	1	0	0	1	48.33	0.066	0	0.592	0	0.341	3
0	0	0	0	0	0	0	0	0	0	29.29	0.004	0	0.996	0	0.001	3
1	0	1	0	0	0	1	0	0	0	37.79	0.1	0	0.34	0.042	0.518	5
1	1	1	0	0	1	0	0	1	0	.	0.015	0.009	0.002	0.683	0.291	4
1	1	1	0	0	1	1	1	1	0	.	0.004	0.027	0	0.964	0.004	4
1	0	1	0	1	1	1	1	1	1	54.29	0.274	0.48	0	0.22	0.026	2
0	1	1	1	1	1	1	1	1	1	58.33	0.015	0.956	0	0.004	0.025	2
0	1	1	1	1	1	0	1	0	0	.	0.025	0.097	0.002	0.001	0.876	5
0	0	1	0	1	1	1	1	1	0	56.1	0.935	0.043	0	0.014	0.008	1
0	0	0	0	0	1	1	1	0	1	.	0.986	0	0.01	0.003	0.001	1
1	1	1	0	0	1	1	1	1	0	44.83	0.004	0.027	0	0.964	0.004	4
0	0	.	0	1	1	0	0	0	1	66.85	0.165	0	0.771	0	0.064	3
0	0	0	0	0	1	0	0	1	0	50.8	0.81	0	0.186	0.001	0.003	1
1	1	1	0	.	.	1	1	1	1	64.88	0.005	0.365	0	0.604	0.026	4
1	1	0	1	1	1	1	1	1	1	68.05	0.011	0.954	0	0.015	0.02	2
0	0	0	0	0	0	0	0	0	0	38.04	0.004	0	0.996	0	0.001	3
0	1	1	1	1	1	1	1	1	0	.	0.015	0.956	0	0.004	0.025	2
1	1	1	1	1	1	1	0	1	1	66.99	0.001	0.858	0	0.01	0.13	2
1	1	1	1	1	1	1	1	1	0	60.91	0	0.986	0	0.006	0.008	2
1	1	1	1	0	1	0	1	0	0	56.09	0.007	0.042	0.001	0.079	0.871	5
1	1	1	1	0	1	1	1	1	0	64.17	0.005	0.516	0	0.447	0.031	2
1	1	1	1	1	1	0	0	1	0	43.5	0.002	0.389	0	0.005	0.604	5
0	0	0	1	0	1	0	1	1	1	.	0.989	0	0.005	0.001	0.004	1
1	1	1	1	1	1	1	1	1	1	63.07	0	0.986	0	0.006	0.008	2
1	1	0	0	1	0	0	1	0	0	28.65	0.021	0.002	0.102	0.005	0.871	5
1	1	1	1	1	1	0	1	1	0	.	0.001	0.918	0	0.006	0.075	2
0	1	1	0	1	0	1	0	0	0	43.94	0.016	0.001	0.064	0.001	0.918	5
1	1	1	1	1	1	1	1	1	0	55.29	0	0.986	0	0.006	0.008	2
0	0	0	0	0	.	1	1	1	0	47.35	0.991	0	0.002	0.007	0	1
1	1	1	0	1	1	0	1	1	1	54.77	0.012	0.67	0	0.171	0.148	2
0	0	1	0	0	1	1	1	1	1	54.78	0.918	0.002	0	0.078	0.002	1
1	1	1	1	1	0	1	1	1	1	80.21	0.001	0.819	0	0.009	0.17	2
0	1	1	1	1	0	.	.	0	0	50.83	0.005	0.009	0.028	0	0.958	5
0	0	0	0	0	1	0	1	1	0	.	0.99	0	0.007	0.003	0.001	1
0	0	1	0	1	0	1	0	0	0	38.09	0.178	0	0.547	0	0.275	3
0	0	0	0	0	0	0	1	1	0	35.86	0.834	0	0.161	0.001	0.004	1
1	1	1	1	1	0	1	0	1	0	67.13	0.001	0.201	0	0.005	0.793	5
1	1	.	1	1	1	1	1	1	1	59.36	0.001	0.984	0	0.006	0.008	2
0	0	1	1	0	0	0	0	0	1	63.08	0.009	0	0.907	0	0.083	3
0	1	0	1	1	1	1	1	1	1	.	0.296	0.652	0	0.007	0.045	2
0	0	0	1	1	0	0	0	0	0	34.75	0.007	0	0.974	0	0.019	3
0	0	0	0	0	0	0	1	0	1	34.54	0.116	0	0.881	0	0.003	3
1	1	1	1	1	1	1	1	1	1	.	0	0.986	0	0.006	0.008	2
1	1	1	1	1	0	0	0	0	0	49.55	0	0.001	0.005	0	0.995	5
0	0	1	1	1	0	0	0	0	0	82.33	0.01	0	0.669	0	0.321	3
0	0	0	1	0	1	1	0	1	1	62.16	0.985	0	0.007	0.001	0.006	1
1	1	1	1	1	1	0	1	1	0	46.36	0.001	0.918	0	0.006	0.075	2
1	1	1	1	0	0	1	1	0	1	.	0.004	0.017	0	0.061	0.917	5
0	1	1	0	0	0	1	1	1	0	70.72	0.271	0.011	0.001	0.559	0.158	4
0	0	1	0	1	1	0	0	1	1	44.35	0.816	0.004	0.056	0.002	0.122	1
0	1	1	0	0	1	1	1	1	0	.	0.182	0.03	0	0.771	0.016	4
1	1	1	1	1	0	1	1	1	0	43.18	0.001	0.819	0	0.009	0.17	2
0	1	1	0	1	1	1	1	1	1	49.77	0.157	0.676	0	0.118	0.048	2
1	1	1	1	1	1	1	0	1	1	.	0.001	0.858	0	0.01	0.13	2
1	0	1	1	1	1	1	1	1	0	46.18	0.035	0.936	0	0.01	0.019	2
1	1	1	0	1	1	0	0	1	0	54.83	0.011	0.173	0.001	0.088	0.726	5
0	1	1	1	1	0	0	1	1	0	.	0.021	0.121	0.001	0.001	0.855	5
0	1	0	0	1	1	0	0	0	1	70.74	0.085	0	0.673	0	0.241	3
0	0	1	0	1	1	1	1	1	0	.	0.935	0.043	0	0.014	0.008	1
1	1	1	1	1	0	0	1	1	1	69.74	0.001	0.319	0	0.004	0.676	5
0	0	0	0	0	0	0	0	0	0	71.99	0.004	0	0.996	0	0.001	3
1	1	1	1	1	1	1	1	1	0	.	0	0.986	0	0.006	0.008	2
1	0	1	1	1	0	1	0	0	1	73.46	0.01	0.003	0.018	0	0.969	5
1	1	0	0	1	0	0	0	0	1	55.95	0.003	0	0.44	0	0.557	5
1	0	1	0	0	0	0	1	0	1	.	0.134	0	0.34	0.038	0.487	5
1	1	1	1	0	1	1	1	1	0	42.28	0.005	0.516	0	0.447	0.031	2
1	1	1	1	1	1	1	1	1	1	69.71	0	0.986	0	0.006	0.008	2
1	1	1	1	1	1	1	1	1	1	57.1	0	0.986	0	0.006	0.008	2
0	1	1	1	1	1	0	0	1	1	37	0.026	0.158	0.002	0.001	0.813	5
1	1	1	0	1	0	1	1	1	1	47.24	0.012	0.486	0	0.23	0.272	2
1	1	1	1	1	1	1	1	1	0	59.9	0	0.986	0	0.006	0.008	2
1	1	1	0	0	1	1	1	1	1	.	0.004	0.027	0	0.964	0.004	4
1	1	1	1	1	1	1	1	1	0	64.92	0	0.986	0	0.006	0.008	2
0	0	1	1	1	1	.	1	0	1	.	0.625	0.059	0.014	0.001	0.302	1
1	1	1	1	1	1	1	1	1	1	62.78	0	0.986	0	0.006	0.008	2
1	1	1	1	1	1	1	1	1	0	80.91	0	0.986	0	0.006	0.008	2
1	1	1	1	1	1	1	1	1	0	45.47	0	0.986	0	0.006	0.008	2
1	1	1	1	1	1	1	1	1	0	61.53	0	0.986	0	0.006	0.008	2
0	1	0	0	0	0	0	1	0	0	32.15	0.082	0	0.83	0.002	0.086	3
0	1	1	0	1	1	1	1	0	0	56.6	0.265	0.195	0.001	0.071	0.468	5
1	1	1	0	0	1	1	1	1	1	49.24	0.004	0.027	0	0.964	0.004	4
1	1	1	1	1	1	1	1	1	1	68.43	0	0.986	0	0.006	0.008	2
0	0	1	0	1	1	0	0	0	0	.	0.218	0	0.595	0	0.187	3
1	1	1	1	1	1	1	1	1	1	.	0	0.986	0	0.006	0.008	2
1	1	1	0	0	1	1	1	1	0	44.7	0.004	0.027	0	0.964	0.004	4
1	0	0	1	1	.	1	1	1	1	51.17	0.533	0.399	0	0.012	0.055	1
1	1	1	1	0	1	1	1	1	0	55.53	0.005	0.516	0	0.447	0.031	2
0	0	1	0	0	1	1	1	0	1	66.38	0.954	0	0.004	0.029	0.013	1
0	0	1	1	1	0	1	1	1	0	.	0.678	0.117	0.001	0.002	0.202	1
1	1	0	1	1	1	1	1	1	0	67.24	0.011	0.954	0	0.015	0.02	2
1	1	1	0	0	1	1	1	1	0	.	0.004	0.027	0	0.964	0.004	4
1	1	1	1	0	0	0	0	0	1	.	0	0	0.024	0.001	0.975	5
0	1	1	0	1	1	1	1	1	0	39.17	0.157	0.676	0	0.118	0.048	2
1	1	0	0	1	1	1	1	1	1	63.61	0.096	0.536	0	0.338	0.03	2
1	0	0	0	0	0	0	1	1	0	34.75	0.789	0	0.111	0.056	0.044	1
1	1	1	1	1	0	0	0	1	0	51.5	0	0.024	0.001	0.001	0.974	5
1	0	0	0	0	0	0	0	0	0	38.17	0.005	0	0.986	0	0.008	3
1	1	1	1	1	1	1	1	1	0	.	0	0.986	0	0.006	0.008	2
0	0	0	0	0	0	0	0	0	0	55.13	0.004	0	0.996	0	0.001	3
1	0	0	0	0	0	1	0	1	0	54.49	0.729	0	0.137	0.075	0.058	1
0	0	0	0	0	1	0	1	1	0	65.09	0.99	0	0.007	0.003	0.001	1
1	0	1	1	1	0	1	1	0	1	76.24	0.046	0.052	0.002	0.002	0.898	5
1	1	1	1	1	1	1	1	1	0	86.37	0	0.986	0	0.006	0.008	2
1	1	1	1	1	1	1	1	1	1	66.72	0	0.986	0	0.006	0.008	2
0	0	0	0	1	1	0	1	1	0	42.38	0.992	0.001	0.004	0	0.003	1
1	0	0	1	1	1	0	0	1	1	52.12	0.493	0.041	0.044	0.003	0.419	1
0	0	0	0	0	1	1	1	1	1	42.11	0.992	0	0	0.007	0	1
1	1	1	1	1	1	1	1	1	1	58.55	0	0.986	0	0.006	0.008	2
0	0	0	0	0	0	0	0	0	0	62.99	0.004	0	0.996	0	0.001	3
0	1	0	0	1	0	0	0	0	0	68.44	0.004	0	0.922	0	0.074	3
1	0	1	0	1	1	1	1	1	0	80.73	0.274	0.48	0	0.22	0.026	2
1	1	1	1	1	1	1	1	1	1	61.99	0	0.986	0	0.006	0.008	2
1	1	1	1	1	1	0	1	1	1	57.82	0.001	0.918	0	0.006	0.075	2
1	1	1	1	1	1	1	1	0	0	.	0.002	0.78	0	0.009	0.208	2
1	1	1	0	0	1	1	1	1	0	37.71	0.004	0.027	0	0.964	0.004	4
.	1	1	0	0	1	1	1	1	1	32.96	0.021	0.027	0	0.946	0.006	4
1	1	1	0	1	1	1	1	1	0	.	0.005	0.788	0	0.191	0.017	2
1	1	1	0	1	0	1	1	1	1	.	0.012	0.486	0	0.23	0.272	2
0	0	1	0	0	1	1	0	1	0	44	0.941	0	0.004	0.043	0.011	1
1	1	1	1	0	0	0	1	0	0	67.33	0.001	0.002	0.004	0.007	0.987	5
1	1	1	1	1	1	1	1	1	0	72.39	0	0.986	0	0.006	0.008	2
1	1	1	0	1	1	1	1	1	1	.	0.005	0.788	0	0.191	0.017	2
1	1	1	1	1	1	1	1	1	0	90.18	0	0.986	0	0.006	0.008	2
1	1	1	1	0	1	1	1	1	1	49.78	0.005	0.516	0	0.447	0.031	2
1	1	1	0	0	1	1	1	1	0	43.16	0.004	0.027	0	0.964	0.004	4
1	0	0	1	0	1	1	0	0	0	.	0.611	0.001	0.128	0.017	0.243	1
1	1	1	1	1	1	1	1	1	1	60.65	0	0.986	0	0.006	0.008	2
0	1	0	1	1	1	0	0	1	0	59.04	0.24	0.05	0.039	0.001	0.67	5
1	1	1	1	1	1	1	1	1	0	65.41	0	0.986	0	0.006	0.008	2
1	0	1	0	1	1	1	0	1	1	42.07	0.42	0.197	0.001	0.181	0.202	1
1	1	1	1	1	1	1	1	1	1	59.45	0	0.986	0	0.006	0.008	2
1	1	1	0	0	1	1	1	1	1	51.86	0.004	0.027	0	0.964	0.004	4
1	1	1	1	1	1	1	1	0	0	56.46	0.002	0.78	0	0.009	0.208	2
0	0	0	1	1	0	0	0	0	0	51.49	0.007	0	0.974	0	0.019	3
1	1	1	.	0	0	0	0	0	0	39.26	0.001	0	0.061	0.003	0.935	5
1	0	1	0	0	1	1	1	1	0	36.26	0.179	0.012	0	0.804	0.005	4
1	1	1	1	1	1	1	1	1	0	71.13	0	0.986	0	0.006	0.008	2
1	1	1	0	0	1	1	1	1	0	.	0.004	0.027	0	0.964	0.004	4
0	1	1	1	1	1	1	1	0	0	74.34	0.045	0.504	0	0.004	0.447	2
0	0	0	0	1	1	0	1	1	0	53.15	0.992	0.001	0.004	0	0.003	1
1	1	1	0	0	1	1	1	1	1	43.89	0.004	0.027	0	0.964	0.004	4
1	1	1	1	1	1	1	1	1	1	72.92	0	0.986	0	0.006	0.008	2
0	0	0	0	0	0	0	0	0	1	.	0.004	0	0.996	0	0.001	3
1	1	1	1	1	1	1	1	1	0	84.63	0	0.986	0	0.006	0.008	2
1	1	1	1	1	1	1	1	1	1	57.42	0	0.986	0	0.006	0.008	2
1	0	1	0	0	1	0	1	1	0	26.6	0.359	0.008	0.001	0.596	0.035	4
1	1	1	1	1	0	1	1	1	0	51.34	0.001	0.819	0	0.009	0.17	2
1	1	1	1	1	1	1	1	1	0	67.37	0	0.986	0	0.006	0.008	2
1	0	1	0	0	0	1	0	0	1	70.04	0.1	0	0.34	0.042	0.518	5
0	0	0	0	0	0	0	0	0	1	29.84	0.004	0	0.996	0	0.001	3
1	1	1	0	0	1	1	1	1	0	52.78	0.004	0.027	0	0.964	0.004	4
0	0	0	0	0	0	0	0	0	1	.	0.004	0	0.996	0	0.001	3
0	0	0	1	1	0	0	0	0	0	72.91	0.007	0	0.974	0	0.019	3
0	0	1	0	0	1	1	1	1	1	64.69	0.918	0.002	0	0.078	0.002	1
1	1	0	1	1	0	1	1	1	0	.	0.029	0.617	0	0.019	0.334	2
1	1	1	1	1	1	1	1	1	1	.	0	0.986	0	0.006	0.008	2
1	1	1	0	1	1	1	1	1	0	51.78	0.005	0.788	0	0.191	0.017	2
1	1	1	0	0	1	0	0	0	0	43.65	0.008	0.001	0.031	0.121	0.839	5
0	0	1	0	1	1	0	1	1	1	38.43	0.95	0.015	0.002	0.005	0.028	1
1	1	1	0	0	1	1	1	1	0	78.33	0.004	0.027	0	0.964	0.004	4
0	0	0	1	0	1	0	1	1	1	59.61	0.989	0	0.005	0.001	0.004	1
0	1	1	0	1	0	0	1	1	0	73.92	0.115	0.043	0.009	0.016	0.818	5
1	1	1	1	1	1	1	1	1	0	73.72	0	0.986	0	0.006	0.008	2
1	1	1	1	1	1	1	1	1	0	91.57	0	0.986	0	0.006	0.008	2
1	0	0	0	0	0	0	0	1	0	60.45	0.162	0	0.786	0.006	0.046	3
1	1	1	0	1	1	1	1	1	0	76.41	0.005	0.788	0	0.191	0.017	2
0	0	1	0	1	1	0	1	1	1	57.31	0.95	0.015	0.002	0.005	0.028	1
1	1	1	1	1	1	1	1	0	1	78.71	0.002	0.78	0	0.009	0.208	2
0	0	1	0	0	0	1	0	0	0	44.08	0.163	0	0.762	0.001	0.073	3
1	1	1	1	1	1	1	1	1	1	84.05	0	0.986	0	0.006	0.008	2
0	1	1	1	1	0	0	0	0	0	45.95	0.001	0	0.068	0	0.931	5
1	1	1	1	1	1	1	1	1	0	71.62	0	0.986	0	0.006	0.008	2
0	0	1	1	0	1	0	0	1	1	50.91	0.747	0.002	0.064	0.005	0.183	1
1	1	1	0	1	1	1	0	1	1	52.69	0.012	0.522	0	0.253	0.214	2
0	0	1	0	0	1	1	1	1	1	63.7	0.918	0.002	0	0.078	0.002	1
0	0	1	0	1	1	0	1	0	1	45.32	0.799	0.002	0.063	0.002	0.134	1
1	1	1	0	1	1	1	1	1	1	54.32	0.005	0.788	0	0.191	0.017	2
1	1	1	0	0	1	1	1	0	0	.	0.011	0.012	0	0.908	0.068	4
1	0	1	1	1	1	1	1	1	0	61.75	0.035	0.936	0	0.01	0.019	2
0	0	0	.	1	1	0	0	0	0	45.32	0.147	0	0.827	0	0.027	3
1	1	1	1	1	1	1	1	1	0	.	0	0.986	0	0.006	0.008	2
0	0	1	0	0	0	1	1	.	1	.	0.908	0	0.031	0.032	0.029	1
0	0	0	0	0	1	1	1	1	1	40.47	0.992	0	0	0.007	0	1
1	1	1	0	1	1	0	1	1	0	71.6	0.012	0.67	0	0.171	0.148	2
0	1	1	1	0	1	1	1	1	1	72.32	0.18	0.448	0	0.281	0.091	2
1	1	0	1	0	1	1	1	1	0	66.7	0.083	0.268	0	0.606	0.043	4
1	1	1	0	1	1	1	1	1	1	63.33	0.005	0.788	0	0.191	0.017	2
1	1	1	1	1	1	1	1	1	1	75.07	0	0.986	0	0.006	0.008	2
1	1	1	1	1	1	1	1	1	0	76.56	0	0.986	0	0.006	0.008	2
1	1	1	1	1	1	1	1	1	0	.	0	0.986	0	0.006	0.008	2
1	1	1	0	0	1	1	1	1	0	50.79	0.004	0.027	0	0.964	0.004	4
0	1	1	1	1	1	1	1	1	1	48	0.015	0.956	0	0.004	0.025	2
0	1	1	.	1	0	1	0	0	1	.	0.007	0.002	0.027	0	0.964	5
1	1	1	1	1	1	0	1	1	1	72.7	0.001	0.918	0	0.006	0.075	2
1	1	0	.	1	1	1	1	1	0	61.55	0.029	0.865	0	0.083	0.022	2
1	1	1	1	1	0	1	1	1	1	55.52	0.001	0.819	0	0.009	0.17	2
1	0	0	0	1	0	0	1	0	1	52.96	0.174	0	0.634	0.001	0.191	3
0	1	1	1	1	1	0	1	1	0	47.59	0.033	0.758	0	0.003	0.205	2
1	1	1	0	0	0	0	1	0	1	42.9	0.006	0.001	0.022	0.091	0.88	5
1	1	1	1	1	1	1	1	1	1	54.44	0	0.986	0	0.006	0.008	2
1	1	1	1	1	1	1	1	1	0	57.43	0	0.986	0	0.006	0.008	2
1	0	1	1	0	0	1	1	1	1	48.19	0.327	0.082	0.001	0.265	0.325	1
1	0	0	0	0	1	1	1	1	0	48.1	0.714	0.002	0	0.282	0.002	1
0	0	0	0	0	0	0	0	0	1	39.08	0.004	0	0.996	0	0.001	3
1	1	1	0	0	1	0	1	1	0	56.65	0.011	0.025	0	0.923	0.041	4
1	1	1	1	1	1	1	1	1	0	61.99	0	0.986	0	0.006	0.008	2
0	0	0	1	0	0	0	0	0	0	68.99	0.005	0	0.992	0	0.004	3
1	1	1	0	0	1	1	0	1	1	77.85	0.008	0.013	0	0.938	0.041	4
1	0	0	1	1	0	0	1	1	1	59.91	0.447	0.035	0.034	0.002	0.482	5
0	0	0	0	0	1	0	1	1	0	47.52	0.99	0	0.007	0.003	0.001	1
0	1	1	0	0	0	1	0	1	1	60.52	0.191	0.002	0.03	0.211	0.566	5
0	0	1	0	1	0	0	0	1	1	57.28	0.252	0	0.505	0	0.243	3
0	0	0	1	1	0	0	0	0	0	.	0.007	0	0.974	0	0.019	3
1	1	1	0	1	0	0	0	0	1	60.23	0	0	0.031	0.001	0.968	5
0	1	1	1	1	0	0	0	0	1	57.86	0.001	0	0.068	0	0.931	5
1	1	1	1	1	0	0	1	1	1	.	0.001	0.319	0	0.004	0.676	5
1	1	1	1	1	1	1	1	1	0	.	0	0.986	0	0.006	0.008	2
1	1	1	1	1	1	1	1	1	0	72.24	0	0.986	0	0.006	0.008	2
1	1	1	1	1	1	1	1	1	1	72.33	0	0.986	0	0.006	0.008	2
.	0	0	0	1	0	0	0	0	1	57.27	0.006	0	0.985	0	0.009	3
1	1	1	1	1	1	0	1	0	0	70.39	0.002	0.267	0	0.003	0.728	5
1	1	0	1	1	1	1	1	1	0	43.26	0.011	0.954	0	0.015	0.02	2
1	1	1	1	1	1	1	1	1	0	55.39	0	0.986	0	0.006	0.008	2
0	0	0	1	0	0	1	1	0	0	.	0.777	0	0.188	0	0.034	1
1	1	1	1	1	1	0	1	1	1	57.25	0.001	0.918	0	0.006	0.075	2
1	1	1	1	1	1	0	1	1	0	.	0.001	0.918	0	0.006	0.075	2
1	0	1	1	1	1	1	1	1	0	56.28	0.035	0.936	0	0.01	0.019	2
1	1	1	1	0	1	0	1	1	1	55.77	0.012	0.39	0	0.356	0.243	2
0	0	1	0	1	1	0	1	1	0	63.23	0.95	0.015	0.002	0.005	0.028	1
0	0	1	0	1	0	0	1	1	0	.	0.797	0.003	0.046	0.002	0.151	1
0	0	1	0	1	0	0	0	0	1	57.12	0.012	0	0.924	0	0.065	3
1	1	1	1	1	1	0	1	1	1	50.61	0.001	0.918	0	0.006	0.075	2
1	1	1	0	1	1	0	0	1	1	65.2	0.011	0.173	0.001	0.088	0.726	5
0	1	1	1	1	1	1	1	1	1	52.7	0.015	0.956	0	0.004	0.025	2
1	1	1	1	1	1	1	1	1	0	66.77	0	0.986	0	0.006	0.008	2
1	1	1	1	1	1	0	1	1	1	.	0.001	0.918	0	0.006	0.075	2
1	1	1	0	1	1	1	1	1	1	.	0.005	0.788	0	0.191	0.017	2
1	1	1	1	0	1	1	1	0	1	70.57	0.013	0.204	0	0.366	0.417	5
1	1	0	0	1	0	1	0	0	0	67.39	0.015	0.001	0.097	0.005	0.882	5
1	1	1	1	1	1	0	1	1	1	55.66	0.001	0.918	0	0.006	0.075	2
0	1	.	0	1	0	0	0	0	0	57.39	0.004	0	0.655	0	0.342	3
1	1	0	0	0	1	0	0	1	1	40.79	0.147	0.003	0.033	0.572	0.245	4
1	1	1	1	1	1	1	1	1	1	68.1	0	0.986	0	0.006	0.008	2
0	0	1	1	1	1	1	1	1	1	.	0.573	0.398	0	0.003	0.026	1
1	1	1	1	1	0	0	0	0	1	46.73	0	0.001	0.005	0	0.995	5
1	1	1	0	0	1	1	1	0	1	44.28	0.011	0.012	0	0.908	0.068	4
1	1	1	1	1	0	1	0	0	0	60.78	0	0.008	0.001	0	0.991	5
0	0	0	0	0	0	0	0	0	0	40.87	0.004	0	0.996	0	0.001	3
1	1	1	0	0	1	1	1	1	1	53.84	0.004	0.027	0	0.964	0.004	4
1	1	1	0	1	1	1	1	1	1	75.89	0.005	0.788	0	0.191	0.017	2
1	1	1	0	0	0	1	1	0	1	.	0.013	0.003	0.002	0.492	0.49	4
1	1	1	1	1	0	0	1	0	0	72.56	0	0.014	0.001	0	0.985	5
0	1	1	1	1	1	1	1	1	1	42.1	0.015	0.956	0	0.004	0.025	2
0	0	1	0	0	1	1	1	1	1	53.36	0.918	0.002	0	0.078	0.002	1
0	0	1	1	1	1	1	1	1	1	60.41	0.573	0.398	0	0.003	0.026	1
0	1	1	.	1	1	1	1	1	0	38.46	0.04	0.907	0	0.024	0.029	2
1	1	1	1	1	1	.	1	1	0	.	0	0.976	0	0.006	0.018	2
0	0	1	0	0	1	1	1	0	1	.	0.954	0	0.004	0.029	0.013	1
0	0	0	0	0	0	0	0	0	1	77.68	0.004	0	0.996	0	0.001	3
0	0	0	1	0	0	0	1	0	0	.	0.135	0	0.843	0	0.021	3
0	0	1	0	0	1	1	0	1	1	.	0.941	0	0.004	0.043	0.011	1
1	1	0	1	0	1	1	0	1	1	47.8	0.119	0.103	0.001	0.465	0.312	4
0	0	0	1	1	0	1	1	1	1	.	0.965	0.006	0.004	0	0.025	1
1	1	1	0	0	1	1	.	0	0	.	0.012	0.011	0	0.86	0.117	4
1	1	0	0	0	1	1	1	1	0	63.33	0.048	0.01	0	0.938	0.004	4
0	1	1	1	1	1	1	1	1	0	66.84	0.015	0.956	0	0.004	0.025	2
1	1	1	1	1	.	0	1	1	1	67.67	0.001	0.818	0	0.005	0.175	2
1	1	1	0	1	0	1	1	0	1	.	0.007	0.048	0.001	0.047	0.898	5
1	1	1	1	1	0	0	1	1	1	59.36	0.001	0.319	0	0.004	0.676	5
1	0	.	1	1	1	1	1	1	1	.	0.08	0.89	0	0.011	0.019	2
0	0	0	0	0	1	1	1	0	1	49.61	0.986	0	0.01	0.003	0.001	1
1	1	1	0	0	1	1	1	1	1	33.21	0.004	0.027	0	0.964	0.004	4
0	0	0	0	0	0	0	0	0	0	55.67	0.004	0	0.996	0	0.001	3
0	0	1	1	1	1	0	0	0	0	52.18	0.124	0.001	0.277	0	0.597	5
1	1	1	1	1	0	0	0	0	1	.	0	0.001	0.005	0	0.995	5
0	1	1	1	1	1	0	1	1	0	40.62	0.033	0.758	0	0.003	0.205	2
1	1	1	1	1	1	0	1	0	1	58.25	0.002	0.267	0	0.003	0.728	5
1	1	1	1	1	1	1	1	1	1	.	0	0.986	0	0.006	0.008	2
0	1	1	0	0	1	1	1	1	0	80.03	0.182	0.03	0	0.771	0.016	4
1	1	1	0	0	0	0	1	1	1	62.89	0.015	0.008	0.001	0.611	0.364	4
1	1	1	1	1	1	1	1	1	1	71.43	0	0.986	0	0.006	0.008	2
1	1	1	0	0	1	1	1	1	0	.	0.004	0.027	0	0.964	0.004	4
1	1	1	0	0	1	1	1	1	0	59.01	0.004	0.027	0	0.964	0.004	4
1	1	1	1	1	1	1	1	1	1	60.74	0	0.986	0	0.006	0.008	2
1	1	1	0	1	1	1	1	1	1	71.8	0.005	0.788	0	0.191	0.017	2
1	0	1	0	0	1	1	1	1	0	40.44	0.179	0.012	0	0.804	0.005	4
1	1	1	1	0	1	1	1	1	1	55.68	0.005	0.516	0	0.447	0.031	2
1	0	1	1	1	1	0	1	1	0	50.99	0.081	0.756	0	0.009	0.154	2
1	1	1	0	1	1	1	1	1	0	77.43	0.005	0.788	0	0.191	0.017	2
1	0	1	0	1	1	1	1	1	1	55.92	0.274	0.48	0	0.22	0.026	2
1	1	1	0	1	1	1	1	1	0	55.58	0.005	0.788	0	0.191	0.017	2
1	1	0	.	1	0	1	1	1	0	.	0.069	0.503	0	0.095	0.333	2
0	1	1	1	1	1	0	1	0	0	54.45	0.025	0.097	0.002	0.001	0.876	5
1	1	1	0	.	1	.	.	0	0	.	0.012	0.117	0.003	0.4	0.469	5
1	1	1	.	0	1	1	1	1	0	59.99	0.005	0.153	0	0.831	0.011	4
0	1	0	0	0	0	0	1	0	0	40.04	0.082	0	0.83	0.002	0.086	3
1	1	1	1	0	1	0	0	0	0	.	0.002	0.002	0.005	0.009	0.981	5
1	0	1	1	1	1	0	1	1	0	63.25	0.081	0.756	0	0.009	0.154	2
0	1	1	1	1	0	1	0	0	1	73.82	0.003	0.002	0.01	0	0.985	5
0	1	1	0	0	1	1	1	.	0	55.81	0.203	0.027	0	0.732	0.038	4
1	1	1	0	1	1	0	1	1	0	.	0.012	0.67	0	0.171	0.148	2
1	1	1	1	0	1	1	1	1	0	79.37	0.005	0.516	0	0.447	0.031	2
1	0	1	1	1	1	1	1	1	1	46.69	0.035	0.936	0	0.01	0.019	2
1	0	1	1	1	1	0	1	0	0	52.52	0.074	0.118	0.003	0.003	0.802	5
1	1	1	0	1	1	1	1	1	0	46.61	0.005	0.788	0	0.191	0.017	2
0	0	0	0	1	1	0	1	1	0	55.01	0.992	0.001	0.004	0	0.003	1
1	1	1	1	1	1	1	1	1	1	72.01	0	0.986	0	0.006	0.008	2
0	0	0	1	1	0	0	0	0	0	41.48	0.007	0	0.974	0	0.019	3
0	1	1	1	1	1	1	1	1	1	72.35	0.015	0.956	0	0.004	0.025	2
1	0	0	0	0	1	1	0	0	0	55.19	0.713	0	0.183	0.053	0.05	1
1	1	1	0	1	1	0	1	1	1	70.8	0.012	0.67	0	0.171	0.148	2
1	1	1	0	0	1	0	1	1	1	46.4	0.011	0.025	0	0.923	0.041	4
1	1	1	1	1	1	1	1	0	0	67.34	0.002	0.78	0	0.009	0.208	2
1	1	1	1	1	1	1	1	1	0	.	0	0.986	0	0.006	0.008	2
1	1	1	1	1	1	0	1	1	0	65.79	0.001	0.918	0	0.006	0.075	2
1	1	1	0	0	0	1	1	1	0	45.41	0.008	0.013	0	0.922	0.057	4
0	0	1	1	1	1	1	0	1	1	61.33	0.701	0.13	0.002	0.002	0.165	1
1	0	0	0	0	1	0	0	0	1	59.53	0.127	0	0.837	0.004	0.032	3
1	1	1	1	1	1	1	1	1	0	83.13	0	0.986	0	0.006	0.008	2
1	1	1	1	1	1	1	1	1	1	74.23	0	0.986	0	0.006	0.008	2
1	1	1	0	1	1	1	1	1	0	.	0.005	0.788	0	0.191	0.017	2
1	1	1	1	1	.	1	1	1	1	66.83	0	0.973	0	0.006	0.02	2
0	1	0	0	0	0	0	0	0	0	29.53	0.003	0	0.982	0	0.015	3
1	1	1	1	0	1	1	1	1	1	53.31	0.005	0.516	0	0.447	0.031	2
1	1	1	1	1	1	0	0	0	1	.	0	0.019	0.001	0	0.979	5
1	1	0	1	1	1	1	1	1	0	47.97	0.011	0.954	0	0.015	0.02	2
1	0	0	0	0	1	1	0	0	0	55.98	0.713	0	0.183	0.053	0.05	1
0	1	1	0	0	1	1	0	0	0	56.37	0.215	0.002	0.046	0.172	0.565	5
1	1	1	1	1	1	1	1	1	0	.	0	0.986	0	0.006	0.008	2
0	0	1	0	0	1	0	1	1	1	63.98	0.958	0.001	0.003	0.03	0.008	1
0	0	0	0	0	1	0	1	1	1	.	0.99	0	0.007	0.003	0.001	1
0	1	1	0	1	1	0	0	0	0	70.82	0.027	0.002	0.098	0.001	0.872	5
0	0	0	0	0	1	1	1	1	1	69.42	0.992	0	0	0.007	0	1
0	0	0	0	0	.	1	1	0	1	56.56	0.928	0	0.067	0.002	0.002	1
0	1	1	0	1	1	0	1	1	0	54.76	0.257	0.387	0.001	0.071	0.284	2
1	0	1	0	0	1	1	1	1	1	40.13	0.179	0.012	0	0.804	0.005	4
1	0	1	1	1	0	1	1	1	0	40.34	0.089	0.591	0	0.013	0.306	2
1	1	0	1	1	1	0	1	1	1	60.27	0.027	0.792	0	0.013	0.169	2
1	1	0	0	1	1	1	1	1	1	.	0.096	0.536	0	0.338	0.03	2
1	1	1	1	1	0	0	1	1	1	62.85	0.001	0.319	0	0.004	0.676	5
1	1	1	1	1	1	1	1	1	1	.	0	0.986	0	0.006	0.008	2
0	0	0	1	0	1	1	1	1	0	51.43	0.995	0.001	0	0.003	0.001	1
1	1	1	1	1	1	1	1	0	1	65.03	0.002	0.78	0	0.009	0.208	2
1	1	1	1	1	1	1	1	0	1	63.68	0.002	0.78	0	0.009	0.208	2
1	1	1	1	1	0	0	0	0	0	67.7	0	0.001	0.005	0	0.995	5
1	1	1	1	1	0	0	1	1	1	65.43	0.001	0.319	0	0.004	0.676	5
1	1	0	0	1	1	1	0	0	1	78.7	0.089	0.023	0.02	0.059	0.81	5
0	0	0	0	0	.	0	0	0	0	.	0.015	0	0.984	0	0.001	3
0	0	1	1	1	1	1	1	0	0	67.86	0.721	0.086	0.002	0.001	0.19	1
0	0	0	1	0	1	1	1	0	1	46.25	0.984	0	0.008	0.001	0.007	1
1	1	1	1	1	1	1	1	1	1	64.28	0	0.986	0	0.006	0.008	2
0	1	1	0	1	0	0	0	1	0	70.53	0.025	0.003	0.066	0.002	0.905	5
1	1	1	0	0	1	1	1	1	0	41.09	0.004	0.027	0	0.964	0.004	4
0	0	0	0	0	0	0	0	0	0	.	0.004	0	0.996	0	0.001	3
0	0	0	1	0	1	1	1	1	1	.	0.995	0.001	0	0.003	0.001	1
0	1	0	1	0	0	0	0	0	0	37.2	0.003	0	0.902	0	0.095	3
1	0	0	0	1	0	0	1	1	1	57.36	0.768	0.004	0.071	0.01	0.147	1
0	0	0	1	1	0	0	0	0	0	53.81	0.007	0	0.974	0	0.019	3
1	1	1	1	1	1	0	1	1	1	54	0.001	0.918	0	0.006	0.075	2
1	1	1	1	1	1	1	0	0	1	68.52	0.001	0.163	0	0.004	0.831	5
0	0	1	0	1	1	0	0	1	0	56.63	0.816	0.004	0.056	0.002	0.122	1
0	0	0	0	1	1	1	1	1	0	42.34	0.996	0.002	0	0.001	0.001	1
1	1	1	1	0	1	0	1	1	1	54.72	0.012	0.39	0	0.356	0.243	2
1	1	1	1	1	1	1	1	1	0	71.44	0	0.986	0	0.006	0.008	2
1	1	0	1	1	0	0	1	1	1	64.57	0.02	0.149	0.002	0.005	0.824	5
0	0	0	0	1	0	0	0	0	0	56.6	0.006	0	0.991	0	0.003	3
1	1	1	1	1	1	0	1	1	1	.	0.001	0.918	0	0.006	0.075	2
1	1	1	1	0	0	0	1	1	0	73.58	0.006	0.052	0	0.094	0.847	5
1	1	0	1	0	1	1	0	1	0	.	0.119	0.103	0.001	0.465	0.312	4
0	1	1	1	1	1	1	0	0	1	53.92	0.018	0.055	0.002	0.001	0.924	5
1	1	0	1	1	0	1	1	1	1	50.25	0.029	0.617	0	0.019	0.334	2
0	1	1	0	1	1	1	1	1	0	74.41	0.157	0.676	0	0.118	0.048	2
1	1	1	0	0	1	1	1	1	0	41.88	0.004	0.027	0	0.964	0.004	4
1	1	1	0	1	1	1	1	1	1	.	0.005	0.788	0	0.191	0.017	2
0	0	0	0	0	0	0	0	0	0	57.95	0.004	0	0.996	0	0.001	3
0	1	0	1	0	0	0	1	1	1	39.38	0.44	0.003	0.092	0.011	0.453	5
0	0	0	0	0	1	1	0	1	0	58.95	0.986	0	0.009	0.004	0.001	1
1	1	1	.	1	1	1	1	1	0	74.97	0.001	0.954	0	0.035	0.009	2
0	0	0	0	1	1	1	1	1	1	52.63	0.996	0.002	0	0.001	0.001	1
0	0	1	1	1	1	1	1	0	1	71.4	0.721	0.086	0.002	0.001	0.19	1
1	0	0	1	1	1	0	1	1	1	44.41	0.67	0.21	0.002	0.006	0.112	1
1	1	1	1	1	0	0	1	1	1	.	0.001	0.319	0	0.004	0.676	5
0	0	0	0	0	0	1	0	0	1	.	0.089	0	0.908	0	0.004	3
1	0	0	0	1	1	1	1	1	1	48.64	0.879	0.052	0	0.062	0.007	1
1	1	1	1	1	1	0	1	1	0	.	0.001	0.918	0	0.006	0.075	2
.	0	1	0	0	1	1	1	0	0	.	0.732	0.002	0.003	0.234	0.029	1
1	1	1	1	1	1	1	1	1	1	78.67	0	0.986	0	0.006	0.008	2
0	0	0	0	0	0	0	1	1	1	74.32	0.834	0	0.161	0.001	0.004	1
0	0	0	1	0	1	0	1	0	1	79.27	0.807	0	0.173	0	0.02	1
1	0	1	0	1	0	1	0	0	1	63.87	0.047	0.001	0.106	0.004	0.842	5
1	1	1	1	1	1	0	1	1	1	49.44	0.001	0.918	0	0.006	0.075	2
1	1	1	0	0	1	1	1	1	0	41.14	0.004	0.027	0	0.964	0.004	4
0	0	0	1	1	0	0	1	1	1	41.74	0.834	0.002	0.086	0	0.078	1
1	1	1	0	1	1	0	1	1	0	60.26	0.012	0.67	0	0.171	0.148	2
0	0	0	0	0	0	0	0	0	0	54.72	0.004	0	0.996	0	0.001	3
1	1	1	1	1	1	0	1	1	0	67.34	0.001	0.918	0	0.006	0.075	2
1	0	1	1	1	1	1	1	1	0	.	0.035	0.936	0	0.01	0.019	2
0	0	0	1	1	1	1	1	0	1	54.97	0.968	0.004	0.005	0	0.022	1
1	1	1	1	1	1	1	1	0	0	64.6	0.002	0.78	0	0.009	0.208	2
1	1	1	1	1	1	1	1	1	0	67.98	0	0.986	0	0.006	0.008	2
0	0	0	0	0	1	1	0	0	1	.	0.735	0	0.259	0.001	0.005	1
1	1	1	0	1	1	1	1	1	1	76.92	0.005	0.788	0	0.191	0.017	2
1	1	1	1	1	1	1	0	0	0	81.39	0.001	0.163	0	0.004	0.831	5
1	1	1	.	1	1	1	1	1	0	38.56	0.001	0.954	0	0.035	0.009	2
0	1	0	0	0	0	0	0	0	0	36.44	0.003	0	0.982	0	0.015	3
0	0	0	0	0	0	1	1	1	1	53.1	0.988	0	0.007	0.004	0.001	1
1	1	1	1	1	1	1	1	1	0	65.14	0	0.986	0	0.006	0.008	2
1	1	1	0	1	0	1	1	1	1	76.91	0.012	0.486	0	0.23	0.272	2
1	1	1	1	1	1	1	1	1	1	42.22	0	0.986	0	0.006	0.008	2
0	1	1	0	1	1	1	0	1	1	63.38	0.242	0.279	0.001	0.098	0.381	5
0	1	0	1	0	0	1	1	1	1	81.71	0.722	0.015	0.006	0.048	0.208	1
0	0	0	0	1	1	1	1	1	0	63.5	0.996	0.002	0	0.001	0.001	1
1	1	1	0	1	0	0	1	1	0	45.37	0.01	0.137	0.001	0.068	0.784	5
1	1	1	1	1	1	1	1	1	1	66.7	0	0.986	0	0.006	0.008	2
.	0	0	1	1	0	1	0	1	0	62.32	0.649	0.008	0.086	0.001	0.256	1
0	0	0	0	0	0	1	0	0	0	61.39	0.089	0	0.908	0	0.004	3
1	1	1	1	1	1	1	1	1	0	63.13	0	0.986	0	0.006	0.008	2
1	0	0	0	0	0	0	0	0	0	50.4	0.005	0	0.986	0	0.008	3
0	0	0	0	1	0	0	0	1	0	47.48	0.183	0	0.802	0	0.016	3
1	1	1	0	0	1	1	1	1	0	37.84	0.004	0.027	0	0.964	0.004	4
0	0	1	1	1	1	1	1	1	1	58.42	0.573	0.398	0	0.003	0.026	1
1	1	1	0	0	1	1	1	1	1	57.16	0.004	0.027	0	0.964	0.004	4
1	0	1	1	1	1	0	0	0	0	.	0.017	0.007	0.028	0	0.947	5
1	1	1	1	1	1	1	1	1	1	61.14	0	0.986	0	0.006	0.008	2
1	0	.	1	0	1	1	0	0	0	.	0.298	0.006	0.049	0.042	0.605	5
1	1	1	1	1	1	1	1	1	0	73.16	0	0.986	0	0.006	0.008	2
1	1	1	0	1	1	1	1	1	0	.	0.005	0.788	0	0.191	0.017	2
1	1	1	1	1	1	1	1	1	1	59.15	0	0.986	0	0.006	0.008	2
1	1	1	0	1	0	0	1	0	0	50.05	0.002	0.005	0.005	0.005	0.983	5
1	0	0	.	1	1	1	1	1	1	36.6	0.72	0.225	0	0.041	0.014	1
0	1	1	1	1	1	1	1	1	0	41.22	0.015	0.956	0	0.004	0.025	2
0	1	1	1	1	0	1	1	1	1	72.15	0.035	0.569	0	0.005	0.392	2
0	0	1	0	1	1	1	1	1	1	69.82	0.935	0.043	0	0.014	0.008	1
1	1	1	1	1	1	0	1	0	0	46.68	0.002	0.267	0	0.003	0.728	5
0	1	1	1	1	1	0	1	0	0	42.41	0.025	0.097	0.002	0.001	0.876	5
0	1	0	0	0	0	0	0	0	1	50.38	0.003	0	0.982	0	0.015	3
1	1	0	1	1	1	0	1	0	0	.	0.024	0.119	0.003	0.004	0.85	5
1	0	1	0	1	1	1	0	0	0	66.38	0.246	0.02	0.019	0.037	0.678	5
1	1	1	1	0	1	1	1	1	0	.	0.005	0.516	0	0.447	0.031	2
1	1	1	0	0	0	0	.	1	0	75.16	0.013	0.006	0.007	0.468	0.506	5
0	0	0	1	.	0	1	1	0	0	45.89	0.77	0	0.155	0	0.074	1
1	1	1	1	1	1	1	1	1	1	75.09	0	0.986	0	0.006	0.008	2
1	1	1	1	1	1	1	1	1	0	.	0	0.986	0	0.006	0.008	2
1	1	1	0	0	1	1	1	1	1	55.59	0.004	0.027	0	0.964	0.004	4
1	1	1	1	1	1	1	1	1	1	69.71	0	0.986	0	0.006	0.008	2
1	1	1	0	0	1	0	0	0	0	52.4	0.008	0.001	0.031	0.121	0.839	5
0	0	0	0	0	1	1	0	1	1	51.95	0.986	0	0.009	0.004	0.001	1
1	1	1	0	0	0	0	0	1	1	.	0.007	0.001	0.02	0.146	0.826	5
0	1	1	1	1	1	1	1	1	0	78.79	0.015	0.956	0	0.004	0.025	2
1	1	1	1	1	1	1	1	1	0	69.7	0	0.986	0	0.006	0.008	2
1	1	1	0	1	1	1	1	1	0	63.47	0.005	0.788	0	0.191	0.017	2
1	0	1	0	0	1	1	1	1	0	50.55	0.179	0.012	0	0.804	0.005	4
1	1	1	1	1	1	1	1	1	0	67.09	0	0.986	0	0.006	0.008	2
1	0	1	0	0	1	1	1	1	1	.	0.179	0.012	0	0.804	0.005	4
1	1	1	1	1	1	1	1	1	0	53.41	0	0.986	0	0.006	0.008	2
1	1	1	1	1	1	1	1	1	1	78.19	0	0.986	0	0.006	0.008	2
1	1	1	1	1	1	1	1	1	1	57.55	0	0.986	0	0.006	0.008	2
0	0	1	0	0	1	0	0	0	1	76.09	0.185	0	0.768	0.001	0.046	3
0	1	1	0	1	0	0	0	1	0	47.59	0.025	0.003	0.066	0.002	0.905	5
1	1	1	1	1	1	1	0	0	0	74.36	0.001	0.163	0	0.004	0.831	5
1	1	1	1	1	0	1	1	1	1	69.17	0.001	0.819	0	0.009	0.17	2
1	1	1	0	1	1	1	1	1	1	73.44	0.005	0.788	0	0.191	0.017	2
1	0	0	1	1	1	1	1	1	1	63.21	0.508	0.455	0	0.013	0.024	1
1	1	1	0	0	1	1	1	1	0	.	0.004	0.027	0	0.964	0.004	4
1	1	1	1	1	1	1	0	1	1	48.31	0.001	0.858	0	0.01	0.13	2
0	1	1	0	1	1	0	1	1	1	.	0.257	0.387	0.001	0.071	0.284	2
0	1	1	0	0	1	1	1	1	0	65.44	0.182	0.03	0	0.771	0.016	4
1	0	1	1	1	0	0	0	0	1	.	0.002	0	0.116	0	0.881	5
1	1	1	0	1	1	1	1	1	0	78.34	0.005	0.788	0	0.191	0.017	2
1	0	1	0	1	1	0	0	0	1	48.23	0.077	0.002	0.154	0.004	0.762	5
1	1	1	1	1	1	0	1	1	0	.	0.001	0.918	0	0.006	0.075	2
1	1	1	1	1	1	1	0	1	1	.	0.001	0.858	0	0.01	0.13	2
1	1	1	1	1	0	0	1	0	0	.	0	0.014	0.001	0	0.985	5
0	1	1	0	1	1	1	1	1	0	82.89	0.157	0.676	0	0.118	0.048	2
0	0	0	0	1	0	0	0	1	0	.	0.183	0	0.802	0	0.016	3
1	1	1	1	1	1	1	0	0	0	73.73	0.001	0.163	0	0.004	0.831	5
1	1	1	1	1	1	1	1	1	1	64.53	0	0.986	0	0.006	0.008	2
0	1	1	1	1	1	1	1	0	1	56.74	0.045	0.504	0	0.004	0.447	2
0	0	1	1	1	1	0	1	1	1	59.54	0.709	0.172	0.001	0.001	0.116	1
1	1	1	0	0	1	1	1	1	0	.	0.004	0.027	0	0.964	0.004	4
1	1	1	1	1	.	1	1	1	1	49.71	0	0.973	0	0.006	0.02	2
1	0	1	0	0	1	0	1	1	1	51.69	0.359	0.008	0.001	0.596	0.035	4
0	1	1	1	1	1	0	1	1	0	80.21	0.033	0.758	0	0.003	0.205	2
1	1	1	1	1	1	1	1	1	0	68.65	0	0.986	0	0.006	0.008	2
1	1	0	.	1	1	1	1	1	0	66.48	0.029	0.865	0	0.083	0.022	2
1	1	1	0	1	1	1	1	1	0	73.47	0.005	0.788	0	0.191	0.017	2
1	1	1	0	1	1	1	1	1	0	63.6	0.005	0.788	0	0.191	0.017	2
0	1	0	0	0	0	0	0	0	0	47.95	0.003	0	0.982	0	0.015	3
1	0	1	0	0	1	1	1	1	1	41	0.179	0.012	0	0.804	0.005	4
1	0	1	0	0	0	0	1	1	0	45.11	0.398	0.002	0.026	0.322	0.252	1
0	0	0	0	1	1	1	1	1	1	.	0.996	0.002	0	0.001	0.001	1
1	0	1	0	1	1	0	0	1	0	.	0.324	0.053	0.016	0.051	0.556	5
0	0	0	0	0	0	0	0	0	1	54.01	0.004	0	0.996	0	0.001	3
1	1	1	1	0	1	0	1	1	0	65.24	0.012	0.39	0	0.356	0.243	2
0	0	0	0	1	0	0	1	0	1	.	0.164	0	0.821	0	0.016	3
1	1	1	1	1	0	1	1	1	1	.	0.001	0.819	0	0.009	0.17	2
1	1	1	1	1	0	1	1	1	0	57.19	0.001	0.819	0	0.009	0.17	2
1	1	1	1	1	1	0	1	1	1	.	0.001	0.918	0	0.006	0.075	2
0	1	1	1	1	0	0	1	0	1	55.69	0.004	0.004	0.011	0	0.981	5
0	0	0	1	1	1	0	0	1	1	.	0.834	0.002	0.103	0	0.062	1
0	1	0	0	.	1	1	0	1	0	33.79	0.808	0.016	0.008	0.096	0.072	1
1	1	1	1	1	1	1	1	1	1	.	0	0.986	0	0.006	0.008	2
1	1	1	1	1	1	.	1	1	1	65.61	0	0.976	0	0.006	0.018	2
1	1	1	.	1	1	0	1	1	1	43.33	0.003	0.876	0	0.034	0.087	2
1	1	1	1	1	1	1	1	1	1	66.72	0	0.986	0	0.006	0.008	2
1	1	1	0	1	1	1	1	0	1	52.5	0.016	0.443	0	0.221	0.32	2
0	0	1	0	0	0	.	1	1	1	55.61	0.915	0	0.028	0.03	0.026	1
1	1	1	1	1	1	1	1	1	0	69.08	0	0.986	0	0.006	0.008	2
0	1	1	1	1	1	1	0	1	1	68.99	0.036	0.636	0	0.005	0.322	2
1	1	1	1	1	0	0	1	1	0	46.32	0.001	0.319	0	0.004	0.676	5
1	1	1	0	0	1	0	1	0	0	44.67	0.019	0.007	0.002	0.562	0.409	4
0	1	1	1	1	1	1	1	1	1	74.83	0.015	0.956	0	0.004	0.025	2
1	1	1	1	1	1	1	1	1	0	68.93	0	0.986	0	0.006	0.008	2
1	1	1	1	1	1	1	1	1	1	50.99	0	0.986	0	0.006	0.008	2
1	1	1	1	1	0	0	1	1	1	.	0.001	0.319	0	0.004	0.676	5
1	1	1	1	1	1	0	1	1	1	53.34	0.001	0.918	0	0.006	0.075	2
0	0	1	0	0	1	1	1	1	1	.	0.918	0.002	0	0.078	0.002	1
1	0	1	1	1	0	.	0	0	1	60.3	0.005	0.001	0.082	0	0.912	5
1	0	0	1	0	1	1	1	1	1	.	0.837	0.029	0	0.122	0.011	1
1	1	1	1	1	1	1	1	1	1	.	0	0.986	0	0.006	0.008	2
1	1	1	0	0	.	0	0	0	0	.	0.004	0	0.102	0.049	0.845	5
1	1	1	1	1	1	0	1	1	0	78.55	0.001	0.918	0	0.006	0.075	2
1	1	1	1	1	0	0	1	0	0	72.04	0	0.014	0.001	0	0.985	5
1	1	1	1	0	1	0	1	1	1	55.35	0.012	0.39	0	0.356	0.243	2
1	1	1	0	0	1	1	1	1	1	.	0.004	0.027	0	0.964	0.004	4
0	0	0	0	0	1	0	0	0	0	58.4	0.099	0	0.899	0	0.002	3
1	1	1	1	1	1	1	1	1	0	57.27	0	0.986	0	0.006	0.008	2
1	1	1	1	1	1	1	1	1	0	78.51	0	0.986	0	0.006	0.008	2
0	1	1	1	1	1	1	1	1	0	47.44	0.015	0.956	0	0.004	0.025	2
1	1	1	0	0	1	0	1	0	0	50.33	0.019	0.007	0.002	0.562	0.409	4
1	1	1	1	1	1	1	1	1	0	57.41	0	0.986	0	0.006	0.008	2
1	0	1	1	1	1	0	1	1	0	63.61	0.081	0.756	0	0.009	0.154	2
0	1	1	1	1	1	1	1	1	1	66.74	0.015	0.956	0	0.004	0.025	2
0	0	0	0	0	1	1	1	0	1	73.86	0.986	0	0.01	0.003	0.001	1
1	1	1	0	0	0	0	1	1	1	62.05	0.015	0.008	0.001	0.611	0.364	4
0	1	1	1	1	0	0	0	0	1	44.24	0.001	0	0.068	0	0.931	5
1	1	1	0	0	1	1	1	1	0	40.17	0.004	0.027	0	0.964	0.004	4
1	1	1	1	1	0	0	1	1	1	.	0.001	0.319	0	0.004	0.676	5
1	1	1	1	0	1	1	1	1	0	53.31	0.005	0.516	0	0.447	0.031	2
1	1	1	1	1	1	0	1	0	1	67.1	0.002	0.267	0	0.003	0.728	5
1	1	1	1	1	1	1	0	0	1	61.12	0.001	0.163	0	0.004	0.831	5
0	0	1	1	1	1	0	0	1	1	60.75	0.51	0.033	0.029	0.001	0.428	1
0	1	1	1	1	1	1	1	1	0	66.83	0.015	0.956	0	0.004	0.025	2
1	1	1	1	1	1	0	1	0	0	44.47	0.002	0.267	0	0.003	0.728	5
0	1	0	1	1	1	0	1	1	0	60.23	0.429	0.331	0.002	0.004	0.234	1
1	1	1	1	1	1	1	1	1	1	84.74	0	0.986	0	0.006	0.008	2
1	1	0	1	1	0	1	1	0	0	72.04	0.014	0.051	0.002	0.003	0.929	5
1	1	1	1	1	1	1	1	1	0	38.85	0	0.986	0	0.006	0.008	2
1	1	0	1	1	1	0	1	1	1	51.01	0.027	0.792	0	0.013	0.169	2
1	1	1	1	1	1	1	1	1	1	.	0	0.986	0	0.006	0.008	2
0	0	0	0	0	0	0	0	0	1	42.41	0.004	0	0.996	0	0.001	3
1	0	1	1	1	0	1	1	1	0	64.59	0.089	0.591	0	0.013	0.306	2
1	1	1	0	0	.	1	1	0	1	50.5	0.012	0.011	0	0.825	0.153	4
1	1	1	1	1	1	1	1	1	0	64.42	0	0.986	0	0.006	0.008	2
1	0	0	0	0	1	1	1	0	1	44.76	0.861	0	0.006	0.12	0.012	1
0	1	0	1	0	1	1	1	0	0	66.71	0.752	0.011	0.008	0.037	0.192	1
1	1	1	1	1	0	1	1	0	1	.	0.001	0.126	0	0.003	0.87	5
0	0	0	1	1	0	0	0	0	1	.	0.007	0	0.974	0	0.019	3
1	1	1	0	0	1	1	1	1	0	59.34	0.004	0.027	0	0.964	0.004	4
1	1	0	1	1	1	1	1	1	1	80.54	0.011	0.954	0	0.015	0.02	2
0	0	0	1	1	1	0	1	1	1	55.42	0.974	0.008	0.003	0	0.014	1
1	1	1	1	1	1	1	1	1	0	45.89	0	0.986	0	0.006	0.008	2
0	0	0	0	1	1	1	1	.	1	.	0.994	0.001	0.002	0.001	0.001	1
1	1	1	1	1	1	1	1	1	0	76.63	0	0.986	0	0.006	0.008	2
1	1	1	1	1	1	0	1	1	0	53.86	0.001	0.918	0	0.006	0.075	2
1	1	1	0	1	1	1	1	1	1	77.13	0.005	0.788	0	0.191	0.017	2
0	0	0	1	1	1	1	1	1	1	58.55	0.973	0.023	0	0	0.004	1
0	0	1	0	0	1	1	1	1	0	56.55	0.918	0.002	0	0.078	0.002	1
0	0	0	0	0	1	1	1	1	1	66.12	0.992	0	0	0.007	0	1
0	1	0	0	1	0	0	0	0	1	53.15	0.004	0	0.922	0	0.074	3
1	1	1	0	1	0	1	0	0	1	.	0.001	0.003	0.004	0.005	0.986	5
0	1	1	1	1	0	1	1	1	1	55.74	0.035	0.569	0	0.005	0.392	2
0	0	0	.	0	1	1	1	1	1	63.85	0.993	0	0	0.006	0.001	1
0	0	0	0	0	0	0	0	0	0	.	0.004	0	0.996	0	0.001	3
1	1	1	1	1	1	1	1	1	1	68.97	0	0.986	0	0.006	0.008	2
0	1	1	0	1	1	1	1	1	0	81.04	0.157	0.676	0	0.118	0.048	2
0	0	0	1	1	0	0	0	0	0	29.33	0.007	0	0.974	0	0.019	3
1	1	1	0	0	1	0	0	0	1	52.41	0.008	0.001	0.031	0.121	0.839	5
1	0	0	1	1	0	1	1	1	1	62.59	0.649	0.145	0.002	0.008	0.196	1
0	1	1	1	1	1	1	1	1	1	62.28	0.015	0.956	0	0.004	0.025	2
1	1	1	1	1	1	0	1	1	0	66.29	0.001	0.918	0	0.006	0.075	2
1	1	1	1	0	1	0	1	1	0	47.94	0.012	0.39	0	0.356	0.243	2
1	1	1	1	1	1	0	1	0	0	41.7	0.002	0.267	0	0.003	0.728	5
1	1	1	1	1	0	.	1	1	1	65.43	0.001	0.669	0	0.008	0.322	2
1	1	1	0	1	1	1	1	1	1	61.54	0.005	0.788	0	0.191	0.017	2
1	1	1	1	1	1	1	1	1	0	60.7	0	0.986	0	0.006	0.008	2
0	0	0	0	0	1	1	1	0	1	66.91	0.986	0	0.01	0.003	0.001	1
1	1	1	0	0	1	1	1	1	0	76.64	0.004	0.027	0	0.964	0.004	4
0	1	1	1	1	1	1	0	1	1	40.69	0.036	0.636	0	0.005	0.322	2
0	0	0	0	1	0	1	1	1	1	39.48	0.989	0	0.005	0.001	0.005	1
0	0	0	0	1	1	1	1	0	0	.	0.989	0	0.007	0	0.004	1
0	1	1	1	0	0	1	1	1	0	64.24	0.177	0.11	0.001	0.135	0.578	5
1	1	1	1	1	0	0	0	1	0	53.1	0	0.024	0.001	0.001	0.974	5
0	1	1	0	1	1	0	1	1	0	74.25	0.257	0.387	0.001	0.071	0.284	2
0	0	0	0	1	0	0	1	0	0	64.44	0.164	0	0.821	0	0.016	3
1	1	1	1	1	1	1	1	1	1	.	0	0.986	0	0.006	0.008	2
1	1	1	1	1	1	1	1	1	1	74.87	0	0.986	0	0.006	0.008	2
1	1	1	1	1	1	1	1	1	0	37.23	0	0.986	0	0.006	0.008	2
1	1	1	0	1	0	1	1	0	1	.	0.007	0.048	0.001	0.047	0.898	5
0	0	1	1	1	1	1	1	1	0	33.46	0.573	0.398	0	0.003	0.026	1
1	0	1	0	1	1	1	1	1	1	75.85	0.274	0.48	0	0.22	0.026	2
1	1	1	0	1	1	1	1	1	0	42.59	0.005	0.788	0	0.191	0.017	2
1	1	1	0	0	1	1	1	1	0	69.2	0.004	0.027	0	0.964	0.004	4
0	0	1	0	1	0	0	1	0	1	57.96	0.228	0	0.524	0	0.248	3
0	0	0	1	1	0	0	.	1	0	35.98	0.544	0.001	0.369	0	0.086	1
0	0	1	1	1	1	1	0	0	1	41.79	0.406	0.013	0.035	0	0.546	5
1	1	1	1	1	0	1	1	1	0	64.88	0.001	0.819	0	0.009	0.17	2
0	1	1	1	1	1	1	1	1	0	.	0.015	0.956	0	0.004	0.025	2
0	0	1	0	0	1	1	1	0	1	54.15	0.954	0	0.004	0.029	0.013	1
0	1	1	1	1	1	.	1	1	0	.	0.018	0.921	0	0.004	0.057	2
1	1	1	0	0	1	1	1	1	1	73.45	0.004	0.027	0	0.964	0.004	4
1	1	1	0	1	1	0	0	1	0	44.79	0.011	0.173	0.001	0.088	0.726	5
0	0	0	0	0	0	0	0	0	0	.	0.004	0	0.996	0	0.001	3
1	1	0	1	1	1	1	1	1	1	68.98	0.011	0.954	0	0.015	0.02	2
1	0	0	0	1	1	0	1	0	1	.	0.764	0.003	0.096	0.007	0.13	1
0	1	1	1	1	0	1	1	1	1	70.73	0.035	0.569	0	0.005	0.392	2
1	1	1	1	1	1	1	1	1	1	56.56	0	0.986	0	0.006	0.008	2
1	1	1	1	1	0	0	0	0	0	55.23	0	0.001	0.005	0	0.995	5
0	0	.	0	0	1	0	0	0	1	44.87	0.122	0	0.864	0	0.014	3
0	0	1	0	1	0	0	1	0	1	63.43	0.228	0	0.524	0	0.248	3
1	0	1	1	1	1	1	1	1	1	74.47	0.035	0.936	0	0.01	0.019	2
1	1	1	0	0	1	1	1	1	0	68.49	0.004	0.027	0	0.964	0.004	4
1	1	1	1	1	1	1	1	1	1	.	0	0.986	0	0.006	0.008	2
0	1	1	1	1	1	1	1	1	1	68.88	0.015	0.956	0	0.004	0.025	2
1	1	1	1	0	1	0	1	0	0	39.58	0.007	0.042	0.001	0.079	0.871	5
1	1	1	1	1	1	1	1	1	1	68.68	0	0.986	0	0.006	0.008	2
1	1	1	1	1	0	0	0	0	1	57.32	0	0.001	0.005	0	0.995	5
1	1	1	.	1	1	1	1	1	0	74.03	0.001	0.954	0	0.035	0.009	2
0	0	1	0	0	0	1	1	1	0	50.97	0.943	0	0.003	0.039	0.015	1
0	0	0	0	0	0	0	0	1	0	38.89	0.13	0	0.867	0	0.003	3
1	1	1	1	1	1	1	0	0	1	85.2	0.001	0.163	0	0.004	0.831	5
1	1	1	1	.	0	0	0	0	1	61.72	0	0.001	0.009	0	0.99	5
1	1	1	0	0	1	1	1	1	1	61.37	0.004	0.027	0	0.964	0.004	4
1	1	0	0	0	1	1	1	1	0	73	0.048	0.01	0	0.938	0.004	4
0	0	1	0	1	0	0	0	0	1	66.68	0.012	0	0.924	0	0.065	3
1	1	1	1	1	1	1	1	1	0	.	0	0.986	0	0.006	0.008	2
0	0	0	1	1	0	0	1	0	0	45.24	0.178	0	0.727	0	0.095	3
1	1	1	1	1	1	1	1	1	1	71.3	0	0.986	0	0.006	0.008	2
0	0	1	1	1	0	1	0	0	0	.	0.082	0.001	0.206	0	0.712	5
0	0	1	1	1	1	1	1	0	1	.	0.721	0.086	0.002	0.001	0.19	1
1	1	.	1	0	0	1	1	0	1	.	0.009	0.016	0.002	0.06	0.913	5
1	1	0	1	0	1	1	0	0	0	67.17	0.056	0.008	0.016	0.077	0.842	5
0	1	1	1	1	0	0	0	0	0	67.64	0.001	0	0.068	0	0.931	5
1	1	1	0	0	1	1	1	1	1	42.19	0.004	0.027	0	0.964	0.004	4
1	0	0	1	1	1	0	1	1	1	51.9	0.67	0.21	0.002	0.006	0.112	1
1	1	0	0	0	0	0	0	0	0	.	0.003	0	0.801	0.002	0.194	3
1	1	1	1	1	1	0	1	0	1	.	0.002	0.267	0	0.003	0.728	5
0	0	1	1	1	1	1	1	1	1	66.52	0.573	0.398	0	0.003	0.026	1
0	1	0	1	0	1	0	0	1	1	53.37	0.477	0.004	0.119	0.013	0.388	1
0	0	0	0	0	0	0	0	0	0	41.12	0.004	0	0.996	0	0.001	3
1	1	1	0	0	1	1	0	1	1	53.5	0.008	0.013	0	0.938	0.041	4
1	1	0	0	0	0	0	1	0	1	67.33	0.046	0	0.34	0.058	0.556	5
1	1	1	0	1	1	1	1	1	0	42.57	0.005	0.788	0	0.191	0.017	2
1	0	1	1	1	1	0	1	1	0	64.57	0.081	0.756	0	0.009	0.154	2
0	0	0	0	0	0	0	0	0	1	67.66	0.004	0	0.996	0	0.001	3
1	1	0	0	0	0	0	1	0	0	34.03	0.046	0	0.34	0.058	0.556	5
1	1	1	0	1	1	1	1	1	0	44.63	0.005	0.788	0	0.191	0.017	2
1	1	1	1	1	1	1	1	1	0	.	0	0.986	0	0.006	0.008	2
1	1	.	0	0	1	.	.	.	0	52.5	0.015	0.022	0.002	0.919	0.044	4
1	1	1	.	0	1	0	1	1	0	64.93	0.011	0.132	0	0.756	0.101	4
1	1	1	1	1	1	1	1	1	1	64.48	0	0.986	0	0.006	0.008	2
1	1	1	1	1	1	1	1	1	0	76.19	0	0.986	0	0.006	0.008	2
1	0	1	0	1	1	1	1	0	1	58.82	0.471	0.141	0.001	0.133	0.254	1
1	1	1	0	0	1	1	1	1	1	68.56	0.004	0.027	0	0.964	0.004	4
1	1	1	1	1	1	1	1	1	0	60.31	0	0.986	0	0.006	0.008	2
1	1	1	1	1	1	1	1	1	0	55.74	0	0.986	0	0.006	0.008	2
1	1	1	0	0	0	1	1	0	0	56.5	0.013	0.003	0.002	0.492	0.49	4
0	0	0	0	0	0	0	0	0	0	69	0.004	0	0.996	0	0.001	3
1	1	1	1	1	1	1	1	1	0	81.32	0	0.986	0	0.006	0.008	2
1	0	1	0	1	1	1	1	0	1	.	0.471	0.141	0.001	0.133	0.254	1
0	1	0	0	0	0	0	0	0	1	51.46	0.003	0	0.982	0	0.015	3
1	1	1	1	0	1	1	1	1	0	60.78	0.005	0.516	0	0.447	0.031	2
0	1	1	1	1	1	1	1	1	0	35.88	0.015	0.956	0	0.004	0.025	2
1	1	1	1	1	0	0	0	1	0	47.64	0	0.024	0.001	0.001	0.974	5
0	0	0	1	1	0	0	0	0	0	.	0.007	0	0.974	0	0.019	3
1	1	1	0	1	1	1	1	1	0	.	0.005	0.788	0	0.191	0.017	2
0	0	1	0	0	1	1	1	0	1	.	0.954	0	0.004	0.029	0.013	1
1	1	1	1	1	0	1	1	0	1	.	0.001	0.126	0	0.003	0.87	5
1	1	1	0	0	0	0	0	1	1	.	0.007	0.001	0.02	0.146	0.826	5
0	0	0	1	1	1	0	0	1	0	38.86	0.834	0.002	0.103	0	0.062	1
0	0	0	1	0	1	0	1	1	1	.	0.989	0	0.005	0.001	0.004	1
1	1	1	1	1	1	1	1	1	0	55.29	0	0.986	0	0.006	0.008	2
1	1	1	1	1	1	1	1	0	1	38.79	0.002	0.78	0	0.009	0.208	2
1	1	1	1	1	1	1	1	1	1	61.95	0	0.986	0	0.006	0.008	2
1	1	1	0	1	1	1	1	0	0	46.67	0.016	0.443	0	0.221	0.32	2
0	0	1	1	1	0	0	1	0	1	.	0.111	0.001	0.209	0	0.679	5
0	1	0	1	1	0	0	0	0	1	34.47	0.003	0	0.643	0	0.353	3
0	0	1	1	1	1	.	1	1	1	61.38	0.611	0.335	0	0.003	0.052	1
1	1	1	1	1	1	0	1	1	0	82.56	0.001	0.918	0	0.006	0.075	2
0	0	0	1	1	1	0	0	1	0	60.78	0.834	0.002	0.103	0	0.062	1
0	0	0	0	0	0	0	0	0	1	58.32	0.004	0	0.996	0	0.001	3
0	0	0	0	1	0	0	0	0	0	59.13	0.006	0	0.991	0	0.003	3
1	1	1	1	1	0	0	0	0	1	66.32	0	0.001	0.005	0	0.995	5
1	1	1	0	0	1	1	1	1	0	.	0.004	0.027	0	0.964	0.004	4
1	0	1	1	1	0	1	1	1	0	.	0.089	0.591	0	0.013	0.306	2
1	1	1	1	1	0	1	1	0	1	77.96	0.001	0.126	0	0.003	0.87	5
1	1	1	1	1	1	1	1	1	1	.	0	0.986	0	0.006	0.008	2
0	0	0	0	0	1	1	.	1	0	50.32	0.991	0	0.002	0.007	0	1
1	1	1	0	0	0	0	1	0	0	50.03	0.006	0.001	0.022	0.091	0.88	5
1	1	1	1	1	1	1	1	1	0	75.02	0	0.986	0	0.006	0.008	2
0	0	1	0	.	0	1	1	1	1	43.52	0.937	0.006	0.003	0.023	0.032	1
.	1	1	1	1	1	1	1	1	1	57.5	0.002	0.983	0	0.006	0.01	2
1	1	1	1	1	1	1	1	1	1	73.73	0	0.986	0	0.006	0.008	2
1	1	0	1	1	0	1	1	0	0	36.57	0.014	0.051	0.002	0.003	0.929	5
1	1	1	1	1	1	1	.	1	1	61.41	0	0.979	0	0.006	0.015	2
0	1	0	1	1	0	1	1	0	0	82.52	0.143	0.013	0.03	0.001	0.812	5
0	0	1	0	0	1	1	.	.	0	50.76	0.922	0.001	0.007	0.062	0.008	1
1	1	1	0	0	1	1	1	1	0	.	0.004	0.027	0	0.964	0.004	4
0	0	1	1	1	0	0	0	0	1	42.75	0.01	0	0.669	0	0.321	3
0	0	0	0	0	0	0	1	1	0	71.03	0.834	0	0.161	0.001	0.004	1
.	1	1	1	1	1	1	1	1	1	.	0.002	0.983	0	0.006	0.01	2
0	0	1	1	1	1	1	0	0	0	66.58	0.406	0.013	0.035	0	0.546	5
0	0	0	0	0	0	0	0	0	1	73.04	0.004	0	0.996	0	0.001	3
1	1	1	1	1	1	1	1	1	1	58.1	0	0.986	0	0.006	0.008	2
1	1	1	1	1	1	1	1	1	1	59.75	0	0.986	0	0.006	0.008	2
0	0	0	1	1	0	0	0	0	0	50.82	0.007	0	0.974	0	0.019	3
1	1	1	1	1	1	1	1	1	0	.	0	0.986	0	0.006	0.008	2
1	1	1	1	1	1	1	1	0	0	59.72	0.002	0.78	0	0.009	0.208	2
1	1	1	.	0	1	1	1	.	0	35.92	0.005	0.144	0	0.823	0.028	4
0	1	0	1	1	0	0	0	0	1	78.47	0.003	0	0.643	0	0.353	3
1	1	1	1	1	1	1	1	1	0	66.01	0	0.986	0	0.006	0.008	2
1	1	1	1	1	1	1	1	1	0	73.17	0	0.986	0	0.006	0.008	2
1	1	1	1	1	1	1	1	1	1	57.39	0	0.986	0	0.006	0.008	2
1	1	1	1	1	1	0	0	.	1	.	0.001	0.2	0.001	0.003	0.796	5
0	0	0	1	0	1	1	1	1	1	58.82	0.995	0.001	0	0.003	0.001	1
0	0	1	1	1	1	0	1	1	1	58.04	0.709	0.172	0.001	0.001	0.116	1
0	1	0	0	1	1	0	1	1	0	70.29	0.849	0.043	0.005	0.021	0.083	1
1	1	1	1	1	1	1	1	1	0	56.56	0	0.986	0	0.006	0.008	2
0	1	1	0	1	1	1	1	1	0	74.41	0.157	0.676	0	0.118	0.048	2
1	1	1	0	0	0	1	1	1	1	74.41	0.008	0.013	0	0.922	0.057	4
0	0	1	1	1	0	0	1	1	1	50.51	0.46	0.028	0.022	0	0.489	5
1	0	1	1	1	1	1	1	1	0	54.17	0.035	0.936	0	0.01	0.019	2
1	0	1	0	1	1	1	1	0	0	64.35	0.471	0.141	0.001	0.133	0.254	1
0	0	0	1	0	0	0	0	0	1	66.68	0.005	0	0.992	0	0.004	3
1	1	1	1	1	1	1	1	1	1	65.52	0	0.986	0	0.006	0.008	2
1	1	1	1	1	1	1	1	1	0	77.21	0	0.986	0	0.006	0.008	2
0	0	0	1	0	0	0	1	1	0	61.01	0.843	0	0.133	0	0.023	1
1	0	0	1	0	1	1	1	1	1	.	0.837	0.029	0	0.122	0.011	1
1	1	1	0	0	1	1	1	1	0	.	0.004	0.027	0	0.964	0.004	4
0	1	1	1	1	1	1	1	1	0	67.41	0.015	0.956	0	0.004	0.025	2
0	1	0	1	0	1	0	1	1	0	50.71	0.802	0.024	0.006	0.041	0.128	1
1	1	1	1	1	1	1	1	1	0	70.13	0	0.986	0	0.006	0.008	2
1	1	1	1	1	1	1	1	1	1	62.23	0	0.986	0	0.006	0.008	2
1	1	1	1	1	1	1	1	1	0	54.06	0	0.986	0	0.006	0.008	2
1	1	1	1	1	1	0	.	0	0	.	0.001	0.161	0	0.002	0.836	5
1	1	1	1	1	1	1	1	1	0	71.25	0	0.986	0	0.006	0.008	2
1	1	.	0	1	1	.	0	1	1	57.38	0.026	0.381	0.001	0.2	0.392	5
1	0	1	0	1	0	1	1	1	1	51.31	0.41	0.179	0.001	0.16	0.25	1
0	1	1	1	1	0	0	1	1	0	.	0.021	0.121	0.001	0.001	0.855	5
0	1	1	0	0	.	0	0	0	1	41.91	0.016	0	0.642	0.004	0.337	3
1	1	1	1	0	0	1	1	1	0	43.88	0.01	0.231	0	0.393	0.366	4
1	1	1	1	1	1	1	1	1	1	62.25	0	0.986	0	0.006	0.008	2
1	1	1	1	1	1	1	1	1	0	.	0	0.986	0	0.006	0.008	2
1	1	1	0	0	1	1	1	1	0	.	0.004	0.027	0	0.964	0.004	4
0	0	0	1	1	0	0	0	0	0	41.04	0.007	0	0.974	0	0.019	3
0	1	1	1	1	1	1	0	1	0	.	0.036	0.636	0	0.005	0.322	2
1	1	1	1	1	0	0	0	1	1	.	0	0.024	0.001	0.001	0.974	5
1	1	1	1	1	1	1	1	1	0	.	0	0.986	0	0.006	0.008	2
1	1	1	1	1	1	0	1	1	1	67.27	0.001	0.918	0	0.006	0.075	2
1	1	0	0	0	1	1	1	1	1	.	0.048	0.01	0	0.938	0.004	4
0	1	1	1	1	1	1	1	1	1	65.44	0.015	0.956	0	0.004	0.025	2
1	1	1	0	1	0	0	0	0	0	64.64	0	0	0.031	0.001	0.968	5
1	1	1	0	0	1	1	1	1	0	48.18	0.004	0.027	0	0.964	0.004	4
0	0	0	1	0	1	1	1	1	1	35.68	0.995	0.001	0	0.003	0.001	1
0	0	0	1	0	1	1	1	1	0	.	0.995	0.001	0	0.003	0.001	1
1	1	1	1	1	1	1	1	1	0	62.45	0	0.986	0	0.006	0.008	2
1	1	0	0	0	0	0	0	0	1	.	0.003	0	0.801	0.002	0.194	3
1	1	1	0	1	1	1	1	1	1	49.38	0.005	0.788	0	0.191	0.017	2
1	1	1	1	1	1	1	1	1	1	57.96	0	0.986	0	0.006	0.008	2
1	1	1	1	0	1	1	1	1	1	53.39	0.005	0.516	0	0.447	0.031	2
0	1	1	0	0	1	0	1	1	1	69.28	0.34	0.02	0.001	0.53	0.109	4
0	1	1	1	1	1	1	1	1	1	48.58	0.015	0.956	0	0.004	0.025	2
1	1	1	1	1	1	1	1	1	0	78.11	0	0.986	0	0.006	0.008	2
1	1	1	1	1	0	0	0	0	0	68.81	0	0.001	0.005	0	0.995	5
0	0	0	1	1	0	0	0	0	0	33.86	0.007	0	0.974	0	0.019	3
1	1	0	1	1	0	0	0	0	1	49.22	0.001	0	0.103	0	0.896	5
1	0	1	0	.	1	1	1	1	0	.	0.216	0.195	0	0.576	0.013	4
1	1	1	1	1	0	0	1	1	1	59.99	0.001	0.319	0	0.004	0.676	5
1	1	1	1	1	1	1	1	1	0	.	0	0.986	0	0.006	0.008	2
0	1	1	1	1	0	0	0	0	0	43.15	0.001	0	0.068	0	0.931	5
1	1	1	1	1	0	0	1	1	1	58.1	0.001	0.319	0	0.004	0.676	5
1	1	1	1	1	1	.	1	1	0	76.5	0	0.976	0	0.006	0.018	2
1	1	1	1	1	1	1	1	1	0	50.11	0	0.986	0	0.006	0.008	2
0	1	0	1	1	1	1	1	1	0	63	0.296	0.652	0	0.007	0.045	2
1	1	1	0	1	1	1	1	1	1	57.93	0.005	0.788	0	0.191	0.017	2
1	1	1	1	1	1	0	1	1	1	58.16	0.001	0.918	0	0.006	0.075	2
0	1	1	0	0	0	0	0	0	0	53.29	0.004	0	0.721	0.001	0.274	3
1	1	1	0	1	1	1	1	1	0	.	0.005	0.788	0	0.191	0.017	2
1	1	0	1	1	1	1	1	1	1	47.54	0.011	0.954	0	0.015	0.02	2
1	1	1	0	0	1	1	.	1	0	52.76	0.005	0.026	0	0.962	0.008	4
1	1	1	1	1	0	1	1	0	0	58.18	0.001	0.126	0	0.003	0.87	5
0	1	0	1	1	1	1	0	1	1	51.07	0.418	0.247	0.003	0.006	0.327	1
0	1	1	1	0	1	1	1	0	1	63.71	0.205	0.087	0.001	0.113	0.593	5
0	0	0	1	1	0	0	0	1	1	.	0.198	0	0.708	0	0.095	3
0	0	0	0	0	0	0	0	0	1	.	0.004	0	0.996	0	0.001	3
1	1	0	0	.	1	.	1	0	0	.	0.146	0.057	0.011	0.477	0.309	4
0	0	1	0	0	0	0	1	0	1	56.37	0.208	0	0.725	0.001	0.066	3
0	0	1	1	0	0	0	1	1	1	.	0.72	0.002	0.052	0.004	0.223	1
1	0	1	1	1	1	1	1	1	0	40.86	0.035	0.936	0	0.01	0.019	2
0	1	1	1	1	0	0	1	1	0	.	0.021	0.121	0.001	0.001	0.855	5
1	1	1	1	1	1	1	1	1	0	61.5	0	0.986	0	0.006	0.008	2
1	1	1	0	0	1	1	0	1	0	58.25	0.008	0.013	0	0.938	0.041	4
1	1	1	0	0	1	0	.	1	0	66.38	0.012	0.023	0	0.893	0.073	4
1	1	1	0	1	1	1	1	1	1	.	0.005	0.788	0	0.191	0.017	2
0	0	0	0	1	0	0	0	0	1	.	0.006	0	0.991	0	0.003	3
1	1	1	0	1	1	1	1	0	0	.	0.016	0.443	0	0.221	0.32	2
1	1	1	1	1	1	1	0	1	1	43.31	0.001	0.858	0	0.01	0.13	2
1	1	1	1	1	1	1	1	1	1	71.46	0	0.986	0	0.006	0.008	2
1	1	1	1	1	0	0	1	1	0	.	0.001	0.319	0	0.004	0.676	5
1	1	0	1	1	1	1	1	1	1	56.86	0.011	0.954	0	0.015	0.02	2
1	1	0	0	1	0	0	1	1	0	.	0.105	0.051	0.013	0.066	0.764	5
0	0	0	0	0	0	0	0	1	0	42.18	0.13	0	0.867	0	0.003	3
0	0	1	0	0	0	0	1	0	0	65.54	0.208	0	0.725	0.001	0.066	3
1	1	1	1	1	1	1	1	1	1	59.35	0	0.986	0	0.006	0.008	2
1	1	1	0	1	0	1	1	1	1	78.88	0.012	0.486	0	0.23	0.272	2
1	1	0	1	1	1	1	1	1	1	65.33	0.011	0.954	0	0.015	0.02	2
1	1	0	1	1	0	0	0	0	1	34.1	0.001	0	0.103	0	0.896	5
0	1	0	0	1	0	1	1	0	0	57.02	0.438	0.003	0.113	0.005	0.441	5
1	1	1	1	0	1	1	1	1	0	44.37	0.005	0.516	0	0.447	0.031	2
0	1	1	0	0	1	1	1	1	0	52.64	0.182	0.03	0	0.771	0.016	4
1	1	1	1	0	0	0	0	0	0	48.6	0	0	0.024	0.001	0.975	5
1	1	1	1	1	1	1	1	0	1	45.95	0.002	0.78	0	0.009	0.208	2
0	0	1	1	1	1	1	1	0	0	.	0.721	0.086	0.002	0.001	0.19	1
1	1	1	1	1	1	1	1	1	0	62.82	0	0.986	0	0.006	0.008	2
1	1	1	0	1	1	1	1	1	1	51.82	0.005	0.788	0	0.191	0.017	2
1	1	1	1	1	0	0	0	0	1	44.16	0	0.001	0.005	0	0.995	5
1	1	1	1	1	1	1	1	1	0	84.47	0	0.986	0	0.006	0.008	2
0	1	0	1	0	0	1	1	0	1	68.28	0.333	0.001	0.107	0.008	0.55	5
1	0	0	0	1	1	1	1	1	0	.	0.879	0.052	0	0.062	0.007	1
1	1	1	1	1	1	1	0	1	1	43.35	0.001	0.858	0	0.01	0.13	2
0	0	1	1	1	0	1	.	1	0	54.79	0.6	0.091	0.007	0.002	0.299	1
1	1	1	0	1	1	1	1	1	1	51.92	0.005	0.788	0	0.191	0.017	2
0	1	1	1	0	0	1	0	0	0	49.56	0.01	0	0.05	0.001	0.938	5
0	1	1	1	1	1	0	1	1	1	53.82	0.033	0.758	0	0.003	0.205	2
1	1	1	1	1	1	1	1	1	1	44.98	0	0.986	0	0.006	0.008	2
1	1	1	1	1	1	1	1	1	0	65.16	0	0.986	0	0.006	0.008	2
1	1	1	1	1	.	0	0	1	0	74.72	0.001	0.196	0	0.003	0.8	5
1	0	0	1	1	1	1	1	1	1	69	0.508	0.455	0	0.013	0.024	1
0	0	0	1	1	0	0	0	1	0	.	0.198	0	0.708	0	0.095	3
1	1	1	1	1	1	1	1	1	0	.	0	0.986	0	0.006	0.008	2
0	1	1	1	0	0	0	0	0	0	.	0.002	0	0.277	0	0.721	5
1	1	1	0	1	0	1	1	1	0	.	0.012	0.486	0	0.23	0.272	2
1	0	1	0	0	0	1	1	1	0	.	0.295	0.005	0.001	0.647	0.052	4
0	0	0	1	1	1	0	1	1	0	60.41	0.974	0.008	0.003	0	0.014	1
1	1	1	1	1	1	1	1	0	1	70.59	0.002	0.78	0	0.009	0.208	2
0	1	0	1	1	1	1	1	.	0	69.94	0.32	0.571	0.001	0.007	0.102	2
0	0	0	0	1	0	0	0	0	1	71.05	0.006	0	0.991	0	0.003	3
0	0	1	1	1	0	0	0	0	1	46.17	0.01	0	0.669	0	0.321	3
0	0	1	0	1	0	0	0	0	1	68.07	0.012	0	0.924	0	0.065	3
0	0	0	0	1	0	1	1	0	0	.	0.819	0	0.159	0	0.022	1
0	0	1	0	0	1	0	1	1	1	59.99	0.958	0.001	0.003	0.03	0.008	1
1	0	0	0	0	0	0	0	0	0	50.87	0.005	0	0.986	0	0.008	3
1	1	1	1	1	1	1	1	1	0	79.28	0	0.986	0	0.006	0.008	2
0	0	1	0	1	1	0	1	1	0	45.93	0.95	0.015	0.002	0.005	0.028	1
1	1	0	1	0	1	1	1	1	1	69.53	0.083	0.268	0	0.606	0.043	4
1	1	1	1	1	1	1	1	1	0	63.74	0	0.986	0	0.006	0.008	2
1	1	1	1	1	1	1	1	1	0	.	0	0.986	0	0.006	0.008	2
0	1	1	0	0	1	0	1	0	1	35.53	0.281	0.003	0.045	0.155	0.517	5
1	1	1	0	1	1	1	1	1	0	39.55	0.005	0.788	0	0.191	0.017	2
1	1	1	1	1	1	1	1	1	0	43.29	0	0.986	0	0.006	0.008	2
0	1	1	1	1	0	0	0	0	1	75.71	0.001	0	0.068	0	0.931	5
1	0	0	0	0	1	0	0	0	0	70.98	0.127	0	0.837	0.004	0.032	3
0	1	1	1	1	0	0	1	0	1	71.08	0.004	0.004	0.011	0	0.981	5
1	1	1	0	1	0	0	0	0	0	52.13	0	0	0.031	0.001	0.968	5
1	1	1	0	1	0	1	1	1	1	37.35	0.012	0.486	0	0.23	0.272	2
1	1	1	1	1	1	1	1	1	1	73.11	0	0.986	0	0.006	0.008	2
1	1	1	1	1	1	1	1	1	1	.	0	0.986	0	0.006	0.008	2
1	1	1	1	1	1	1	1	1	1	64.7	0	0.986	0	0.006	0.008	2
1	1	1	0	1	1	1	1	1	0	.	0.005	0.788	0	0.191	0.017	2
1	1	1	1	1	1	1	1	1	1	62.44	0	0.986	0	0.006	0.008	2
0	0	0	0	0	0	0	0	0	0	.	0.004	0	0.996	0	0.001	3
1	1	1	1	1	0	1	1	1	0	60.15	0.001	0.819	0	0.009	0.17	2
0	0	0	0	1	1	0	0	1	1	53.61	0.859	0	0.13	0	0.011	1
0	1	0	0	1	0	1	0	1	0	50.6	0.465	0.005	0.105	0.008	0.418	1
0	0	1	1	1	1	1	1	1	0	71.07	0.573	0.398	0	0.003	0.026	1
0	0	0	0	1	0	0	1	1	0	39.68	0.874	0	0.111	0	0.015	1
1	0	1	1	0	1	1	1	1	1	57.61	0.261	0.264	0	0.434	0.04	4
1	1	1	1	0	1	1	1	1	1	.	0.005	0.516	0	0.447	0.031	2
1	1	1	1	1	1	1	1	1	0	62.91	0	0.986	0	0.006	0.008	2
1	1	.	0	0	1	1	1	1	1	.	0.01	0.025	0	0.961	0.004	4
1	1	1	0	0	1	1	1	1	0	.	0.004	0.027	0	0.964	0.004	4
1	1	1	1	1	0	0	1	1	1	.	0.001	0.319	0	0.004	0.676	5
1	1	1	0	1	1	1	1	1	0	42.74	0.005	0.788	0	0.191	0.017	2
1	1	1	0	0	1	1	1	1	1	.	0.004	0.027	0	0.964	0.004	4
1	1	1	1	1	1	1	1	1	1	59.3	0	0.986	0	0.006	0.008	2
0	1	0	0	0	1	1	0	1	1	64.91	0.798	0.001	0.009	0.159	0.032	1
1	1	1	1	1	1	1	1	1	1	.	0	0.986	0	0.006	0.008	2
1	1	1	1	1	.	0	0	1	1	66.91	0.001	0.196	0	0.003	0.8	5
0	1	1	1	1	0	1	0	0	0	70.52	0.003	0.002	0.01	0	0.985	5
1	1	1	1	1	0	1	0	0	1	51.73	0	0.008	0.001	0	0.991	5
1	1	1	1	1	1	0	1	1	0	61.11	0.001	0.918	0	0.006	0.075	2
1	1	0	0	0	1	1	1	1	1	78.55	0.048	0.01	0	0.938	0.004	4
0	0	1	0	0	0	0	1	0	1	.	0.208	0	0.725	0.001	0.066	3
1	1	1	1	1	1	1	1	1	0	61.98	0	0.986	0	0.006	0.008	2
0	0	1	1	1	0	1	1	0	0	.	0.356	0.011	0.026	0	0.607	5
0	0	1	0	0	1	1	1	1	0	.	0.918	0.002	0	0.078	0.002	1
1	0	1	0	1	0	0	1	1	1	.	0.284	0.043	0.012	0.041	0.619	5
0	1	1	1	1	1	1	1	1	1	58.03	0.015	0.956	0	0.004	0.025	2
1	0	1	0	1	1	0	0	0	0	63.02	0.077	0.002	0.154	0.004	0.762	5
0	0	1	0	1	1	0	1	0	1	52.04	0.799	0.002	0.063	0.002	0.134	1
1	1	1	1	1	1	1	1	1	1	73.19	0	0.986	0	0.006	0.008	2
1	1	1	1	1	1	1	1	1	1	52.73	0	0.986	0	0.006	0.008	2
1	1	1	1	1	1	0	1	1	1	77.27	0.001	0.918	0	0.006	0.075	2
1	1	1	0	0	1	1	0	1	1	52.85	0.008	0.013	0	0.938	0.041	4
0	1	1	1	1	1	1	0	1	1	60.78	0.036	0.636	0	0.005	0.322	2
1	1	1	1	1	1	.	.	.	0	59.4	0.001	0.911	0	0.006	0.083	2
1	1	1	1	1	1	1	1	1	1	65.46	0	0.986	0	0.006	0.008	2
1	1	1	1	1	0	1	1	0	1	54.97	0.001	0.126	0	0.003	0.87	5
0	1	1	0	0	1	1	1	1	0	42.03	0.182	0.03	0	0.771	0.016	4
1	0	1	0	0	0	1	0	0	0	.	0.1	0	0.34	0.042	0.518	5
0	0	0	0	0	0	0	1	0	0	.	0.116	0	0.881	0	0.003	3
1	0	0	1	0	1	1	1	1	1	45.34	0.837	0.029	0	0.122	0.011	1
1	1	1	1	1	0	1	0	1	1	72.14	0.001	0.201	0	0.005	0.793	5
1	1	1	1	1	0	1	0	0	0	50.29	0	0.008	0.001	0	0.991	5
1	1	1	0	1	0	1	1	0	1	64.37	0.007	0.048	0.001	0.047	0.898	5
1	0	1	1	1	1	1	1	1	0	44.63	0.035	0.936	0	0.01	0.019	2
0	0	0	0	0	0	0	0	0	1	38.06	0.004	0	0.996	0	0.001	3
1	1	1	1	1	1	1	1	1	0	36.68	0	0.986	0	0.006	0.008	2
0	0	0	1	0	1	1	1	1	0	.	0.995	0.001	0	0.003	0.001	1
0	0	1	1	1	1	1	1	1	1	57.58	0.573	0.398	0	0.003	0.026	1
0	0	0	0	0	0	0	0	0	0	.	0.004	0	0.996	0	0.001	3
1	1	1	1	1	1	1	1	1	0	49.92	0	0.986	0	0.006	0.008	2
1	1	0	0	0	1	0	1	0	0	66.32	0.176	0.002	0.045	0.45	0.328	4
1	1	1	1	0	0	0	0	1	0	44.24	0.001	0.003	0.003	0.011	0.981	5
1	1	1	1	1	1	1	1	1	0	74.32	0	0.986	0	0.006	0.008	2
1	1	1	1	1	1	0	1	1	1	.	0.001	0.918	0	0.006	0.075	2
1	1	1	1	1	1	1	1	0	1	.	0.002	0.78	0	0.009	0.208	2
0	0	1	1	0	1	1	1	1	1	64.83	0.933	0.025	0	0.029	0.012	1
1	1	1	0	.	1	1	1	0	0	36.55	0.013	0.193	0	0.62	0.173	4
0	1	0	0	0	0	0	1	0	1	58.48	0.082	0	0.83	0.002	0.086	3
1	1	1	1	1	1	0	1	1	1	47.98	0.001	0.918	0	0.006	0.075	2
0	0	0	0	0	1	1	1	1	0	57.38	0.992	0	0	0.007	0	1
0	1	1	0	1	1	1	1	1	0	62.34	0.157	0.676	0	0.118	0.048	2
1	1	1	1	1	1	1	1	1	0	39.78	0	0.986	0	0.006	0.008	2
1	1	1	1	1	1	1	1	1	0	37.52	0	0.986	0	0.006	0.008	2
1	1	1	1	1	1	0	1	1	1	66.06	0.001	0.918	0	0.006	0.075	2
1	0	1	0	1	1	1	1	1	0	41.21	0.274	0.48	0	0.22	0.026	2
0	1	1	0	0	0	0	1	0	0	.	0.056	0	0.26	0.015	0.668	5
0	0	1	1	1	0	1	1	1	0	55.08	0.678	0.117	0.001	0.002	0.202	1
1	1	1	1	1	1	1	1	1	1	.	0	0.986	0	0.006	0.008	2
1	1	1	1	1	0	1	1	1	0	48.44	0.001	0.819	0	0.009	0.17	2
1	1	1	1	1	1	1	1	1	1	83.04	0	0.986	0	0.006	0.008	2
1	1	1	1	1	0	1	1	0	1	67.19	0.001	0.126	0	0.003	0.87	5
0	1	1	1	1	0	0	1	1	0	.	0.021	0.121	0.001	0.001	0.855	5
0	0	0	1	0	1	1	0	0	0	50.48	0.756	0	0.218	0	0.026	1
1	1	1	1	0	1	.	1	1	1	.	0.007	0.493	0	0.431	0.07	2
1	0	1	1	1	0	0	1	0	1	58.46	0.014	0.005	0.019	0	0.962	5
0	0	0	0	.	1	1	1	0	0	73.57	0.987	0	0.008	0.002	0.003	1
1	1	1	1	0	1	1	1	1	0	58.06	0.005	0.516	0	0.447	0.031	2
0	1	1	1	1	0	0	1	0	0	.	0.004	0.004	0.011	0	0.981	5
0	0	1	0	1	0	0	0	0	0	59.45	0.012	0	0.924	0	0.065	3
1	1	1	0	0	1	1	0	1	1	73.55	0.008	0.013	0	0.938	0.041	4
1	1	1	1	1	1	0	0	1	1	69.29	0.002	0.389	0	0.005	0.604	5
1	1	1	1	1	1	1	1	1	1	.	0	0.986	0	0.006	0.008	2
0	0	1	1	1	0	0	0	0	1	52.78	0.01	0	0.669	0	0.321	3
1	1	1	1	1	1	1	1	1	1	52.13	0	0.986	0	0.006	0.008	2
1	1	1	0	1	1	1	1	1	1	70.59	0.005	0.788	0	0.191	0.017	2
1	1	1	0	1	1	1	1	1	1	49.85	0.005	0.788	0	0.191	0.017	2
0	1	0	1	1	1	1	1	1	1	68.32	0.296	0.652	0	0.007	0.045	2
0	1	1	1	1	1	1	1	0	0	72.64	0.045	0.504	0	0.004	0.447	2
0	1	1	1	1	0	1	1	1	0	75.85	0.035	0.569	0	0.005	0.392	2
1	1	1	1	1	1	1	1	1	0	52.61	0	0.986	0	0.006	0.008	2
1	1	1	1	1	0	0	0	0	1	69.38	0	0.001	0.005	0	0.995	5
1	1	0	0	0	0	1	0	1	0	45.36	0.106	0.002	0.027	0.546	0.32	4
0	1	0	1	1	0	0	1	1	0	43.03	0.205	0.039	0.028	0.001	0.726	5
0	0	0	1	1	1	1	1	1	0	.	0.973	0.023	0	0	0.004	1
1	0	1	1	1	0	0	0	0	0	59.82	0.002	0	0.116	0	0.881	5
1	1	0	0	1	0	1	1	1	0	64.23	0.163	0.226	0.001	0.279	0.331	5
1	1	1	1	0	1	0	1	1	0	70.16	0.012	0.39	0	0.356	0.243	2
1	0	0	0	0	1	0	0	1	1	35.52	0.775	0	0.13	0.061	0.034	1
1	0	1	1	1	0	1	1	0	1	57.81	0.046	0.052	0.002	0.002	0.898	5
0	0	1	0	0	1	1	0	1	1	45.02	0.941	0	0.004	0.043	0.011	1
1	1	1	1	1	1	1	1	1	0	75.23	0	0.986	0	0.006	0.008	2
0	1	1	.	1	0	0	1	1	0	35.93	0.049	0.098	0.004	0.005	0.844	5
0	0	0	0	1	1	1	0	1	1	65.21	0.989	0	0.006	0.001	0.004	1
1	1	1	0	0	0	1	1	1	0	67.61	0.008	0.013	0	0.922	0.057	4
1	1	1	1	0	1	1	1	1	1	68.23	0.005	0.516	0	0.447	0.031	2
1	0	0	1	.	.	1	0	.	0	.	0.471	0.039	0.144	0.017	0.329	1
0	0	0	1	1	1	1	1	0	1	.	0.968	0.004	0.005	0	0.022	1
0	0	0	1	0	0	0	0	0	0	56.8	0.005	0	0.992	0	0.004	3
1	1	0	0	0	1	0	1	1	1	52.62	0.115	0.009	0.001	0.838	0.038	4
1	1	0	0	1	1	1	1	1	0	.	0.096	0.536	0	0.338	0.03	2
1	0	1	1	1	1	1	1	1	0	.	0.035	0.936	0	0.01	0.019	2
0	0	1	0	0	1	1	1	1	0	.	0.918	0.002	0	0.078	0.002	1
1	1	1	1	1	0	1	1	0	0	84.3	0.001	0.126	0	0.003	0.87	5
1	0	1	1	1	0	1	0	0	1	71.92	0.01	0.003	0.018	0	0.969	5
0	1	.	0	0	0	1	1	1	0	.	0.451	0.008	0.004	0.42	0.118	1
0	0	1	0	0	0	0	0	0	1	63.59	0.008	0	0.979	0	0.013	3
0	0	1	1	1	1	0	1	1	1	50.19	0.709	0.172	0.001	0.001	0.116	1
1	1	1	1	1	0	0	0	0	1	72.96	0	0.001	0.005	0	0.995	5
1	1	0	1	1	1	1	0	0	0	.	0.018	0.068	0.003	0.004	0.907	5
1	1	1	1	0	1	1	1	1	0	73.04	0.005	0.516	0	0.447	0.031	2
1	1	1	0	0	0	1	1	0	1	51.66	0.013	0.003	0.002	0.492	0.49	4
1	.	.	.	.	.	1	.	.	0	.	0.042	0.634	0.002	0.203	0.118	2
1	1	1	0	0	1	1	1	1	0	.	0.004	0.027	0	0.964	0.004	4
1	1	0	0	0	0	0	0	0	1	74.31	0.003	0	0.801	0.002	0.194	3
1	1	1	1	1	1	1	1	1	1	85.39	0	0.986	0	0.006	0.008	2
1	1	1	1	1	1	1	1	1	0	69.36	0	0.986	0	0.006	0.008	2
1	0	1	0	0	1	0	0	0	0	.	0.139	0	0.419	0.044	0.398	3
1	1	1	1	1	0	0	0	0	0	32.43	0	0.001	0.005	0	0.995	5
0	0	0	0	1	0	0	0	0	1	78.45	0.006	0	0.991	0	0.003	3
1	1	1	1	1	1	1	1	1	1	43.97	0	0.986	0	0.006	0.008	2
1	1	1	1	1	1	1	1	1	0	37.19	0	0.986	0	0.006	0.008	2
0	1	1	1	1	1	1	1	1	1	45.35	0.015	0.956	0	0.004	0.025	2
1	1	1	1	1	1	1	1	1	0	60.63	0	0.986	0	0.006	0.008	2
1	1	1	1	1	1	1	1	1	1	74.04	0	0.986	0	0.006	0.008	2
1	1	1	1	1	0	1	1	1	1	55.88	0.001	0.819	0	0.009	0.17	2
1	1	1	1	1	1	1	1	1	1	55.27	0	0.986	0	0.006	0.008	2
0	0	0	0	0	0	0	0	0	0	36.04	0.004	0	0.996	0	0.001	3
1	1	1	1	1	0	0	0	0	1	.	0	0.001	0.005	0	0.995	5
1	0	1	1	1	0	0	0	0	0	63.98	0.002	0	0.116	0	0.881	5
0	0	0	0	1	1	1	1	1	0	56.8	0.996	0.002	0	0.001	0.001	1
1	1	1	0	0	1	1	1	1	0	62.45	0.004	0.027	0	0.964	0.004	4
0	0	0	0	0	1	1	0	1	1	58.36	0.986	0	0.009	0.004	0.001	1
1	1	1	1	1	1	0	1	1	1	49.25	0.001	0.918	0	0.006	0.075	2
0	0	0	0	0	0	0	0	0	0	66.23	0.004	0	0.996	0	0.001	3
1	1	1	1	1	1	0	1	1	1	80.22	0.001	0.918	0	0.006	0.075	2
1	1	1	1	1	1	1	1	1	1	58.07	0	0.986	0	0.006	0.008	2
1	0	1	0	0	1	0	0	1	1	50.3	0.404	0.003	0.031	0.36	0.202	1
1	1	1	1	1	1	1	1	1	0	.	0	0.986	0	0.006	0.008	2
1	1	1	0	0	0	0	0	0	0	65.48	0.001	0	0.141	0.009	0.848	5
1	1	0	1	0	0	0	1	1	0	41.06	0.069	0.019	0.01	0.09	0.812	5
1	0	1	1	1	1	0	1	1	1	59.94	0.081	0.756	0	0.009	0.154	2
1	1	1	1	1	1	1	1	1	1	49.8	0	0.986	0	0.006	0.008	2
1	1	1	1	1	0	0	1	0	0	.	0	0.014	0.001	0	0.985	5
1	1	1	0	1	1	1	1	1	0	60.47	0.005	0.788	0	0.191	0.017	2
1	1	1	1	1	1	1	1	1	0	48.64	0	0.986	0	0.006	0.008	2
1	1	1	1	1	1	1	1	1	0	74.8	0	0.986	0	0.006	0.008	2
1	1	1	1	1	1	1	1	1	1	.	0	0.986	0	0.006	0.008	2
1	1	1	1	1	0	0	0	0	0	67.95	0	0.001	0.005	0	0.995	5
0	0	0	0	0	0	1	1	1	0	45.13	0.988	0	0.007	0.004	0.001	1
1	1	1	1	1	1	1	1	1	1	77.67	0	0.986	0	0.006	0.008	2
1	1	1	1	1	1	1	.	1	1	51.18	0	0.979	0	0.006	0.015	2
1	1	1	0	0	1	1	1	1	1	48.38	0.004	0.027	0	0.964	0.004	4
1	1	1	1	1	1	1	1	1	0	88.48	0	0.986	0	0.006	0.008	2
1	0	0	0	0	0	0	1	1	0	57.45	0.789	0	0.111	0.056	0.044	1
1	1	1	1	1	0	1	1	1	0	58.05	0.001	0.819	0	0.009	0.17	2
1	0	1	1	1	1	1	0	1	1	60.08	0.091	0.648	0	0.014	0.246	2
1	1	0	0	1	.	0	0	0	0	.	0.009	0.001	0.36	0.002	0.629	5
0	1	1	1	1	0	0	1	1	1	.	0.021	0.121	0.001	0.001	0.855	5
1	0	0	0	1	1	0	1	0	1	74.54	0.764	0.003	0.096	0.007	0.13	1
0	1	1	0	1	1	1	0	0	0	45.33	0.095	0.019	0.013	0.014	0.859	5
0	0	1	1	1	0	0	0	0	0	41.56	0.01	0	0.669	0	0.321	3
1	0	1	1	0	0	0	0	0	0	.	0.006	0	0.405	0	0.589	5
1	1	1	0	0	1	0	1	0	0	56.53	0.019	0.007	0.002	0.562	0.409	4
0	0	1	1	1	0	0	0	0	1	73.92	0.01	0	0.669	0	0.321	3
1	1	1	0	1	0	1	0	0	0	53.32	0.001	0.003	0.004	0.005	0.986	5
1	1	1	1	1	1	1	1	1	0	75.33	0	0.986	0	0.006	0.008	2
0	0	1	1	1	1	0	1	0	1	65.68	0.488	0.02	0.032	0	0.46	1
1	0	1	0	0	0	1	1	1	0	.	0.295	0.005	0.001	0.647	0.052	4
0	0	1	1	1	1	0	1	0	1	43.12	0.488	0.02	0.032	0	0.46	1
0	1	.	1	1	1	1	1	1	0	88.21	0.034	0.935	0	0.004	0.027	2
0	0	0	0	1	0	1	1	0	0	.	0.819	0	0.159	0	0.022	1
0	0	0	1	1	0	0	0	0	0	.	0.007	0	0.974	0	0.019	3
1	0	1	1	1	1	1	1	1	0	50.78	0.035	0.936	0	0.01	0.019	2
1	1	1	0	0	1	1	1	1	0	33.79	0.004	0.027	0	0.964	0.004	4
1	1	1	0	1	1	1	1	1	1	61.35	0.005	0.788	0	0.191	0.017	2
0	1	1	0	1	1	1	1	1	1	72.6	0.157	0.676	0	0.118	0.048	2
0	1	1	0	1	0	1	1	1	0	72.24	0.225	0.242	0.001	0.083	0.45	5
0	1	1	1	1	0	0	0	1	1	.	0.005	0.007	0.01	0	0.977	5
0	1	1	1	0	0	0	0	0	1	.	0.002	0	0.277	0	0.721	5
0	0	1	0	0	1	0	.	0	0	.	0.533	0	0.418	0.005	0.044	1
1	1	1	1	1	1	1	1	1	0	77.94	0	0.986	0	0.006	0.008	2
1	1	1	1	1	1	1	1	1	0	48.2	0	0.986	0	0.006	0.008	2
0	0	1	0	1	1	1	0	0	1	70.7	0.741	0.002	0.078	0.002	0.177	1
0	1	1	1	1	0	0	0	0	1	45.74	0.001	0	0.068	0	0.931	5
1	1	1	1	1	1	1	1	1	1	75.67	0	0.986	0	0.006	0.008	2
1	1	1	1	1	1	1	1	1	1	76.49	0	0.986	0	0.006	0.008	2
1	1	1	1	1	1	1	1	1	1	65.03	0	0.986	0	0.006	0.008	2
1	1	1	1	1	1	1	0	1	1	67.27	0.001	0.858	0	0.01	0.13	2
1	1	1	0	1	0	1	0	0	1	62.53	0.001	0.003	0.004	0.005	0.986	5
1	1	1	1	1	1	1	1	1	1	53.34	0	0.986	0	0.006	0.008	2
0	0	0	1	1	0	0	1	1	0	53.55	0.834	0.002	0.086	0	0.078	1
0	0	0	0	0	0	0	0	0	1	55.69	0.004	0	0.996	0	0.001	3
1	1	1	1	1	1	1	1	1	0	.	0	0.986	0	0.006	0.008	2
1	1	1	1	1	0	1	1	1	1	68.63	0.001	0.819	0	0.009	0.17	2
1	1	0	0	1	1	1	1	0	0	.	0.2	0.191	0.001	0.248	0.359	5
1	1	1	0	0	1	1	1	0	0	66.33	0.011	0.012	0	0.908	0.068	4
1	1	1	1	1	1	0	0	1	0	.	0.002	0.389	0	0.005	0.604	5
1	1	1	1	1	1	1	1	1	1	63.26	0	0.986	0	0.006	0.008	2
1	0	1	0	0	1	1	1	1	0	71.31	0.179	0.012	0	0.804	0.005	4
1	1	0	1	1	1	1	1	1	0	65.11	0.011	0.954	0	0.015	0.02	2
1	1	1	1	1	0	1	1	0	0	66.75	0.001	0.126	0	0.003	0.87	5
1	1	1	.	1	0	0	1	1	0	69.32	0.004	0.272	0	0.021	0.704	5
1	1	0	0	0	1	0	1	1	1	37.95	0.115	0.009	0.001	0.838	0.038	4
1	1	.	1	1	1	1	1	1	1	.	0.001	0.984	0	0.006	0.008	2
0	0	1	1	1	1	1	1	1	1	.	0.573	0.398	0	0.003	0.026	1
1	1	1	1	1	1	0	1	1	0	.	0.001	0.918	0	0.006	0.075	2
1	1	1	1	0	0	0	1	1	0	62.57	0.006	0.052	0	0.094	0.847	5
1	0	1	1	1	0	0	0	0	0	53.43	0.002	0	0.116	0	0.881	5
1	1	1	1	1	0	1	0	0	0	56.3	0	0.008	0.001	0	0.991	5
0	0	0	1	0	0	0	0	0	0	51.4	0.005	0	0.992	0	0.004	3
0	1	1	1	1	0	0	1	1	0	54.38	0.021	0.121	0.001	0.001	0.855	5
0	1	1	1	1	1	0	1	1	1	71.08	0.033	0.758	0	0.003	0.205	2
0	0	0	0	0	0	0	1	0	1	56.22	0.116	0	0.881	0	0.003	3
1	1	1	1	1	1	0	1	1	1	54.9	0.001	0.918	0	0.006	0.075	2
0	0	0	0	0	0	0	0	0	0	65.89	0.004	0	0.996	0	0.001	3
1	1	1	1	1	1	1	1	1	1	78.54	0	0.986	0	0.006	0.008	2
0	1	1	1	1	0	0	1	0	0	.	0.004	0.004	0.011	0	0.981	5
0	1	1	1	1	0	0	1	0	0	68.65	0.004	0.004	0.011	0	0.981	5
0	0	1	1	1	1	1	1	1	1	67.87	0.573	0.398	0	0.003	0.026	1
1	0	1	1	1	1	1	1	1	1	59.37	0.035	0.936	0	0.01	0.019	2
0	1	1	1	1	1	1	1	1	1	72.51	0.015	0.956	0	0.004	0.025	2
1	0	1	1	1	1	1	1	1	0	46.34	0.035	0.936	0	0.01	0.019	2
1	0	1	1	1	1	0	1	1	1	55.71	0.081	0.756	0	0.009	0.154	2
1	1	0	1	0	1	1	1	0	0	34.61	0.142	0.078	0.001	0.364	0.416	5
0	1	1	1	1	1	0	1	1	1	51.99	0.033	0.758	0	0.003	0.205	2
1	1	1	1	1	1	0	1	1	0	.	0.001	0.918	0	0.006	0.075	2
1	1	0	1	1	1	1	1	1	1	.	0.011	0.954	0	0.015	0.02	2
1	1	1	0	1	1	1	1	1	1	.	0.005	0.788	0	0.191	0.017	2
0	0	0	1	0	1	1	0	0	0	30.52	0.756	0	0.218	0	0.026	1
0	0	0	1	1	0	0	0	0	1	57.33	0.007	0	0.974	0	0.019	3
1	1	1	1	1	1	1	1	1	0	37.05	0	0.986	0	0.006	0.008	2
1	1	1	1	1	1	1	1	1	1	70.04	0	0.986	0	0.006	0.008	2
1	1	1	0	0	0	0	0	0	1	46.41	0.001	0	0.141	0.009	0.848	5
0	0	1	0	0	1	1	0	1	1	.	0.941	0	0.004	0.043	0.011	1
1	1	1	1	1	1	1	1	1	0	74.25	0	0.986	0	0.006	0.008	2
1	1	1	1	1	1	1	1	1	0	.	0	0.986	0	0.006	0.008	2
0	1	0	0	0	1	1	1	1	0	63.94	0.722	0.004	0	0.269	0.006	1
1	1	1	1	1	.	1	1	1	1	67.3	0	0.973	0	0.006	0.02	2
0	1	1	1	1	1	0	1	1	0	62.91	0.033	0.758	0	0.003	0.205	2
0	1	1	0	1	1	1	1	1	1	61.09	0.157	0.676	0	0.118	0.048	2
1	1	1	1	0	1	1	1	1	1	.	0.005	0.516	0	0.447	0.031	2
1	1	1	1	1	0	0	0	0	1	69.08	0	0.001	0.005	0	0.995	5
1	1	1	0	0	1	1	1	1	0	.	0.004	0.027	0	0.964	0.004	4
1	1	1	1	1	0	1	1	1	0	.	0.001	0.819	0	0.009	0.17	2
0	0	0	0	0	1	0	1	1	0	55.82	0.99	0	0.007	0.003	0.001	1
1	1	1	1	1	1	1	0	0	0	65.73	0.001	0.163	0	0.004	0.831	5
0	0	0	0	0	1	1	1	1	1	53.38	0.992	0	0	0.007	0	1
0	1	1	1	1	1	0	0	0	0	73.31	0.005	0.006	0.016	0	0.973	5
0	0	1	0	0	1	0	1	1	1	.	0.958	0.001	0.003	0.03	0.008	1
1	1	1	1	1	1	1	1	1	1	65.64	0	0.986	0	0.006	0.008	2
0	0	1	0	1	0	1	1	1	1	64.54	0.931	0.011	0.002	0.007	0.049	1
0	0	0	1	1	1	1	1	1	0	62.4	0.973	0.023	0	0	0.004	1
1	1	1	1	1	0	0	0	0	1	78.2	0	0.001	0.005	0	0.995	5
1	1	1	1	1	1	1	1	1	1	80.45	0	0.986	0	0.006	0.008	2
1	1	0	1	1	0	0	1	1	1	64.99	0.02	0.149	0.002	0.005	0.824	5
1	1	1	1	1	1	1	1	1	0	61.87	0	0.986	0	0.006	0.008	2
1	1	0	1	1	1	1	1	1	1	70.02	0.011	0.954	0	0.015	0.02	2
1	1	1	1	1	1	1	1	1	1	61.14	0	0.986	0	0.006	0.008	2
0	1	0	0	0	1	1	1	1	0	.	0.722	0.004	0	0.269	0.006	1
1	1	1	1	1	1	0	1	1	1	56.66	0.001	0.918	0	0.006	0.075	2
1	1	1	0	0	0	0	0	0	0	30.91	0.001	0	0.141	0.009	0.848	5
1	1	1	1	1	1	1	1	1	1	73.4	0	0.986	0	0.006	0.008	2
1	0	1	1	1	1	1	1	1	1	.	0.035	0.936	0	0.01	0.019	2
1	1	1	1	1	1	1	1	1	0	63.58	0	0.986	0	0.006	0.008	2
1	1	1	1	1	0	0	0	0	1	.	0	0.001	0.005	0	0.995	5
1	1	0	1	1	1	1	1	0	1	63.36	0.038	0.556	0	0.018	0.388	2
1	1	1	1	1	0	1	0	1	1	69.31	0.001	0.201	0	0.005	0.793	5
1	1	1	1	0	0	1	1	1	0	46.21	0.01	0.231	0	0.393	0.366	4
1	1	1	1	1	1	1	1	1	0	68.92	0	0.986	0	0.006	0.008	2
1	1	1	0	0	1	1	1	1	1	57.15	0.004	0.027	0	0.964	0.004	4
1	0	0	0	0	0	0	0	1	0	62.88	0.162	0	0.786	0.006	0.046	3
0	1	0	0	0	0	0	0	0	1	46.57	0.003	0	0.982	0	0.015	3
1	1	1	0	1	1	1	0	1	0	68.31	0.012	0.522	0	0.253	0.214	2
0	0	0	1	1	0	0	0	0	1	56.17	0.007	0	0.974	0	0.019	3
0	0	0	0	0	1	1	1	0	1	71.95	0.986	0	0.01	0.003	0.001	1
1	1	1	0	1	1	1	1	1	1	49.66	0.005	0.788	0	0.191	0.017	2
0	1	1	1	1	0	0	0	0	1	54.31	0.001	0	0.068	0	0.931	5
1	0	1	1	1	1	0	1	1	1	50.04	0.081	0.756	0	0.009	0.154	2
0	0	1	1	1	0	0	1	1	1	54.02	0.46	0.028	0.022	0	0.489	5
1	1	1	1	1	1	1	1	1	1	44.66	0	0.986	0	0.006	0.008	2
1	1	1	1	1	1	1	1	1	1	81.39	0	0.986	0	0.006	0.008	2
0	0	1	1	1	1	0	1	0	1	39.26	0.488	0.02	0.032	0	0.46	1
1	1	1	1	1	1	1	1	1	1	.	0	0.986	0	0.006	0.008	2
1	1	1	1	0	1	1	1	1	1	58.21	0.005	0.516	0	0.447	0.031	2
1	1	1	1	1	1	0	1	1	0	68.34	0.001	0.918	0	0.006	0.075	2
1	1	1	1	1	1	1	1	1	0	61.06	0	0.986	0	0.006	0.008	2
1	1	1	1	1	1	1	1	1	1	59.52	0	0.986	0	0.006	0.008	2
1	1	1	1	1	0	1	0	0	1	56.01	0	0.008	0.001	0	0.991	5
1	1	1	1	0	1	1	1	1	1	58.51	0.005	0.516	0	0.447	0.031	2
1	1	1	1	1	1	0	1	0	1	60.3	0.002	0.267	0	0.003	0.728	5
0	0	0	0	0	1	1	1	1	1	38.95	0.992	0	0	0.007	0	1
0	0	1	0	0	0	1	1	1	1	41.21	0.943	0	0.003	0.039	0.015	1
1	0	1	1	1	1	0	0	1	1	.	0.076	0.188	0.003	0.004	0.729	5
0	1	1	0	0	0	0	1	0	1	73.15	0.056	0	0.26	0.015	0.668	5
1	1	1	1	1	1	0	1	1	1	69.74	0.001	0.918	0	0.006	0.075	2
1	1	1	1	0	.	1	0	0	1	54.81	0.003	0.009	0.002	0.035	0.95	5
1	1	1	0	0	1	1	1	1	0	.	0.004	0.027	0	0.964	0.004	4
1	1	0	1	1	1	1	1	1	1	71.66	0.011	0.954	0	0.015	0.02	2
1	1	1	1	1	1	1	1	1	1	66.88	0	0.986	0	0.006	0.008	2
1	1	1	1	0	1	1	1	1	0	.	0.005	0.516	0	0.447	0.031	2
1	1	1	0	0	1	1	1	1	0	64.71	0.004	0.027	0	0.964	0.004	4
0	1	1	1	1	1	1	1	1	0	65.66	0.015	0.956	0	0.004	0.025	2
1	1	1	1	1	1	1	0	1	0	.	0.001	0.858	0	0.01	0.13	2
1	0	1	0	1	1	0	1	1	1	.	0.445	0.273	0.001	0.132	0.15	1
0	0	0	0	1	1	1	1	1	1	58.51	0.996	0.002	0	0.001	0.001	1
1	1	1	1	1	1	0	1	0	0	.	0.002	0.267	0	0.003	0.728	5
1	1	1	1	1	1	1	1	1	1	80.53	0	0.986	0	0.006	0.008	2
1	1	1	1	1	0	1	1	1	1	71.07	0.001	0.819	0	0.009	0.17	2
1	1	1	1	1	1	1	1	1	0	67.69	0	0.986	0	0.006	0.008	2
1	1	1	0	1	1	1	1	1	0	71.18	0.005	0.788	0	0.191	0.017	2
0	0	0	.	0	1	0	1	1	1	70.1	0.99	0	0.006	0.002	0.002	1
1	1	1	1	1	1	1	1	0	1	50.66	0.002	0.78	0	0.009	0.208	2
0	1	1	1	1	1	1	0	0	0	.	0.018	0.055	0.002	0.001	0.924	5
1	1	1	1	0	1	1	1	1	1	68.61	0.005	0.516	0	0.447	0.031	2
0	0	0	0	0	.	0	0	0	0	51.52	0.015	0	0.984	0	0.001	3
1	1	1	1	1	1	1	1	1	0	80.21	0	0.986	0	0.006	0.008	2
0	0	0	0	0	0	1	0	0	1	56.66	0.089	0	0.908	0	0.004	3
1	1	1	1	1	1	.	1	1	0	67.17	0	0.976	0	0.006	0.018	2
1	1	1	1	1	0	1	1	1	0	46.28	0.001	0.819	0	0.009	0.17	2
1	1	1	1	1	0	0	.	1	1	44.88	0.001	0.198	0	0.003	0.798	5
1	1	1	1	1	0	1	1	0	0	42.25	0.001	0.126	0	0.003	0.87	5
1	1	1	1	1	1	1	1	1	0	72	0	0.986	0	0.006	0.008	2
0	0	0	1	1	0	0	0	0	0	42.48	0.007	0	0.974	0	0.019	3
1	1	1	1	1	0	0	1	1	0	.	0.001	0.319	0	0.004	0.676	5
1	0	.	.	.	.	.	.	.	0	.	0.258	0.243	0.122	0.139	0.238	1
0	0	1	1	1	1	1	1	0	1	57.7	0.721	0.086	0.002	0.001	0.19	1
1	0	0	0	1	1	1	1	1	1	58.59	0.879	0.052	0	0.062	0.007	1
1	1	1	1	1	1	1	1	1	0	69.07	0	0.986	0	0.006	0.008	2
1	1	1	1	1	1	0	1	1	1	68.5	0.001	0.918	0	0.006	0.075	2
1	1	1	1	1	1	1	1	1	0	79.14	0	0.986	0	0.006	0.008	2
0	0	1	1	1	1	1	1	1	1	65.95	0.573	0.398	0	0.003	0.026	1
1	1	1	0	0	1	0	1	1	0	36.96	0.011	0.025	0	0.923	0.041	4
1	1	1	1	1	0	0	0	0	0	.	0	0.001	0.005	0	0.995	5
1	1	1	1	1	1	1	1	1	0	77.25	0	0.986	0	0.006	0.008	2
1	1	1	1	1	1	1	1	1	1	53.35	0	0.986	0	0.006	0.008	2
1	1	1	1	1	0	1	1	0	1	52.86	0.001	0.126	0	0.003	0.87	5
1	1	1	1	1	1	1	1	1	1	58.16	0	0.986	0	0.006	0.008	2
0	0	0	.	0	1	1	1	1	1	48.89	0.993	0	0	0.006	0.001	1
0	0	0	0	0	1	1	1	1	1	37.55	0.992	0	0	0.007	0	1
0	1	1	0	1	1	1	1	1	1	64.12	0.157	0.676	0	0.118	0.048	2
1	1	1	1	1	0	1	0	1	1	.	0.001	0.201	0	0.005	0.793	5
1	1	1	1	1	1	0	1	1	1	58.1	0.001	0.918	0	0.006	0.075	2
1	1	1	1	1	1	1	1	1	0	69.21	0	0.986	0	0.006	0.008	2
1	1	1	1	1	1	1	1	1	1	65.09	0	0.986	0	0.006	0.008	2
1	1	1	0	0	1	0	1	1	0	.	0.011	0.025	0	0.923	0.041	4
0	1	1	0	0	1	1	1	1	1	.	0.182	0.03	0	0.771	0.016	4
1	1	1	1	1	0	0	0	.	1	50.1	0	0.01	0.003	0	0.987	5
1	1	1	1	1	1	1	1	1	0	.	0	0.986	0	0.006	0.008	2
1	1	1	1	1	1	1	1	1	0	71.86	0	0.986	0	0.006	0.008	2
0	1	1	.	0	1	1	1	1	0	66.93	0.181	0.158	0	0.621	0.039	4
0	1	0	0	1	1	1	1	1	1	60.35	0.807	0.117	0	0.054	0.022	1
1	1	0	0	0	0	0	0	0	0	31.88	0.003	0	0.801	0.002	0.194	3
1	1	1	1	0	1	1	1	1	0	77.79	0.005	0.516	0	0.447	0.031	2
0	1	1	1	1	1	1	0	0	1	.	0.018	0.055	0.002	0.001	0.924	5
1	1	1	1	0	1	1	1	1	0	69.55	0.005	0.516	0	0.447	0.031	2
1	1	1	0	1	1	1	1	1	1	54.81	0.005	0.788	0	0.191	0.017	2
1	1	1	1	1	0	0	0	0	1	.	0	0.001	0.005	0	0.995	5
1	1	1	0	1	1	1	1	1	1	.	0.005	0.788	0	0.191	0.017	2
0	0	0	0	0	0	0	0	0	0	40.04	0.004	0	0.996	0	0.001	3
1	1	1	0	0	1	1	1	1	0	63.37	0.004	0.027	0	0.964	0.004	4
1	1	1	0	0	1	1	1	1	0	52.03	0.004	0.027	0	0.964	0.004	4
1	1	1	1	1	1	1	1	1	0	.	0	0.986	0	0.006	0.008	2
1	0	1	1	1	1	0	1	1	1	69.21	0.081	0.756	0	0.009	0.154	2
1	1	1	1	1	0	1	1	0	0	50.42	0.001	0.126	0	0.003	0.87	5
0	0	1	1	1	0	0	0	1	1	51.63	0.124	0.002	0.203	0	0.671	5
0	0	1	0	1	1	0	0	0	0	30.26	0.218	0	0.595	0	0.187	3
1	1	1	1	1	1	1	1	1	0	66.76	0	0.986	0	0.006	0.008	2
1	1	1	1	0	0	1	1	0	0	.	0.004	0.017	0	0.061	0.917	5
1	1	1	1	1	1	0	1	1	1	51.78	0.001	0.918	0	0.006	0.075	2
1	1	0	.	1	1	1	1	1	1	.	0.029	0.865	0	0.083	0.022	2
0	1	1	1	1	1	1	0	0	1	62.59	0.018	0.055	0.002	0.001	0.924	5
1	1	1	0	0	0	0	0	0	1	69.9	0.001	0	0.141	0.009	0.848	5
0	0	1	0	1	0	0	1	1	0	46.24	0.797	0.003	0.046	0.002	0.151	1
1	1	1	1	1	1	1	1	1	0	70.19	0	0.986	0	0.006	0.008	2
1	1	1	.	0	1	1	0	1	0	56.11	0.008	0.075	0	0.811	0.106	4
1	1	1	0	1	1	1	1	1	1	62.97	0.005	0.788	0	0.191	0.017	2
1	1	1	1	1	0	1	1	1	0	.	0.001	0.819	0	0.009	0.17	2
1	1	0	0	0	1	0	0	0	1	47.44	0.048	0	0.424	0.066	0.461	5
1	1	1	1	1	1	1	1	1	1	70.19	0	0.986	0	0.006	0.008	2
1	1	1	1	1	1	1	.	1	0	59.49	0	0.979	0	0.006	0.015	2
1	1	1	1	1	1	1	1	1	1	.	0	0.986	0	0.006	0.008	2
1	1	1	0	1	1	1	1	1	0	69.25	0.005	0.788	0	0.191	0.017	2
1	0	1	0	1	1	0	1	0	0	54.68	0.313	0.033	0.018	0.033	0.603	5
1	1	1	0	1	1	0	1	1	1	67.12	0.012	0.67	0	0.171	0.148	2
1	1	1	0	1	0	0	1	0	1	41.84	0.002	0.005	0.005	0.005	0.983	5
1	1	1	0	1	1	1	1	1	0	74.62	0.005	0.788	0	0.191	0.017	2
1	0	0	0	0	0	0	0	0	1	40.74	0.005	0	0.986	0	0.008	3
0	0	0	0	0	1	1	0	0	0	30.33	0.735	0	0.259	0.001	0.005	1
0	1	0	1	1	1	1	1	1	0	53.41	0.296	0.652	0	0.007	0.045	2
1	1	1	1	1	1	1	1	1	1	74.03	0	0.986	0	0.006	0.008	2
1	1	1	1	0	1	0	1	1	1	72.16	0.012	0.39	0	0.356	0.243	2
1	1	1	0	1	0	0	0	1	0	56.82	0.002	0.009	0.005	0.009	0.975	5
0	1	1	1	1	1	1	1	1	0	.	0.015	0.956	0	0.004	0.025	2
1	1	1	1	1	1	1	0	0	0	94.27	0.001	0.163	0	0.004	0.831	5
1	1	1	0	0	1	1	1	1	0	.	0.004	0.027	0	0.964	0.004	4
1	1	1	0	0	0	1	1	1	1	52.27	0.008	0.013	0	0.922	0.057	4
1	1	1	.	0	1	1	1	1	0	61.13	0.005	0.153	0	0.831	0.011	4
1	1	1	1	1	1	1	1	1	0	73.56	0	0.986	0	0.006	0.008	2
0	0	0	0	1	0	.	.	1	1	.	0.766	0	0.223	0	0.011	1
0	0	0	0	0	1	1	1	1	1	.	0.992	0	0	0.007	0	1
1	1	1	0	0	1	1	1	1	0	.	0.004	0.027	0	0.964	0.004	4
1	1	1	0	0	0	1	1	0	0	78.03	0.013	0.003	0.002	0.492	0.49	4
1	1	1	1	1	0	1	1	1	0	.	0.001	0.819	0	0.009	0.17	2
1	1	1	1	1	1	1	1	1	0	79.64	0	0.986	0	0.006	0.008	2
1	1	1	1	1	1	1	0	0	1	64.59	0.001	0.163	0	0.004	0.831	5
1	1	1	1	1	1	1	1	1	0	52.21	0	0.986	0	0.006	0.008	2
1	1	1	1	1	1	1	1	1	1	59.42	0	0.986	0	0.006	0.008	2
1	1	1	1	0	0	1	1	1	1	76.21	0.01	0.231	0	0.393	0.366	4
0	0	0	0	0	1	1	1	1	0	45.91	0.992	0	0	0.007	0	1
1	1	1	0	1	1	1	1	1	0	.	0.005	0.788	0	0.191	0.017	2
1	1	1	1	1	1	1	1	1	0	33.79	0	0.986	0	0.006	0.008	2
0	1	1	0	0	0	1	0	1	0	.	0.191	0.002	0.03	0.211	0.566	5
1	0	1	1	1	1	0	0	1	1	78.35	0.076	0.188	0.003	0.004	0.729	5
0	0	0	0	0	1	1	1	1	1	.	0.992	0	0	0.007	0	1
1	0	1	1	0	1	1	1	1	0	.	0.261	0.264	0	0.434	0.04	4
0	0	1	0	1	1	0	1	1	1	63.42	0.95	0.015	0.002	0.005	0.028	1
0	0	0	0	0	1	1	1	1	1	48.19	0.992	0	0	0.007	0	1
1	1	1	1	0	1	0	0	1	0	51.22	0.008	0.067	0.001	0.123	0.801	5
1	1	1	1	1	1	1	1	1	1	.	0	0.986	0	0.006	0.008	2
0	0	1	0	0	0	0	.	0	0	.	0.041	0	0.937	0	0.022	3
1	1	1	1	1	1	1	1	1	1	.	0	0.986	0	0.006	0.008	2
1	1	1	1	1	1	1	1	1	1	.	0	0.986	0	0.006	0.008	2
0	1	1	1	1	1	0	1	1	1	48.49	0.033	0.758	0	0.003	0.205	2
0	0	0	0	0	0	0	0	1	1	.	0.13	0	0.867	0	0.003	3
1	1	1	1	0	0	0	0	1	0	67.75	0.001	0.003	0.003	0.011	0.981	5
0	0	1	1	1	0	0	1	0	1	41.93	0.111	0.001	0.209	0	0.679	5
0	0	0	0	0	1	1	1	1	1	49.11	0.992	0	0	0.007	0	1
1	1	1	1	1	1	0	1	1	1	53.86	0.001	0.918	0	0.006	0.075	2
0	0	0	0	0	0	0	0	0	0	.	0.004	0	0.996	0	0.001	3
0	0	0	.	.	.	.	.	.	1	74.44	0.54	0.001	0.45	0.001	0.008	1
1	0	1	0	1	1	1	1	1	1	51.95	0.274	0.48	0	0.22	0.026	2
1	1	1	0	1	0	0	0	1	1	47.11	0.002	0.009	0.005	0.009	0.975	5
1	1	0	1	0	1	1	0	0	0	.	0.056	0.008	0.016	0.077	0.842	5
1	1	1	1	0	0	1	0	1	0	51.45	0.005	0.029	0	0.098	0.868	5
1	1	1	1	1	0	0	0	0	1	70.02	0	0.001	0.005	0	0.995	5
1	1	1	1	1	0	0	0	0	0	.	0	0.001	0.005	0	0.995	5
1	1	1	1	0	0	0	1	0	0	.	0.001	0.002	0.004	0.007	0.987	5
0	0	0	0	0	1	0	1	1	0	53.69	0.99	0	0.007	0.003	0.001	1
1	1	0	0	0	1	0	0	1	1	.	0.147	0.003	0.033	0.572	0.245	4
1	1	1	1	1	1	0	1	0	1	57.89	0.002	0.267	0	0.003	0.728	5
0	0	1	1	1	0	0	0	0	1	70.5	0.01	0	0.669	0	0.321	3
0	1	1	1	1	1	1	1	1	0	55.88	0.015	0.956	0	0.004	0.025	2
0	1	0	1	0	1	0	0	0	0	.	0.064	0	0.635	0.001	0.3	3
1	1	0	1	1	1	1	1	1	0	68.35	0.011	0.954	0	0.015	0.02	2
1	1	1	1	1	1	1	1	1	1	51.98	0	0.986	0	0.006	0.008	2
1	0	1	0	0	1	1	1	1	1	68.03	0.179	0.012	0	0.804	0.005	4
1	1	1	1	1	1	1	1	1	1	84.11	0	0.986	0	0.006	0.008	2
1	1	1	1	0	0	1	1	1	0	.	0.01	0.231	0	0.393	0.366	4
1	1	1	1	1	1	1	1	1	0	48.62	0	0.986	0	0.006	0.008	2
1	1	1	1	1	1	1	1	1	0	54.05	0	0.986	0	0.006	0.008	2
0	1	1	1	1	1	1	1	1	0	66.25	0.015	0.956	0	0.004	0.025	2
0	1	1	1	1	0	0	0	1	0	.	0.005	0.007	0.01	0	0.977	5
1	1	1	0	0	1	1	1	1	0	.	0.004	0.027	0	0.964	0.004	4
1	1	1	1	1	1	1	1	1	1	78.04	0	0.986	0	0.006	0.008	2
1	0	0	1	.	0	0	1	1	1	51.06	0.542	0.022	0.052	0.008	0.376	1
1	1	1	1	1	1	1	1	1	0	74.4	0	0.986	0	0.006	0.008	2
1	0	1	0	1	1	1	1	0	1	69.01	0.471	0.141	0.001	0.133	0.254	1
1	1	1	0	0	1	0	1	1	0	.	0.011	0.025	0	0.923	0.041	4
1	1	1	1	1	1	1	1	1	1	.	0	0.986	0	0.006	0.008	2
1	1	1	1	0	1	1	0	1	0	47.52	0.01	0.254	0	0.441	0.295	4
1	1	1	1	1	0	0	1	1	0	.	0.001	0.319	0	0.004	0.676	5
1	0	0	1	0	0	0	0	0	1	.	0.006	0	0.939	0	0.055	3
1	1	1	1	1	1	1	1	1	0	80.68	0	0.986	0	0.006	0.008	2
0	0	0	0	1	1	1	0	1	0	54.91	0.989	0	0.006	0.001	0.004	1
1	1	1	0	0	1	1	1	1	1	.	0.004	0.027	0	0.964	0.004	4
1	1	1	0	0	0	0	0	0	1	.	0.001	0	0.141	0.009	0.848	5
1	1	1	0	1	1	1	1	1	0	84.01	0.005	0.788	0	0.191	0.017	2
1	1	1	1	1	1	1	1	1	0	.	0	0.986	0	0.006	0.008	2
1	1	1	1	1	1	0	1	1	1	53.66	0.001	0.918	0	0.006	0.075	2
0	1	1	0	0	1	1	1	1	1	69.98	0.182	0.03	0	0.771	0.016	4
1	1	1	0	0	1	1	1	1	1	76.38	0.004	0.027	0	0.964	0.004	4
1	1	1	1	1	1	1	1	0	1	40.68	0.002	0.78	0	0.009	0.208	2
0	0	0	0	1	0	0	0	0	1	55.69	0.006	0	0.991	0	0.003	3
1	1	1	1	1	1	1	1	1	0	52.18	0	0.986	0	0.006	0.008	2
1	1	1	1	1	1	0	1	1	0	60.52	0.001	0.918	0	0.006	0.075	2
0	0	0	0	1	0	1	.	0	0	30.3	0.432	0	0.549	0	0.019	3
1	1	1	1	0	1	0	1	1	0	79.41	0.012	0.39	0	0.356	0.243	2
1	1	1	0	0	1	1	1	1	1	51.04	0.004	0.027	0	0.964	0.004	4
0	0	0	0	0	0	0	0	0	0	.	0.004	0	0.996	0	0.001	3
1	1	1	1	1	1	1	1	1	0	.	0	0.986	0	0.006	0.008	2
1	1	1	1	1	1	0	1	1	1	.	0.001	0.918	0	0.006	0.075	2
1	1	1	1	1	1	1	1	1	1	59.26	0	0.986	0	0.006	0.008	2
1	1	1	1	1	1	1	1	1	0	93.36	0	0.986	0	0.006	0.008	2
1	1	1	1	0	1	1	1	1	0	.	0.005	0.516	0	0.447	0.031	2
0	1	1	1	1	1	0	1	1	0	.	0.033	0.758	0	0.003	0.205	2
1	1	1	1	1	1	1	.	0	0	71.57	0.002	0.656	0	0.008	0.334	2
1	1	1	1	0	0	1	1	1	0	48.46	0.01	0.231	0	0.393	0.366	4
0	0	1	0	0	0	0	1	0	1	.	0.208	0	0.725	0.001	0.066	3
1	1	1	1	1	0	1	0	1	1	57.5	0.001	0.201	0	0.005	0.793	5
1	1	1	0	0	1	1	1	1	1	58.38	0.004	0.027	0	0.964	0.004	4
1	1	1	0	0	0	0	0	1	0	58.45	0.007	0.001	0.02	0.146	0.826	5
1	0	1	1	0	0	0	0	0	1	54.52	0.006	0	0.405	0	0.589	5
1	1	1	0	0	1	1	1	1	0	71.49	0.004	0.027	0	0.964	0.004	4
0	0	1	0	1	1	1	1	1	1	64.6	0.935	0.043	0	0.014	0.008	1
0	0	1	0	0	0	0	1	1	1	.	0.863	0	0.076	0.013	0.048	1
1	1	1	0	1	1	1	1	1	1	70.22	0.005	0.788	0	0.191	0.017	2
0	0	1	0	1	0	.	1	1	1	62.07	0.883	0.008	0.018	0.005	0.086	1
1	1	1	0	1	0	0	.	.	1	44.64	0.003	0.033	0.012	0.018	0.933	5
1	1	1	0	0	1	1	1	1	0	41.68	0.004	0.027	0	0.964	0.004	4
1	1	1	1	1	1	1	1	1	1	75.66	0	0.986	0	0.006	0.008	2
1	1	1	1	0	0	0	0	0	1	.	0	0	0.024	0.001	0.975	5
1	1	1	0	1	0	1	1	1	1	63.76	0.012	0.486	0	0.23	0.272	2
0	1	1	1	1	1	1	1	0	1	59.17	0.045	0.504	0	0.004	0.447	2
0	1	1	0	1	1	1	0	1	1	71.89	0.242	0.279	0.001	0.098	0.381	5
1	1	1	1	1	0	0	1	1	0	57.2	0.001	0.319	0	0.004	0.676	5
1	1	1	0	1	1	1	1	1	1	63.63	0.005	0.788	0	0.191	0.017	2
1	1	1	1	1	1	0	1	0	1	73.4	0.002	0.267	0	0.003	0.728	5
0	0	1	1	1	1	1	1	1	1	.	0.573	0.398	0	0.003	0.026	1
1	1	1	1	1	1	1	1	1	1	44.45	0	0.986	0	0.006	0.008	2
1	0	1	0	0	0	1	0	0	1	61.54	0.1	0	0.34	0.042	0.518	5
1	1	1	1	1	1	1	0	0	0	83.4	0.001	0.163	0	0.004	0.831	5
1	1	1	1	1	0	0	1	1	1	48.01	0.001	0.319	0	0.004	0.676	5
1	0	1	1	1	1	1	0	1	1	51.97	0.091	0.648	0	0.014	0.246	2
1	1	1	0	0	0	1	0	0	0	50.22	0.005	0	0.02	0.093	0.882	5
1	1	1	0	0	1	1	1	1	1	51.91	0.004	0.027	0	0.964	0.004	4
0	1	1	1	1	0	0	1	1	0	72	0.021	0.121	0.001	0.001	0.855	5
1	0	1	1	1	1	1	1	1	0	.	0.035	0.936	0	0.01	0.019	2
1	1	1	1	1	1	1	1	1	0	45.5	0	0.986	0	0.006	0.008	2
1	1	1	1	1	1	1	1	1	0	57.82	0	0.986	0	0.006	0.008	2
1	0	1	1	0	1	.	1	1	1	.	0.294	0.235	0	0.388	0.083	4
1	1	1	1	1	1	1	1	0	0	56.25	0.002	0.78	0	0.009	0.208	2
1	1	1	1	1	1	1	1	1	1	59.51	0	0.986	0	0.006	0.008	2
0	1	1	1	1	0	0	0	0	1	63	0.001	0	0.068	0	0.931	5
0	0	0	.	0	1	1	1	1	1	44.39	0.993	0	0	0.006	0.001	1
1	1	1	0	0	1	0	1	1	1	.	0.011	0.025	0	0.923	0.041	4
1	1	1	1	1	1	1	1	1	0	69.8	0	0.986	0	0.006	0.008	2
0	0	1	0	1	.	.	0	0	1	54.3	0.114	0	0.776	0	0.11	3
0	0	0	1	0	1	0	1	1	1	.	0.989	0	0.005	0.001	0.004	1
1	1	1	0	0	0	0	0	0	0	36.55	0.001	0	0.141	0.009	0.848	5
1	0	1	1	1	1	1	1	1	0	55.23	0.035	0.936	0	0.01	0.019	2
1	1	0	1	1	1	0	1	1	1	.	0.027	0.792	0	0.013	0.169	2
1	1	1	1	1	1	1	1	1	0	59.1	0	0.986	0	0.006	0.008	2
1	1	1	1	1	1	1	1	1	1	63.73	0	0.986	0	0.006	0.008	2
1	1	1	0	0	1	1	1	1	0	.	0.004	0.027	0	0.964	0.004	4
1	1	0	0	0	1	1	1	1	0	42.31	0.048	0.01	0	0.938	0.004	4
0	1	1	0	1	0	0	1	0	0	.	0.022	0.001	0.068	0.001	0.908	5
1	1	1	1	1	0	.	1	1	1	69.84	0.001	0.669	0	0.008	0.322	2
1	1	1	0	0	0	0	0	0	1	35.41	0.001	0	0.141	0.009	0.848	5
1	1	1	1	1	1	1	1	1	1	56.45	0	0.986	0	0.006	0.008	2
0	0	1	0	1	1	1	.	.	1	36.11	0.928	0.03	0.005	0.011	0.026	1
0	0	0	0	0	0	1	1	0	1	63.47	0.766	0	0.227	0.001	0.006	1
0	0	1	1	1	0	0	0	0	0	80.48	0.01	0	0.669	0	0.321	3
0	0	0	0	1	1	1	1	1	1	60.97	0.996	0.002	0	0.001	0.001	1
0	0	1	.	1	1	1	1	1	1	59.43	0.785	0.19	0	0.01	0.015	1
1	1	1	0	1	1	1	1	1	0	59.89	0.005	0.788	0	0.191	0.017	2
0	0	0	0	0	0	0	0	0	0	49.69	0.004	0	0.996	0	0.001	3
1	1	1	1	1	1	1	1	0	1	71.24	0.002	0.78	0	0.009	0.208	2
0	1	1	1	1	1	1	1	1	0	72.58	0.015	0.956	0	0.004	0.025	2
0	1	1	1	1	1	1	1	0	0	85.91	0.045	0.504	0	0.004	0.447	2
0	0	0	0	0	0	0	0	0	0	36.45	0.004	0	0.996	0	0.001	3
1	1	1	1	0	1	1	0	1	1	60.63	0.01	0.254	0	0.441	0.295	4
1	1	.	1	1	1	0	1	1	0	69.23	0.002	0.911	0	0.006	0.08	2
0	1	1	0	1	1	1	1	1	0	61.54	0.157	0.676	0	0.118	0.048	2
0	0	0	0	1	0	1	1	0	0	51.68	0.819	0	0.159	0	0.022	1
1	1	1	1	1	1	1	1	1	1	.	0	0.986	0	0.006	0.008	2
0	0	1	1	1	0	0	1	0	1	62.91	0.111	0.001	0.209	0	0.679	5
1	1	.	1	1	1	1	.	.	0	44.5	0.001	0.952	0	0.007	0.04	2
1	1	1	.	0	1	1	1	1	0	37.67	0.005	0.153	0	0.831	0.011	4
1	1	1	1	1	0	1	1	1	0	64.66	0.001	0.819	0	0.009	0.17	2
1	0	0	0	1	1	1	1	1	1	.	0.879	0.052	0	0.062	0.007	1
1	0	0	1	1	1	0	1	0	1	79.27	0.473	0.025	0.049	0.002	0.452	1
1	1	1	1	1	1	0	1	1	0	63.91	0.001	0.918	0	0.006	0.075	2
1	1	1	1	1	1	1	1	1	1	77.04	0	0.986	0	0.006	0.008	2
1	1	1	1	1	1	1	1	1	0	51.54	0	0.986	0	0.006	0.008	2
0	1	0	1	0	1	0	0	0	0	40.62	0.064	0	0.635	0.001	0.3	3
0	1	1	1	1	1	.	.	.	1	46.84	0.02	0.749	0.001	0.004	0.226	2
1	0	1	1	1	0	0	1	1	1	54.42	0.064	0.148	0.002	0.003	0.782	5
0	0	0	0	0	0	0	0	0	0	37.69	0.004	0	0.996	0	0.001	3
0	0	1	1	1	0	0	0	0	1	59.5	0.01	0	0.669	0	0.321	3
1	1	1	1	1	1	1	1	1	0	64.94	0	0.986	0	0.006	0.008	2
1	1	0	0	0	1	1	1	1	1	59.17	0.048	0.01	0	0.938	0.004	4
0	0	0	1	0	1	1	0	.	0	51.04	0.921	0	0.066	0.001	0.012	1
1	1	1	1	1	1	1	1	1	1	62.37	0	0.986	0	0.006	0.008	2
0	1	1	0	1	0	0	1	1	1	62.59	0.115	0.043	0.009	0.016	0.818	5
0	0	1	0	1	1	1	1	1	0	56.64	0.935	0.043	0	0.014	0.008	1
1	1	1	1	1	1	1	1	1	0	.	0	0.986	0	0.006	0.008	2
1	0	1	0	0	1	1	1	1	0	52.83	0.179	0.012	0	0.804	0.005	4
1	1	1	0	1	1	1	1	1	1	42.5	0.005	0.788	0	0.191	0.017	2
1	1	1	1	1	0	0	0	0	1	38.01	0	0.001	0.005	0	0.995	5
1	1	1	1	1	1	1	1	0	1	68.74	0.002	0.78	0	0.009	0.208	2
1	1	1	1	1	0	1	1	1	1	.	0.001	0.819	0	0.009	0.17	2
1	1	1	1	1	1	1	1	0	1	.	0.002	0.78	0	0.009	0.208	2
1	1	1	1	1	1	1	1	1	0	64.31	0	0.986	0	0.006	0.008	2
1	1	1	0	0	1	1	1	1	0	.	0.004	0.027	0	0.964	0.004	4
1	1	0	0	0	0	1	1	1	0	40.81	0.089	0.005	0.001	0.853	0.052	4
1	1	0	0	0	1	1	1	1	1	.	0.048	0.01	0	0.938	0.004	4
1	1	1	1	1	0	0	1	1	0	51.68	0.001	0.319	0	0.004	0.676	5
1	1	1	1	1	0	0	1	0	1	60.39	0	0.014	0.001	0	0.985	5
1	1	1	0	1	1	1	0	1	0	75.12	0.012	0.522	0	0.253	0.214	2
1	1	1	0	0	1	1	1	1	0	38.38	0.004	0.027	0	0.964	0.004	4
1	1	1	1	1	1	1	1	1	1	52.94	0	0.986	0	0.006	0.008	2
0	0	1	1	1	1	1	0	0	1	52.84	0.406	0.013	0.035	0	0.546	5
0	1	0	0	1	0	1	0	0	1	54.25	0.066	0	0.592	0	0.341	3
1	1	1	1	0	0	1	1	1	0	44.83	0.01	0.231	0	0.393	0.366	4
1	1	1	1	1	1	1	1	1	1	68.83	0	0.986	0	0.006	0.008	2
1	1	1	1	1	1	1	1	1	0	62.01	0	0.986	0	0.006	0.008	2
0	0	1	1	1	0	0	0	0	0	67.46	0.01	0	0.669	0	0.321	3
1	1	.	1	1	1	1	1	1	0	65.24	0.001	0.984	0	0.006	0.008	2
1	1	1	1	1	1	1	1	1	0	66.09	0	0.986	0	0.006	0.008	2
1	1	1	1	1	1	1	1	1	0	.	0	0.986	0	0.006	0.008	2
0	0	0	0	1	0	0	0	0	1	.	0.006	0	0.991	0	0.003	3
1	1	1	1	1	0	0	0	0	0	70.53	0	0.001	0.005	0	0.995	5
0	0	1	1	1	0	0	1	1	1	.	0.46	0.028	0.022	0	0.489	5
0	0	0	1	1	0	0	1	1	1	.	0.834	0.002	0.086	0	0.078	1
1	1	1	1	1	1	1	1	1	1	62.68	0	0.986	0	0.006	0.008	2
1	1	1	1	1	1	1	1	1	1	72.33	0	0.986	0	0.006	0.008	2
1	1	1	1	1	1	1	1	1	0	74.3	0	0.986	0	0.006	0.008	2
0	0	1	1	1	0	0	1	1	1	45.82	0.46	0.028	0.022	0	0.489	5
1	1	1	0	1	0	1	1	1	1	.	0.012	0.486	0	0.23	0.272	2
0	0	0	1	1	0	0	0	0	1	.	0.007	0	0.974	0	0.019	3
1	1	1	1	1	1	0	1	1	1	.	0.001	0.918	0	0.006	0.075	2
1	1	1	0	1	1	0	1	1	1	67.71	0.012	0.67	0	0.171	0.148	2
1	0	1	1	1	1	1	1	1	1	47.35	0.035	0.936	0	0.01	0.019	2
1	1	1	1	1	1	1	1	1	0	52.29	0	0.986	0	0.006	0.008	2
0	0	1	0	1	0	0	1	0	0	.	0.228	0	0.524	0	0.248	3
0	0	0	0	0	1	1	1	1	0	45.51	0.992	0	0	0.007	0	1
1	1	1	1	1	1	1	0	1	1	66.85	0.001	0.858	0	0.01	0.13	2
0	1	1	1	1	1	0	1	1	0	.	0.033	0.758	0	0.003	0.205	2
0	0	1	1	1	1	0	1	0	1	64.89	0.488	0.02	0.032	0	0.46	1
1	1	1	0	0	1	1	1	1	0	48.15	0.004	0.027	0	0.964	0.004	4
0	0	0	0	0	1	0	0	0	0	.	0.099	0	0.899	0	0.002	3
1	1	1	1	1	0	0	0	1	1	69.02	0	0.024	0.001	0.001	0.974	5
0	0	0	0	1	1	0	1	1	1	.	0.992	0.001	0.004	0	0.003	1
0	0	0	0	0	0	0	1	1	1	55.41	0.834	0	0.161	0.001	0.004	1
1	1	1	0	1	1	1	1	1	1	74.21	0.005	0.788	0	0.191	0.017	2
1	1	1	1	1	1	1	1	1	0	64.06	0	0.986	0	0.006	0.008	2
0	0	0	0	0	1	1	0	1	0	38.48	0.986	0	0.009	0.004	0.001	1
0	1	1	0	1	1	1	1	0	0	60.5	0.265	0.195	0.001	0.071	0.468	5
1	0	1	1	1	1	.	.	0	1	54.65	0.073	0.231	0.008	0.006	0.683	5
1	1	1	0	1	1	1	1	1	0	71.31	0.005	0.788	0	0.191	0.017	2
1	1	1	1	0	1	0	1	1	0	57.4	0.012	0.39	0	0.356	0.243	2
1	1	1	1	1	0	1	1	1	1	55.02	0.001	0.819	0	0.009	0.17	2
0	1	1	1	0	0	0	0	1	0	65.17	0.016	0.001	0.052	0.002	0.929	5
1	1	1	1	1	0	1	1	1	0	44.75	0.001	0.819	0	0.009	0.17	2
1	1	1	0	1	1	1	1	1	1	56.95	0.005	0.788	0	0.191	0.017	2
0	0	0	0	0	1	1	1	1	1	58.74	0.992	0	0	0.007	0	1
1	1	1	0	1	1	0	1	1	0	53.7	0.012	0.67	0	0.171	0.148	2
0	0	0	0	1	0	0	1	0	1	49.48	0.164	0	0.821	0	0.016	3
1	1	0	.	.	.	1	.	1	0	44.79	0.046	0.515	0	0.356	0.082	2
1	1	1	0	1	0	1	1	1	1	64.42	0.012	0.486	0	0.23	0.272	2
0	0	0	0	0	1	0	1	1	1	49.71	0.99	0	0.007	0.003	0.001	1
1	1	1	0	0	0	0	0	0	1	51.89	0.001	0	0.141	0.009	0.848	5
1	1	1	1	1	1	1	1	1	1	74.26	0	0.986	0	0.006	0.008	2
1	1	1	0	.	1	1	0	1	1	.	0.009	0.214	0	0.667	0.11	4
0	0	1	0	1	1	0	1	0	0	.	0.799	0.002	0.063	0.002	0.134	1
0	1	1	0	1	1	1	1	1	1	70.03	0.157	0.676	0	0.118	0.048	2
0	1	0	1	0	0	0	1	1	1	46.16	0.44	0.003	0.092	0.011	0.453	5
1	1	1	1	1	1	0	1	1	1	.	0.001	0.918	0	0.006	0.075	2
0	0	0	1	1	1	1	1	1	0	67.57	0.973	0.023	0	0	0.004	1
1	1	1	1	0	1	0	1	1	0	66.51	0.012	0.39	0	0.356	0.243	2
1	1	1	1	1	1	1	0	0	0	53.16	0.001	0.163	0	0.004	0.831	5
0	0	0	0	0	0	0	0	0	1	30.46	0.004	0	0.996	0	0.001	3
0	0	0	0	0	1	1	1	1	0	51.66	0.992	0	0	0.007	0	1
1	1	1	1	1	1	1	1	1	0	70.4	0	0.986	0	0.006	0.008	2
1	1	1	0	1	1	1	1	1	1	38.05	0.005	0.788	0	0.191	0.017	2
1	1	1	1	1	1	1	1	1	0	78.32	0	0.986	0	0.006	0.008	2
0	0	1	0	0	1	1	1	1	0	60.35	0.918	0.002	0	0.078	0.002	1
1	0	1	0	0	1	1	1	1	1	39.47	0.179	0.012	0	0.804	0.005	4
1	1	1	1	1	1	1	1	1	1	52.86	0	0.986	0	0.006	0.008	2
1	1	1	1	1	1	1	1	1	0	77.6	0	0.986	0	0.006	0.008	2
.	1	1	1	0	1	1	1	1	0	80.39	0.026	0.508	0	0.428	0.038	2
0	0	0	0	0	0	1	0	0	0	.	0.089	0	0.908	0	0.004	3
0	0	1	.	1	0	0	0	0	1	71.02	0.011	0	0.84	0	0.149	3
1	1	1	1	1	0	1	1	0	1	56.01	0.001	0.126	0	0.003	0.87	5
1	1	1	0	0	0	0	1	1	1	30.41	0.015	0.008	0.001	0.611	0.364	4
1	1	1	1	0	1	.	1	1	0	68.87	0.007	0.493	0	0.431	0.07	2
1	1	1	1	1	1	1	1	0	1	56.26	0.002	0.78	0	0.009	0.208	2
1	0	1	0	1	1	0	1	1	1	56.91	0.445	0.273	0.001	0.132	0.15	1
1	0	1	0	0	0	0	0	0	0	49.18	0.009	0	0.817	0.001	0.173	3
1	1	1	.	1	1	1	1	0	1	43.24	0.005	0.709	0	0.054	0.232	2
1	1	0	0	1	1	1	1	0	0	.	0.2	0.191	0.001	0.248	0.359	5
1	0	0	1	0	1	1	1	1	1	49.52	0.837	0.029	0	0.122	0.011	1
1	1	0	0	0	1	1	1	1	0	66.54	0.048	0.01	0	0.938	0.004	4
1	1	1	0	0	1	1	1	1	0	.	0.004	0.027	0	0.964	0.004	4
1	1	1	1	1	1	1	1	1	0	59.14	0	0.986	0	0.006	0.008	2
1	1	1	1	1	0	0	1	1	0	.	0.001	0.319	0	0.004	0.676	5
1	1	1	1	1	0	0	1	1	1	43.73	0.001	0.319	0	0.004	0.676	5
0	0	0	0	0	0	0	0	0	0	53.94	0.004	0	0.996	0	0.001	3
1	1	1	1	1	1	1	1	1	1	71.3	0	0.986	0	0.006	0.008	2
0	1	1	1	1	1	1	1	1	0	58.47	0.015	0.956	0	0.004	0.025	2
0	0	0	.	1	0	1	0	0	1	40.51	0.13	0	0.827	0	0.043	3
1	1	1	1	1	0	0	1	1	1	60.66	0.001	0.319	0	0.004	0.676	5
0	1	0	1	1	1	0	0	1	0	74.54	0.24	0.05	0.039	0.001	0.67	5
1	1	1	1	1	0	1	1	1	1	59.98	0.001	0.819	0	0.009	0.17	2
1	1	1	0	1	1	0	1	1	1	.	0.012	0.67	0	0.171	0.148	2
1	0	1	1	1	1	1	1	1	1	54.03	0.035	0.936	0	0.01	0.019	2
1	1	1	0	0	0	1	1	1	1	72.51	0.008	0.013	0	0.922	0.057	4
1	1	1	.	0	1	0	0	1	1	75.19	0.012	0.037	0.001	0.419	0.531	5
0	1	1	0	1	0	1	1	0	1	63.11	0.078	0.014	0.009	0.01	0.889	5
1	1	1	1	1	1	1	1	1	1	.	0	0.986	0	0.006	0.008	2
1	1	1	1	1	1	1	0	1	1	63.81	0.001	0.858	0	0.01	0.13	2
1	1	1	0	0	1	1	1	1	1	.	0.004	0.027	0	0.964	0.004	4
1	1	1	1	1	1	1	1	1	0	54.82	0	0.986	0	0.006	0.008	2
1	1	1	1	1	0	0	0	0	0	.	0	0.001	0.005	0	0.995	5
1	1	1	1	1	0	1	0	0	0	82.24	0	0.008	0.001	0	0.991	5
0	1	0	0	1	1	0	0	0	0	54.23	0.085	0	0.673	0	0.241	3
1	0	1	1	1	0	1	1	1	1	71.13	0.089	0.591	0	0.013	0.306	2
0	0	1	1	1	0	0	0	0	1	68.92	0.01	0	0.669	0	0.321	3
0	0	0	0	0	1	.	1	1	1	40.08	0.991	0	0.002	0.006	0	1
0	0	0	0	1	1	1	1	0	0	38.07	0.989	0	0.007	0	0.004	1
0	0	1	1	0	0	0	1	1	0	39.56	0.72	0.002	0.052	0.004	0.223	1
1	1	1	1	1	0	0	1	0	0	.	0	0.014	0.001	0	0.985	5
1	0	1	0	1	1	0	1	1	1	53.17	0.445	0.273	0.001	0.132	0.15	1
1	1	1	0	0	1	1	1	1	0	.	0.004	0.027	0	0.964	0.004	4
1	1	1	1	1	1	1	0	0	1	62.35	0.001	0.163	0	0.004	0.831	5
1	0	0	1	1	0	0	1	0	0	68.66	0.098	0.001	0.293	0	0.607	5
1	1	1	1	1	1	1	1	1	1	70.18	0	0.986	0	0.006	0.008	2
0	0	0	0	1	1	1	1	1	1	51.57	0.996	0.002	0	0.001	0.001	1
1	1	1	1	1	1	0	1	1	1	.	0.001	0.918	0	0.006	0.075	2
0	0	1	0	0	0	0	0	1	1	55.56	0.23	0	0.703	0.002	0.065	3
0	1	1	0	0	0	0	0	0	0	59.23	0.004	0	0.721	0.001	0.274	3
1	1	1	1	0	1	1	1	1	0	75.18	0.005	0.516	0	0.447	0.031	2
1	1	1	1	1	1	1	1	0	1	72.83	0.002	0.78	0	0.009	0.208	2
1	1	1	1	.	1	1	1	1	0	73.68	0.001	0.954	0	0.036	0.009	2
1	1	1	1	1	1	1	1	1	0	57.12	0	0.986	0	0.006	0.008	2
1	0	1	1	0	1	1	1	1	1	.	0.261	0.264	0	0.434	0.04	4
1	0	1	1	1	1	0	1	1	0	60.93	0.081	0.756	0	0.009	0.154	2
1	1	1	1	1	1	0	1	1	1	.	0.001	0.918	0	0.006	0.075	2
1	1	1	1	1	1	1	1	1	1	52.81	0	0.986	0	0.006	0.008	2
1	1	0	0	1	0	1	0	1	0	71.02	0.078	0.029	0.013	0.072	0.808	5
1	1	1	1	1	1	1	1	1	0	60.82	0	0.986	0	0.006	0.008	2
0	0	0	0	0	0	0	0	0	0	61.54	0.004	0	0.996	0	0.001	3
1	1	1	1	1	1	1	1	1	0	78.72	0	0.986	0	0.006	0.008	2
0	0	0	1	1	0	0	1	1	1	46.02	0.834	0.002	0.086	0	0.078	1
0	1	1	1	0	0	0	1	0	1	47.28	0.014	0.001	0.053	0.001	0.931	5
1	1	1	1	1	0	1	1	0	1	.	0.001	0.126	0	0.003	0.87	5
1	1	1	1	1	0	1	1	1	1	81.75	0.001	0.819	0	0.009	0.17	2
1	1	1	0	1	1	1	1	1	0	70.99	0.005	0.788	0	0.191	0.017	2
1	1	1	1	0	0	1	0	0	0	44.83	0.001	0.001	0.003	0.007	0.988	5
1	0	0	1	1	0	0	0	0	0	44.4	0.007	0	0.76	0	0.233	3
1	0	1	0	0	1	1	1	1	1	43.99	0.179	0.012	0	0.804	0.005	4
1	1	1	1	1	1	1	1	1	1	50.55	0	0.986	0	0.006	0.008	2
1	1	1	0	0	1	0	1	1	1	43.21	0.011	0.025	0	0.923	0.041	4
1	1	0	1	1	0	1	0	0	1	.	0.003	0.003	0.016	0	0.978	5
1	1	1	1	1	1	1	0	1	1	73.93	0.001	0.858	0	0.01	0.13	2
0	1	1	0	1	0	0	1	1	0	42.97	0.115	0.043	0.009	0.016	0.818	5
1	1	0	0	1	1	1	1	1	1	66.81	0.096	0.536	0	0.338	0.03	2
1	1	0	0	0	1	1	1	0	0	.	0.117	0.004	0.001	0.816	0.061	4
1	1	1	1	1	1	1	1	1	1	72.19	0	0.986	0	0.006	0.008	2
1	1	1	0	0	1	1	1	1	1	66.7	0.004	0.027	0	0.964	0.004	4
1	1	1	1	1	1	1	1	1	0	76.58	0	0.986	0	0.006	0.008	2
1	1	1	1	1	0	0	1	1	1	79.76	0.001	0.319	0	0.004	0.676	5
0	1	1	0	0	0	0	0	0	0	64.88	0.004	0	0.721	0.001	0.274	3
1	1	1	1	1	1	1	1	1	0	89.09	0	0.986	0	0.006	0.008	2
0	0	1	1	1	1	1	1	1	0	.	0.573	0.398	0	0.003	0.026	1
0	1	1	1	0	1	1	.	.	0	.	0.173	0.307	0.001	0.213	0.305	2
1	1	1	0	1	1	0	1	0	0	63.93	0.011	0.111	0.001	0.058	0.818	5
0	0	0	0	1	1	.	1	1	1	62.57	0.995	0.001	0.002	0.001	0.001	1
0	0	1	0	1	1	1	1	0	1	.	0.941	0.007	0.003	0.005	0.044	1
1	0	1	1	1	1	0	0	1	1	45.75	0.076	0.188	0.003	0.004	0.729	5
1	1	1	0	0	1	1	1	1	0	55.39	0.004	0.027	0	0.964	0.004	4
1	0	1	0	1	1	0	1	1	1	66.64	0.445	0.273	0.001	0.132	0.15	1
1	1	1	1	1	1	0	1	1	1	.	0.001	0.918	0	0.006	0.075	2
0	0	0	0	1	0	0	1	1	1	44.78	0.874	0	0.111	0	0.015	1
1	0	0	0	1	1	1	1	1	0	.	0.879	0.052	0	0.062	0.007	1
1	1	0	0	1	1	1	1	1	1	76.1	0.096	0.536	0	0.338	0.03	2
0	0	0	0	0	1	1	1	0	0	56.8	0.986	0	0.01	0.003	0.001	1
1	1	1	1	1	1	1	1	1	0	64.77	0	0.986	0	0.006	0.008	2
1	1	1	1	1	0	1	1	0	0	59.84	0.001	0.126	0	0.003	0.87	5
1	1	1	1	1	1	1	1	0	0	45.93	0.002	0.78	0	0.009	0.208	2
1	1	1	0	0	1	0	1	1	1	66.38	0.011	0.025	0	0.923	0.041	4
1	1	1	1	1	1	1	1	1	1	73.04	0	0.986	0	0.006	0.008	2
0	1	1	0	1	0	0	1	1	0	34.74	0.115	0.043	0.009	0.016	0.818	5
1	1	1	1	1	1	1	1	1	0	49.44	0	0.986	0	0.006	0.008	2
1	1	1	1	1	1	1	1	1	0	66.29	0	0.986	0	0.006	0.008	2
1	0	1	1	1	1	1	1	1	1	71.6	0.035	0.936	0	0.01	0.019	2
0	1	1	0	0	1	1	1	1	1	75.66	0.182	0.03	0	0.771	0.016	4
1	1	1	0	1	0	1	0	0	1	56.62	0.001	0.003	0.004	0.005	0.986	5
0	1	1	1	1	1	0	1	1	1	49.97	0.033	0.758	0	0.003	0.205	2
1	1	1	1	1	1	1	1	1	0	.	0	0.986	0	0.006	0.008	2
0	0	1	0	1	0	0	0	0	0	33.56	0.012	0	0.924	0	0.065	3
0	0	0	0	.	0	0	0	.	1	45.71	0.018	0	0.98	0	0.002	3
1	1	0	0	0	0	0	1	1	0	.	0.146	0.003	0.027	0.516	0.308	4
0	0	0	1	1	0	0	0	0	0	47.62	0.007	0	0.974	0	0.019	3
0	0	1	0	0	0	0	1	0	1	.	0.208	0	0.725	0.001	0.066	3
0	0	0	1	1	0	0	0	0	0	.	0.007	0	0.974	0	0.019	3
1	1	1	1	0	0	1	1	1	0	59.34	0.01	0.231	0	0.393	0.366	4
1	1	1	1	1	1	0	1	1	0	36.26	0.001	0.918	0	0.006	0.075	2
1	1	0	1	1	1	1	0	1	0	68.18	0.03	0.679	0	0.021	0.27	2
1	1	1	0	0	1	1	1	1	0	74.13	0.004	0.027	0	0.964	0.004	4
1	1	1	1	1	1	1	1	1	0	40.28	0	0.986	0	0.006	0.008	2
1	1	0	1	1	1	0	1	1	1	62.44	0.027	0.792	0	0.013	0.169	2
0	0	1	0	0	0	0	0	0	0	29.95	0.008	0	0.979	0	0.013	3
1	1	1	0	0	1	1	1	1	0	.	0.004	0.027	0	0.964	0.004	4
0	1	1	1	1	0	0	1	0	0	64.8	0.004	0.004	0.011	0	0.981	5
1	1	1	0	0	1	1	1	1	1	54.48	0.004	0.027	0	0.964	0.004	4
1	0	1	0	1	1	0	1	1	1	49.12	0.445	0.273	0.001	0.132	0.15	1
1	1	1	0	0	1	1	1	1	0	50.41	0.004	0.027	0	0.964	0.004	4
0	0	0	0	0	0	0	0	1	0	60.05	0.13	0	0.867	0	0.003	3
1	1	1	1	1	1	1	1	1	0	73.01	0	0.986	0	0.006	0.008	2
1	1	1	1	1	1	1	1	1	1	58.37	0	0.986	0	0.006	0.008	2
1	1	1	1	1	1	1	1	1	1	56.36	0	0.986	0	0.006	0.008	2
1	0	1	0	0	0	1	1	1	1	42.66	0.295	0.005	0.001	0.647	0.052	4
0	1	1	1	1	1	1	1	1	0	64.99	0.015	0.956	0	0.004	0.025	2
1	0	1	0	0	1	1	1	1	1	45.47	0.179	0.012	0	0.804	0.005	4
1	1	1	0	0	0	0	0	0	0	.	0.001	0	0.141	0.009	0.848	5
0	1	1	0	0	.	0	1	0	1	.	0.15	0.001	0.171	0.073	0.605	5
0	1	0	0	1	1	0	1	1	1	70.41	0.849	0.043	0.005	0.021	0.083	1
0	0	1	0	0	1	0	0	0	1	.	0.185	0	0.768	0.001	0.046	3
1	1	1	1	1	1	0	1	1	0	.	0.001	0.918	0	0.006	0.075	2
1	0	0	0	1	1	0	1	1	0	66.11	0.926	0.019	0.003	0.024	0.027	1
1	1	1	1	1	0	1	0	1	0	62.78	0.001	0.201	0	0.005	0.793	5
1	1	1	1	1	1	1	1	1	0	62.63	0	0.986	0	0.006	0.008	2
1	1	1	1	1	1	1	1	1	0	85.84	0	0.986	0	0.006	0.008	2
1	1	1	1	1	0	0	1	1	0	.	0.001	0.319	0	0.004	0.676	5
1	0	1	0	0	1	1	1	1	0	43.84	0.179	0.012	0	0.804	0.005	4
1	1	1	1	1	1	1	1	1	0	35.86	0	0.986	0	0.006	0.008	2
0	0	0	0	1	0	1	0	1	1	55.61	0.837	0	0.143	0	0.02	1
0	1	1	0	0	1	1	1	0	0	.	0.328	0.009	0.002	0.491	0.169	4
0	1	1	0	1	1	1	1	1	1	58.35	0.157	0.676	0	0.118	0.048	2
1	1	1	1	1	1	1	1	1	1	70.64	0	0.986	0	0.006	0.008	2
1	1	1	1	1	1	1	1	1	0	53.25	0	0.986	0	0.006	0.008	2
0	0	1	0	1	0	0	1	1	0	.	0.797	0.003	0.046	0.002	0.151	1
1	1	1	1	1	1	1	1	1	1	61.89	0	0.986	0	0.006	0.008	2
1	0	0	0	0	1	1	1	0	0	42.17	0.861	0	0.006	0.12	0.012	1
0	0	1	0	1	0	0	1	0	1	56.43	0.228	0	0.524	0	0.248	3
1	1	1	1	1	1	0	0	1	0	42.71	0.002	0.389	0	0.005	0.604	5
1	1	1	1	1	1	1	1	1	0	56.19	0	0.986	0	0.006	0.008	2
0	0	1	0	1	1	1	1	1	1	46.24	0.935	0.043	0	0.014	0.008	1
0	1	1	1	1	1	1	1	0	1	56.12	0.045	0.504	0	0.004	0.447	2
0	0	1	0	1	1	1	1	1	0	52.21	0.935	0.043	0	0.014	0.008	1
1	0	1	0	0	0	1	1	1	1	.	0.295	0.005	0.001	0.647	0.052	4
1	0	0	1	0	1	1	1	1	0	.	0.837	0.029	0	0.122	0.011	1
1	1	1	0	0	1	1	1	1	0	43.82	0.004	0.027	0	0.964	0.004	4
1	0	1	1	1	1	1	1	1	1	61.29	0.035	0.936	0	0.01	0.019	2
1	1	1	1	1	1	1	1	1	0	80.61	0	0.986	0	0.006	0.008	2
1	1	1	1	1	1	.	1	1	0	46.11	0	0.976	0	0.006	0.018	2
1	1	1	1	1	1	0	1	1	0	.	0.001	0.918	0	0.006	0.075	2
1	1	1	0	1	1	1	1	1	1	79.41	0.005	0.788	0	0.191	0.017	2
1	1	1	1	1	1	1	0	1	0	60.53	0.001	0.858	0	0.01	0.13	2
1	1	1	1	1	1	1	1	1	1	65.11	0	0.986	0	0.006	0.008	2
1	0	1	0	1	1	1	1	1	1	60.68	0.274	0.48	0	0.22	0.026	2
1	1	1	0	1	1	1	1	1	1	66.54	0.005	0.788	0	0.191	0.017	2
0	1	1	1	1	0	0	1	0	1	58.32	0.004	0.004	0.011	0	0.981	5
1	1	1	1	1	1	1	0	0	0	72.54	0.001	0.163	0	0.004	0.831	5
0	0	1	0	0	1	0	0	0	1	72.02	0.185	0	0.768	0.001	0.046	3
1	1	1	1	1	0	1	0	0	0	90.56	0	0.008	0.001	0	0.991	5
1	1	1	0	1	1	1	1	1	1	60.18	0.005	0.788	0	0.191	0.017	2
1	1	1	.	1	1	1	1	1	0	73.6	0.001	0.954	0	0.035	0.009	2
0	1	0	1	1	1	0	1	0	0	.	0.224	0.03	0.042	0.001	0.703	5
1	1	1	1	1	1	1	1	1	1	68.09	0	0.986	0	0.006	0.008	2
1	1	1	1	1	1	1	1	1	1	62.91	0	0.986	0	0.006	0.008	2
0	0	0	0	0	1	1	1	1	1	67.89	0.992	0	0	0.007	0	1
0	0	1	1	1	1	1	0	0	0	55.63	0.406	0.013	0.035	0	0.546	5
1	1	1	1	1	0	0	1	1	0	66.57	0.001	0.319	0	0.004	0.676	5
1	1	1	1	1	1	1	1	1	1	51.04	0	0.986	0	0.006	0.008	2
1	1	0	1	1	1	0	0	0	1	.	0.005	0.007	0.025	0	0.963	5
1	1	1	1	1	1	1	0	0	0	66.14	0.001	0.163	0	0.004	0.831	5
1	1	1	1	1	1	1	1	1	0	75.62	0	0.986	0	0.006	0.008	2
1	1	1	1	1	1	1	1	1	0	53.2	0	0.986	0	0.006	0.008	2
0	0	0	0	1	1	1	1	1	0	.	0.996	0.002	0	0.001	0.001	1
0	0	0	0	0	1	1	1	1	1	33.39	0.992	0	0	0.007	0	1
1	1	1	1	1	1	0	0	0	1	54.31	0	0.019	0.001	0	0.979	5
1	0	1	1	1	1	1	1	1	0	44.77	0.035	0.936	0	0.01	0.019	2
1	1	1	1	1	1	0	1	1	0	.	0.001	0.918	0	0.006	0.075	2
0	1	0	1	1	0	0	0	0	1	76.65	0.003	0	0.643	0	0.353	3
1	1	1	1	0	1	1	1	1	1	44.14	0.005	0.516	0	0.447	0.031	2
1	1	1	0	0	0	1	0	1	1	55.03	0.011	0.004	0.001	0.621	0.363	4
0	0	0	1	1	1	1	1	1	1	61.62	0.973	0.023	0	0	0.004	1
1	1	1	0	1	1	1	1	1	0	75.4	0.005	0.788	0	0.191	0.017	2
1	1	1	1	1	1	1	0	1	1	65.13	0.001	0.858	0	0.01	0.13	2
1	1	1	0	1	1	1	1	1	0	62.43	0.005	0.788	0	0.191	0.017	2
0	0	0	0	0	1	0	0	0	0	38.42	0.099	0	0.899	0	0.002	3
1	1	1	.	0	0	1	1	1	1	.	0.009	0.073	0	0.777	0.141	4
0	1	0	0	0	1	0	0	0	1	55.71	0.072	0	0.867	0.002	0.06	3
1	1	1	1	1	1	1	.	1	0	61.33	0	0.979	0	0.006	0.015	2
0	1	1	1	1	1	1	1	1	1	57.6	0.015	0.956	0	0.004	0.025	2
1	1	1	1	1	0	1	1	0	0	76.65	0.001	0.126	0	0.003	0.87	5
0	1	1	1	1	1	0	1	1	1	54.38	0.033	0.758	0	0.003	0.205	2
1	1	1	0	1	1	1	0	0	1	68.6	0.008	0.063	0.001	0.063	0.865	5
1	1	1	0	0	1	1	1	1	0	70.3	0.004	0.027	0	0.964	0.004	4
0	0	0	0	1	0	0	0	0	1	38.91	0.006	0	0.991	0	0.003	3
0	0	0	0	1	1	.	.	1	1	55.98	0.986	0.001	0.01	0.001	0.002	1
1	1	1	1	1	1	1	1	1	0	.	0	0.986	0	0.006	0.008	2
1	1	1	0	1	1	1	1	1	0	70.09	0.005	0.788	0	0.191	0.017	2
0	0	1	0	0	1	0	0	1	1	47.48	0.858	0	0.09	0.014	0.037	1
1	1	1	0	1	1	1	1	1	0	74.27	0.005	0.788	0	0.191	0.017	2
1	1	0	0	0	1	1	1	1	1	79.12	0.048	0.01	0	0.938	0.004	4
0	1	0	0	1	1	1	0	1	0	.	0.819	0.032	0.006	0.029	0.114	1
1	0	0	1	0	1	1	1	0	1	36.57	0.876	0.005	0.005	0.045	0.068	1
1	1	1	1	1	1	1	1	1	0	.	0	0.986	0	0.006	0.008	2
1	1	1	1	1	1	1	1	1	0	60.74	0	0.986	0	0.006	0.008	2
1	0	1	0	0	1	1	1	1	0	.	0.179	0.012	0	0.804	0.005	4
1	1	1	0	0	1	1	1	1	1	59.49	0.004	0.027	0	0.964	0.004	4
1	1	1	1	1	1	1	1	1	0	69.26	0	0.986	0	0.006	0.008	2
1	1	1	1	1	0	0	1	0	0	76.8	0	0.014	0.001	0	0.985	5
1	1	1	0	0	1	1	1	1	0	65.63	0.004	0.027	0	0.964	0.004	4
1	1	1	1	1	1	1	.	1	0	56.57	0	0.979	0	0.006	0.015	2
0	0	0	0	1	0	0	1	1	1	42.12	0.874	0	0.111	0	0.015	1
1	1	1	0	1	1	1	1	1	0	68.93	0.005	0.788	0	0.191	0.017	2
1	.	0	0	0	0	0	0	0	0	30.8	0.005	0	0.952	0	0.043	3
1	0	1	1	1	1	1	1	1	0	43.73	0.035	0.936	0	0.01	0.019	2
0	1	0	0	0	1	0	1	1	1	.	0.85	0.002	0.008	0.117	0.024	1
1	0	0	0	0	1	0	0	0	0	33.19	0.127	0	0.837	0.004	0.032	3
1	1	1	1	1	1	1	1	1	0	79.48	0	0.986	0	0.006	0.008	2
0	0	0	1	0	1	1	1	0	1	69.55	0.984	0	0.008	0.001	0.007	1
1	1	1	1	1	1	1	1	1	1	44.98	0	0.986	0	0.006	0.008	2
1	1	1	1	1	1	1	1	1	0	75.12	0	0.986	0	0.006	0.008	2
0	1	1	1	1	1	1	1	1	0	.	0.015	0.956	0	0.004	0.025	2
0	0	1	0	0	1	1	0	1	0	59.19	0.941	0	0.004	0.043	0.011	1
0	0	0	0	0	1	1	1	1	0	.	0.992	0	0	0.007	0	1
0	1	1	1	1	1	1	1	1	0	62.3	0.015	0.956	0	0.004	0.025	2
1	1	1	1	1	1	1	1	1	0	77.8	0	0.986	0	0.006	0.008	2
1	1	1	1	1	1	1	1	1	0	56.92	0	0.986	0	0.006	0.008	2
0	0	1	0	1	0	0	0	0	0	.	0.012	0	0.924	0	0.065	3
1	1	1	1	1	1	1	1	1	0	.	0	0.986	0	0.006	0.008	2
1	0	0	1	0	0	0	0	0	0	.	0.006	0	0.939	0	0.055	3
1	1	1	1	1	1	1	1	1	0	51.97	0	0.986	0	0.006	0.008	2
1	1	1	1	1	0	0	0	0	1	74.6	0	0.001	0.005	0	0.995	5
1	1	1	1	1	1	1	1	0	1	65.09	0.002	0.78	0	0.009	0.208	2
1	1	1	0	1	1	1	1	1	0	57.24	0.005	0.788	0	0.191	0.017	2
1	0	1	0	0	1	1	1	1	0	39.13	0.179	0.012	0	0.804	0.005	4
1	1	1	1	1	1	1	1	1	1	42.02	0	0.986	0	0.006	0.008	2
0	1	1	1	1	1	1	1	1	0	57.03	0.015	0.956	0	0.004	0.025	2
0	0	1	1	1	0	0	1	1	1	41.42	0.46	0.028	0.022	0	0.489	5
1	1	1	0	0	1	1	1	1	0	63.1	0.004	0.027	0	0.964	0.004	4
1	1	1	1	1	0	1	1	0	1	45.49	0.001	0.126	0	0.003	0.87	5
1	1	1	0	.	0	0	1	0	0	.	0.003	0.004	0.009	0.027	0.957	5
1	0	1	1	1	1	1	1	1	1	75.77	0.035	0.936	0	0.01	0.019	2
0	0	1	0	0	0	1	1	0	0	34.11	0.807	0	0.109	0.012	0.071	1
0	1	1	1	1	1	0	0	0	0	64.53	0.005	0.006	0.016	0	0.973	5
0	0	0	1	1	0	0	0	0	1	.	0.007	0	0.974	0	0.019	3
0	0	0	0	0	1	1	0	0	0	.	0.735	0	0.259	0.001	0.005	1
0	0	0	1	1	1	1	0	1	0	56.01	0.969	0.006	0.005	0	0.02	1
1	1	1	1	1	0	0	1	1	0	.	0.001	0.319	0	0.004	0.676	5
0	1	1	1	1	0	0	.	.	1	.	0.007	0.027	0.027	0	0.939	5
0	0	0	1	1	0	0	0	0	1	38.57	0.007	0	0.974	0	0.019	3
1	1	1	1	1	1	1	1	1	1	83.38	0	0.986	0	0.006	0.008	2
0	1	1	1	1	1	1	1	1	0	68.92	0.015	0.956	0	0.004	0.025	2
0	0	0	1	1	0	1	1	1	1	34.82	0.965	0.006	0.004	0	0.025	1
1	1	1	1	1	1	0	1	1	1	44.99	0.001	0.918	0	0.006	0.075	2
1	1	1	1	1	1	1	1	1	1	73.32	0	0.986	0	0.006	0.008	2
1	0	1	1	1	1	1	0	1	0	62.45	0.091	0.648	0	0.014	0.246	2
1	1	1	1	1	0	0	0	0	1	71.36	0	0.001	0.005	0	0.995	5
1	1	1	1	1	0	0	1	1	0	66.59	0.001	0.319	0	0.004	0.676	5
1	1	1	1	1	1	1	1	1	1	.	0	0.986	0	0.006	0.008	2
0	1	1	0	1	1	1	0	0	1	66.65	0.095	0.019	0.013	0.014	0.859	5
0	0	1	1	1	1	1	1	0	1	57.76	0.721	0.086	0.002	0.001	0.19	1
1	1	1	1	1	1	0	1	1	1	36.56	0.001	0.918	0	0.006	0.075	2
1	1	1	1	1	0	1	.	1	0	60.98	0.001	0.71	0	0.009	0.281	2
0	0	0	0	1	1	1	1	1	1	.	0.996	0.002	0	0.001	0.001	1
0	0	0	1	1	1	1	1	1	1	60.04	0.973	0.023	0	0	0.004	1
1	1	1	1	1	1	1	1	1	0	67.01	0	0.986	0	0.006	0.008	2
1	1	0	0	0	.	0	0	1	0	.	0.103	0.002	0.163	0.356	0.376	5
1	1	1	1	1	.	0	1	0	0	37.47	0.001	0.122	0	0.002	0.875	5
0	0	0	0	0	1	0	1	0	0	.	0.789	0	0.207	0.001	0.003	1
1	1	1	1	1	1	1	1	1	1	58.85	0	0.986	0	0.006	0.008	2
1	1	1	.	0	0	0	1	1	1	70.09	0.011	0.031	0.001	0.346	0.611	5
0	1	0	0	0	0	1	1	1	0	39.09	0.804	0.001	0.008	0.146	0.041	1
0	0	1	0	1	0	1	1	1	1	56.31	0.931	0.011	0.002	0.007	0.049	1
0	0	1	0	1	0	0	1	1	1	46.73	0.797	0.003	0.046	0.002	0.151	1
1	1	1	0	1	1	1	1	1	0	.	0.005	0.788	0	0.191	0.017	2
0	0	0	0	1	0	0	1	1	1	66	0.874	0	0.111	0	0.015	1
1	1	1	1	1	1	1	1	1	0	.	0	0.986	0	0.006	0.008	2
1	0	1	0	0	1	0	1	1	0	45.31	0.359	0.008	0.001	0.596	0.035	4
1	1	1	1	1	0	0	1	0	0	60.41	0	0.014	0.001	0	0.985	5
0	1	1	1	1	1	1	1	1	1	68.34	0.015	0.956	0	0.004	0.025	2
1	1	1	1	1	1	1	1	1	0	72.69	0	0.986	0	0.006	0.008	2
1	1	1	1	1	1	1	.	1	0	63.1	0	0.979	0	0.006	0.015	2
1	1	0	1	1	1	1	1	1	1	73.28	0.011	0.954	0	0.015	0.02	2
0	0	0	1	1	0	0	0	0	0	61.42	0.007	0	0.974	0	0.019	3
0	0	1	1	1	1	1	1	1	1	67.1	0.573	0.398	0	0.003	0.026	1
0	0	1	1	1	0	1	1	1	0	63.05	0.678	0.117	0.001	0.002	0.202	1
0	0	0	1	0	0	0	0	0	0	.	0.005	0	0.992	0	0.004	3
1	1	1	1	1	0	1	1	0	0	79.45	0.001	0.126	0	0.003	0.87	5
1	1	1	0	1	1	1	1	1	0	62.63	0.005	0.788	0	0.191	0.017	2
1	1	1	1	1	1	0	0	0	1	60.87	0	0.019	0.001	0	0.979	5
1	0	1	1	1	1	1	0	1	0	74.39	0.091	0.648	0	0.014	0.246	2
1	1	1	1	1	1	1	1	1	0	70.43	0	0.986	0	0.006	0.008	2
0	0	0	0	0	1	1	1	1	1	.	0.992	0	0	0.007	0	1
1	1	1	1	1	0	1	1	1	1	71.15	0.001	0.819	0	0.009	0.17	2
1	1	1	1	1	1	1	1	1	1	53.56	0	0.986	0	0.006	0.008	2
1	1	1	1	1	1	1	1	1	0	.	0	0.986	0	0.006	0.008	2
0	0	0	1	1	0	0	0	0	0	71.84	0.007	0	0.974	0	0.019	3
1	1	1	1	0	0	0	0	1	0	51.29	0.001	0.003	0.003	0.011	0.981	5
0	0	1	0	1	0	0	1	0	0	75.12	0.228	0	0.524	0	0.248	3
1	1	1	1	1	1	1	1	1	1	51.47	0	0.986	0	0.006	0.008	2
1	1	1	0	0	1	1	1	1	0	57.5	0.004	0.027	0	0.964	0.004	4
0	0	1	1	1	0	1	0	0	0	64.38	0.082	0.001	0.206	0	0.712	5
0	0	0	0	1	0	0	0	0	1	60.45	0.006	0	0.991	0	0.003	3
1	1	1	1	1	1	1	0	0	1	70.52	0.001	0.163	0	0.004	0.831	5
0	0	0	1	1	1	1	1	1	0	48.87	0.973	0.023	0	0	0.004	1
1	1	1	1	1	1	1	0	1	0	71.79	0.001	0.858	0	0.01	0.13	2
1	1	1	1	1	1	0	1	1	0	70.07	0.001	0.918	0	0.006	0.075	2
0	0	0	1	1	1	1	1	1	1	58.64	0.973	0.023	0	0	0.004	1
1	1	1	1	1	1	1	1	1	0	67.17	0	0.986	0	0.006	0.008	2
1	0	1	1	1	1	1	1	1	1	66.62	0.035	0.936	0	0.01	0.019	2
1	1	1	1	1	1	1	1	1	0	.	0	0.986	0	0.006	0.008	2
1	1	1	1	1	1	1	1	1	1	44.33	0	0.986	0	0.006	0.008	2
0	0	0	0	0	1	1	1	1	0	57.09	0.992	0	0	0.007	0	1
1	1	1	0	1	1	1	1	1	1	51.42	0.005	0.788	0	0.191	0.017	2
0	1	1	1	1	0	0	1	0	0	.	0.004	0.004	0.011	0	0.981	5
1	1	1	1	1	1	1	1	1	1	75.57	0	0.986	0	0.006	0.008	2
1	1	1	1	0	1	1	1	1	0	44.49	0.005	0.516	0	0.447	0.031	2
0	1	1	1	1	0	0	0	0	0	55.01	0.001	0	0.068	0	0.931	5
1	1	1	1	1	1	1	1	1	0	74.26	0	0.986	0	0.006	0.008	2
0	1	0	1	1	.	0	0	0	1	.	0.012	0	0.561	0	0.426	3
1	1	1	1	1	1	0	1	1	0	53.15	0.001	0.918	0	0.006	0.075	2
1	1	0	0	1	1	1	1	1	1	65.68	0.096	0.536	0	0.338	0.03	2
1	1	1	1	1	1	1	1	1	0	72	0	0.986	0	0.006	0.008	2
1	1	1	1	1	1	1	1	1	1	56.94	0	0.986	0	0.006	0.008	2
1	1	1	0	1	0	1	1	0	1	48.7	0.007	0.048	0.001	0.047	0.898	5
1	1	1	0	0	1	1	1	0	0	.	0.011	0.012	0	0.908	0.068	4
0	0	0	0	1	1	1	1	0	1	63.95	0.989	0	0.007	0	0.004	1
1	0	1	0	0	0	0	0	0	0	46.25	0.009	0	0.817	0.001	0.173	3
1	1	1	1	1	0	0	1	1	0	.	0.001	0.319	0	0.004	0.676	5
1	1	1	1	1	1	0	0	1	0	34.4	0.002	0.389	0	0.005	0.604	5
1	1	1	1	1	1	1	.	1	1	62.96	0	0.979	0	0.006	0.015	2
1	1	1	.	1	1	1	1	0	0	70.05	0.005	0.709	0	0.054	0.232	2
1	1	1	1	1	1	1	1	1	1	63.48	0	0.986	0	0.006	0.008	2
1	1	1	1	1	1	0	0	1	0	.	0.002	0.389	0	0.005	0.604	5
0	0	0	0	0	1	1	1	1	0	47.14	0.992	0	0	0.007	0	1
0	0	1	0	1	1	1	1	1	0	.	0.935	0.043	0	0.014	0.008	1
1	1	1	1	1	1	1	1	1	0	86.18	0	0.986	0	0.006	0.008	2
0	1	1	1	1	1	1	1	1	1	74.34	0.015	0.956	0	0.004	0.025	2
1	1	1	1	1	1	1	1	1	1	72.11	0	0.986	0	0.006	0.008	2
0	0	0	0	0	0	0	0	0	0	41.64	0.004	0	0.996	0	0.001	3
1	0	1	0	0	0	0	1	1	1	.	0.398	0.002	0.026	0.322	0.252	1
1	1	1	1	1	1	1	1	1	0	59.48	0	0.986	0	0.006	0.008	2
1	1	1	1	1	0	1	1	1	1	80.75	0.001	0.819	0	0.009	0.17	2
0	1	1	1	1	0	0	1	0	0	36.37	0.004	0.004	0.011	0	0.981	5
1	1	1	0	0	1	1	1	1	0	49.66	0.004	0.027	0	0.964	0.004	4
1	1	1	0	1	1	1	1	1	1	61.58	0.005	0.788	0	0.191	0.017	2
1	1	1	0	1	1	0	0	1	0	70.52	0.011	0.173	0.001	0.088	0.726	5
1	1	1	1	1	1	1	1	1	0	63.43	0	0.986	0	0.006	0.008	2
0	1	1	0	1	0	0	0	0	0	80.27	0.003	0	0.334	0	0.662	5
0	1	1	1	1	1	1	1	1	0	54.08	0.015	0.956	0	0.004	0.025	2
1	1	1	1	1	1	1	1	1	1	55.39	0	0.986	0	0.006	0.008	2
1	1	1	1	1	1	1	1	1	1	64.75	0	0.986	0	0.006	0.008	2
0	0	1	0	0	1	1	1	1	0	.	0.918	0.002	0	0.078	0.002	1
1	0	1	0	0	1	1	1	1	0	.	0.179	0.012	0	0.804	0.005	4
1	0	1	0	1	1	1	1	1	1	48.54	0.274	0.48	0	0.22	0.026	2
1	0	0	0	0	1	0	0	0	0	37.86	0.127	0	0.837	0.004	0.032	3
0	0	0	0	0	0	0	0	1	0	36.53	0.13	0	0.867	0	0.003	3
1	1	1	1	1	1	0	0	1	1	59.29	0.002	0.389	0	0.005	0.604	5
0	0	0	1	0	1	0	1	0	0	.	0.807	0	0.173	0	0.02	1
0	1	0	0	0	1	0	0	0	0	44.01	0.072	0	0.867	0.002	0.06	3
0	0	1	1	1	0	0	1	1	1	57.79	0.46	0.028	0.022	0	0.489	5
1	1	1	0	1	1	1	1	0	1	81.51	0.016	0.443	0	0.221	0.32	2
1	1	1	1	1	1	1	1	1	1	55.08	0	0.986	0	0.006	0.008	2
1	1	1	0	1	0	0	0	0	1	.	0	0	0.031	0.001	0.968	5
1	1	1	1	1	1	1	1	1	0	.	0	0.986	0	0.006	0.008	2
1	1	1	1	1	1	1	1	1	1	55.35	0	0.986	0	0.006	0.008	2
0	0	0	0	0	1	1	.	1	0	81.8	0.991	0	0.002	0.007	0	1
1	0	0	0	1	1	0	0	0	1	52.94	0.161	0	0.698	0.001	0.14	3
0	1	1	1	1	1	0	1	1	1	68.95	0.033	0.758	0	0.003	0.205	2
1	1	1	0	1	1	1	0	1	0	61.77	0.012	0.522	0	0.253	0.214	2
1	1	0	1	1	1	1	1	1	1	.	0.011	0.954	0	0.015	0.02	2
1	1	1	.	1	1	1	1	1	0	51.07	0.001	0.954	0	0.035	0.009	2
1	1	1	0	0	0	1	1	1	0	76.65	0.008	0.013	0	0.922	0.057	4
0	1	1	1	1	1	1	1	1	0	76.28	0.015	0.956	0	0.004	0.025	2
1	1	1	0	1	1	0	1	1	0	64.57	0.012	0.67	0	0.171	0.148	2
1	1	0	1	1	1	0	0	0	0	.	0.005	0.007	0.025	0	0.963	5
1	1	1	1	1	0	1	1	0	1	53.32	0.001	0.126	0	0.003	0.87	5
1	1	1	1	0	0	1	1	1	1	71.15	0.01	0.231	0	0.393	0.366	4
1	1	1	1	1	1	1	1	0	1	63.03	0.002	0.78	0	0.009	0.208	2
1	1	1	0	1	0	1	1	0	1	.	0.007	0.048	0.001	0.047	0.898	5
1	1	1	0	0	1	1	1	1	1	.	0.004	0.027	0	0.964	0.004	4
0	0	0	0	0	0	0	1	1	1	.	0.834	0	0.161	0.001	0.004	1
0	0	0	0	0	0	0	0	0	0	.	0.004	0	0.996	0	0.001	3
1	1	1	0	1	1	1	1	1	0	67.07	0.005	0.788	0	0.191	0.017	2
1	1	1	1	1	1	1	1	1	0	62.24	0	0.986	0	0.006	0.008	2
0	0	0	0	1	1	1	1	1	1	75.84	0.996	0.002	0	0.001	0.001	1
1	1	1	0	1	1	0	1	1	1	69.01	0.012	0.67	0	0.171	0.148	2
1	1	0	1	1	1	0	1	1	1	.	0.027	0.792	0	0.013	0.169	2
1	1	1	1	1	1	1	1	1	0	52.35	0	0.986	0	0.006	0.008	2
0	0	1	1	1	1	0	1	1	1	57.17	0.709	0.172	0.001	0.001	0.116	1
1	1	1	0	0	1	1	1	1	0	28.65	0.004	0.027	0	0.964	0.004	4
0	0	.	0	1	1	1	1	1	0	.	0.971	0.019	0	0.007	0.004	1
1	1	1	1	1	1	1	1	1	0	67.45	0	0.986	0	0.006	0.008	2
1	1	1	1	1	0	1	1	1	0	65.87	0.001	0.819	0	0.009	0.17	2
1	0	0	0	0	0	0	0	0	1	68.6	0.005	0	0.986	0	0.008	3
1	1	1	0	0	1	1	1	1	0	46.37	0.004	0.027	0	0.964	0.004	4
0	0	0	0	0	0	0	0	0	0	52.83	0.004	0	0.996	0	0.001	3
1	1	0	0	1	0	1	1	1	1	75.4	0.163	0.226	0.001	0.279	0.331	5
0	0	1	0	0	0	0	0	0	1	68.16	0.008	0	0.979	0	0.013	3
1	1	1	1	1	0	0	1	0	1	70.19	0	0.014	0.001	0	0.985	5
1	1	1	1	1	1	0	1	1	0	.	0.001	0.918	0	0.006	0.075	2
1	1	1	.	1	0	1	1	0	1	70.01	0.003	0.104	0	0.015	0.878	5
1	1	1	1	1	1	1	1	1	0	62.78	0	0.986	0	0.006	0.008	2
0	0	0	0	0	1	1	1	1	0	62.22	0.992	0	0	0.007	0	1
0	0	1	1	1	1	1	1	1	1	74.09	0.573	0.398	0	0.003	0.026	1
1	1	1	1	1	1	1	1	1	1	46.91	0	0.986	0	0.006	0.008	2
1	1	1	0	1	1	1	0	0	0	89.58	0.008	0.063	0.001	0.063	0.865	5
1	1	1	0	0	1	1	1	1	0	61.88	0.004	0.027	0	0.964	0.004	4
0	0	0	1	1	0	0	0	0	0	43.44	0.007	0	0.974	0	0.019	3
0	0	0	0	0	1	0	0	1	1	.	0.81	0	0.186	0.001	0.003	1
1	1	1	1	1	1	0	1	1	0	.	0.001	0.918	0	0.006	0.075	2
1	0	1	0	0	1	1	1	1	0	34.56	0.179	0.012	0	0.804	0.005	4
0	0	0	0	1	0	1	1	0	1	53.54	0.819	0	0.159	0	0.022	1
1	1	1	1	1	1	1	1	1	1	47.71	0	0.986	0	0.006	0.008	2
1	1	1	1	1	1	1	1	1	1	74.77	0	0.986	0	0.006	0.008	2
1	1	0	0	0	1	1	0	1	0	69.74	0.083	0.005	0.001	0.873	0.039	4
1	1	1	1	1	1	1	0	1	0	.	0.001	0.858	0	0.01	0.13	2
1	1	0	0	1	1	1	1	0	1	60.78	0.2	0.191	0.001	0.248	0.359	5
1	1	1	.	1	1	1	1	1	0	.	0.001	0.954	0	0.035	0.009	2
1	1	1	1	1	0	0	1	1	0	53.54	0.001	0.319	0	0.004	0.676	5
0	0	1	0	0	1	1	1	1	0	43.33	0.918	0.002	0	0.078	0.002	1
0	1	1	0	0	0	0	1	1	0	52.5	0.252	0.004	0.03	0.192	0.523	5
1	1	1	0	0	1	1	1	1	0	32.61	0.004	0.027	0	0.964	0.004	4
1	1	1	1	1	1	1	0	1	0	73.4	0.001	0.858	0	0.01	0.13	2
1	1	1	1	1	1	1	1	1	1	76.31	0	0.986	0	0.006	0.008	2
1	0	0	1	1	1	0	1	0	1	34.69	0.473	0.025	0.049	0.002	0.452	1
0	0	0	0	1	1	1	1	1	0	50.12	0.996	0.002	0	0.001	0.001	1
1	1	1	0	0	0	0	0	0	0	46.18	0.001	0	0.141	0.009	0.848	5
1	1	1	1	1	0	0	0	0	0	41.64	0	0.001	0.005	0	0.995	5
1	1	1	0	1	1	1	1	0	1	.	0.016	0.443	0	0.221	0.32	2
1	0	1	0	.	1	1	1	1	0	57.03	0.216	0.195	0	0.576	0.013	4
1	1	1	1	1	1	0	1	1	1	61.07	0.001	0.918	0	0.006	0.075	2
0	0	0	0	1	1	1	1	1	1	54.11	0.996	0.002	0	0.001	0.001	1
1	1	1	0	0	1	1	1	1	0	54.21	0.004	0.027	0	0.964	0.004	4
0	1	0	0	1	0	.	0	0	1	.	0.011	0	0.885	0	0.104	3
1	1	1	1	1	1	1	1	1	0	.	0	0.986	0	0.006	0.008	2
1	1	1	1	1	1	1	1	1	1	78.05	0	0.986	0	0.006	0.008	2
1	1	1	1	1	1	0	1	0	1	54.89	0.002	0.267	0	0.003	0.728	5
0	0	1	1	1	1	1	0	1	1	61.29	0.701	0.13	0.002	0.002	0.165	1
0	0	1	1	1	1	0	0	0	1	58.22	0.124	0.001	0.277	0	0.597	5
1	1	1	1	1	0	0	1	1	0	65.85	0.001	0.319	0	0.004	0.676	5
1	0	0	0	0	1	1	1	0	0	40.85	0.861	0	0.006	0.12	0.012	1
1	1	1	0	1	1	0	.	1	1	71.56	0.012	0.586	0	0.157	0.246	2
1	1	0	1	0	1	1	0	0	0	32.41	0.056	0.008	0.016	0.077	0.842	5
1	1	1	1	1	0	1	0	0	1	61.13	0	0.008	0.001	0	0.991	5
1	1	1	1	1	0	0	0	0	0	60.02	0	0.001	0.005	0	0.995	5
1	1	1	0	0	1	1	0	1	0	57.59	0.008	0.013	0	0.938	0.041	4
1	1	1	1	1	1	1	1	1	1	.	0	0.986	0	0.006	0.008	2
1	1	1	.	1	1	1	1	1	1	60.27	0.001	0.954	0	0.035	0.009	2
0	1	0	0	0	0	0	0	0	0	78.05	0.003	0	0.982	0	0.015	3
1	1	1	1	1	0	1	1	1	1	67.11	0.001	0.819	0	0.009	0.17	2
1	1	1	0	1	1	1	1	1	0	.	0.005	0.788	0	0.191	0.017	2
0	0	.	0	0	1	1	1	1	1	57.65	0.961	0.001	0	0.037	0.001	1
1	0	0	0	1	1	1	1	1	0	.	0.879	0.052	0	0.062	0.007	1
1	1	1	0	1	1	1	1	1	0	.	0.005	0.788	0	0.191	0.017	2
1	1	1	0	1	1	1	1	1	1	62.55	0.005	0.788	0	0.191	0.017	2
1	1	1	1	1	1	1	1	1	1	58.05	0	0.986	0	0.006	0.008	2
0	1	1	0	1	1	1	1	0	0	59.36	0.265	0.195	0.001	0.071	0.468	5
0	0	0	0	1	0	0	0	0	1	57.52	0.006	0	0.991	0	0.003	3
0	0	0	0	0	1	0	1	1	1	58.16	0.99	0	0.007	0.003	0.001	1
1	1	1	0	0	1	1	1	1	0	67.86	0.004	0.027	0	0.964	0.004	4
1	1	1	1	1	1	1	1	1	1	47.73	0	0.986	0	0.006	0.008	2
1	1	1	0	0	0	0	0	.	1	62.5	0.003	0	0.096	0.061	0.84	5
1	1	1	0	0	1	1	1	1	0	35.23	0.004	0.027	0	0.964	0.004	4
0	0	0	.	0	0	0	0	0	0	63.51	0.004	0	0.995	0	0.001	3
1	1	1	1	1	1	1	1	1	0	85.97	0	0.986	0	0.006	0.008	2
1	1	1	1	1	0	1	1	0	1	.	0.001	0.126	0	0.003	0.87	5
1	0	1	0	0	1	0	1	1	0	.	0.359	0.008	0.001	0.596	0.035	4
1	1	0	0	1	0	1	1	0	0	44.59	0.073	0.017	0.014	0.044	0.851	5
1	1	1	1	1	1	1	1	1	0	49.68	0	0.986	0	0.006	0.008	2
1	1	0	1	0	1	0	0	0	0	41.68	0.016	0.001	0.115	0.008	0.86	5
1	1	1	1	1	1	1	1	1	1	58.09	0	0.986	0	0.006	0.008	2
0	1	0	1	1	0	0	0	0	1	54.91	0.003	0	0.643	0	0.353	3
0	0	0	1	1	0	0	0	0	0	74.7	0.007	0	0.974	0	0.019	3
0	0	1	1	1	1	0	1	1	1	.	0.709	0.172	0.001	0.001	0.116	1
0	0	1	0	0	1	0	1	1	1	68.23	0.958	0.001	0.003	0.03	0.008	1
0	1	1	1	1	0	0	0	0	0	48.18	0.001	0	0.068	0	0.931	5
0	0	0	0	0	0	0	0	0	0	52.41	0.004	0	0.996	0	0.001	3
1	1	1	0	1	1	0	1	1	1	55.07	0.012	0.67	0	0.171	0.148	2
1	1	1	1	1	0	1	0	0	0	50.72	0	0.008	0.001	0	0.991	5
1	1	1	1	1	0	1	1	1	0	39.49	0.001	0.819	0	0.009	0.17	2
1	1	1	1	1	1	1	1	1	1	69.02	0	0.986	0	0.006	0.008	2
1	1	1	1	0	1	1	1	1	1	67.9	0.005	0.516	0	0.447	0.031	2
1	1	1	1	1	1	1	1	1	0	.	0	0.986	0	0.006	0.008	2
1	0	0	0	0	1	1	1	1	1	.	0.714	0.002	0	0.282	0.002	1
1	1	1	0	0	1	0	1	1	1	64.93	0.011	0.025	0	0.923	0.041	4
1	1	0	1	0	1	1	1	0	1	.	0.142	0.078	0.001	0.364	0.416	5
0	0	0	1	1	1	0	1	0	1	53.89	0.816	0.001	0.115	0	0.068	1
1	1	1	1	1	1	1	1	1	0	74.73	0	0.986	0	0.006	0.008	2
1	1	0	0	0	1	1	.	0	0	52.89	0.119	0.004	0.008	0.765	0.104	4
1	1	1	1	0	0	0	0	0	1	.	0	0	0.024	0.001	0.975	5
0	0	0	1	1	1	1	0	1	0	42.03	0.969	0.006	0.005	0	0.02	1
0	0	0	0	0	0	0	0	0	0	34.1	0.004	0	0.996	0	0.001	3
1	0	1	1	1	1	1	1	1	0	.	0.035	0.936	0	0.01	0.019	2
0	0	1	0	0	1	0	0	1	0	.	0.858	0	0.09	0.014	0.037	1
1	1	1	1	1	0	1	0	0	0	52.43	0	0.008	0.001	0	0.991	5
1	1	0	1	0	1	1	0	0	0	34.4	0.056	0.008	0.016	0.077	0.842	5
1	1	1	1	1	1	1	1	1	0	83.24	0	0.986	0	0.006	0.008	2
0	0	0	1	1	0	0	0	0	0	.	0.007	0	0.974	0	0.019	3
0	0	1	1	1	1	1	0	1	0	63.4	0.701	0.13	0.002	0.002	0.165	1
1	1	1	1	1	1	1	0	1	0	57.17	0.001	0.858	0	0.01	0.13	2
1	1	1	1	0	1	0	1	1	1	70.28	0.012	0.39	0	0.356	0.243	2
1	1	0	0	0	1	1	1	1	1	.	0.048	0.01	0	0.938	0.004	4
0	0	0	0	1	1	1	1	1	0	58.27	0.996	0.002	0	0.001	0.001	1
1	1	1	1	1	1	1	1	1	1	62.38	0	0.986	0	0.006	0.008	2
1	0	0	0	0	1	0	1	0	1	51.09	0.774	0	0.148	0.04	0.038	1
1	1	1	1	0	0	0	1	1	0	.	0.006	0.052	0	0.094	0.847	5
0	0	1	0	1	1	1	0	0	0	.	0.741	0.002	0.078	0.002	0.177	1
1	1	1	1	0	1	0	0	1	0	43.63	0.008	0.067	0.001	0.123	0.801	5
1	1	1	1	1	1	1	1	1	1	78.7	0	0.986	0	0.006	0.008	2
0	0	1	1	1	1	1	1	0	0	55.8	0.721	0.086	0.002	0.001	0.19	1
0	0	1	1	1	1	1	1	1	1	42.89	0.573	0.398	0	0.003	0.026	1
1	1	1	1	1	1	1	1	1	0	.	0	0.986	0	0.006	0.008	2
1	1	1	1	1	1	1	1	1	0	61.64	0	0.986	0	0.006	0.008	2
1	1	1	1	1	1	1	1	1	0	50.46	0	0.986	0	0.006	0.008	2
0	0	0	0	0	1	0	0	1	1	50.91	0.81	0	0.186	0.001	0.003	1
0	1	1	0	0	0	0	0	0	0	.	0.004	0	0.721	0.001	0.274	3
1	1	1	1	1	1	1	1	1	1	66.23	0	0.986	0	0.006	0.008	2
1	1	1	1	1	1	1	1	1	0	.	0	0.986	0	0.006	0.008	2
0	0	0	0	0	0	0	0	0	1	34.21	0.004	0	0.996	0	0.001	3
1	1	1	1	1	1	1	1	1	1	.	0	0.986	0	0.006	0.008	2
1	1	1	1	1	1	1	0	0	0	66	0.001	0.163	0	0.004	0.831	5
1	1	1	1	1	1	1	1	1	0	72.83	0	0.986	0	0.006	0.008	2
0	0	1	0	0	1	1	1	1	1	50.97	0.918	0.002	0	0.078	0.002	1
1	1	1	1	1	1	1	1	1	1	47.55	0	0.986	0	0.006	0.008	2
0	0	0	0	1	0	0	1	0	1	37.79	0.164	0	0.821	0	0.016	3
1	0	1	1	1	1	0	0	1	1	43.53	0.076	0.188	0.003	0.004	0.729	5
0	0	1	1	1	1	1	1	1	0	.	0.573	0.398	0	0.003	0.026	1
1	1	0	1	1	1	1	1	1	0	.	0.011	0.954	0	0.015	0.02	2
1	0	1	1	0	1	1	1	1	0	.	0.261	0.264	0	0.434	0.04	4
1	1	1	1	0	0	0	0	0	1	48.43	0	0	0.024	0.001	0.975	5
0	0	1	0	0	1	1	1	1	0	47.49	0.918	0.002	0	0.078	0.002	1
0	0	0	0	0	1	1	0	1	0	41.66	0.986	0	0.009	0.004	0.001	1
0	1	0	1	1	1	1	1	0	1	70.1	0.441	0.166	0.003	0.004	0.386	1
1	1	1	1	1	1	1	1	1	1	.	0	0.986	0	0.006	0.008	2
1	1	1	1	1	1	1	1	1	1	62.5	0	0.986	0	0.006	0.008	2
1	1	1	1	1	1	1	0	1	1	80.51	0.001	0.858	0	0.01	0.13	2
1	1	1	0	1	1	1	0	1	0	75.81	0.012	0.522	0	0.253	0.214	2
1	1	1	1	1	1	1	1	1	1	76.83	0	0.986	0	0.006	0.008	2
1	1	1	1	1	1	1	1	1	1	59.02	0	0.986	0	0.006	0.008	2
1	1	1	1	1	1	1	1	1	0	53.61	0	0.986	0	0.006	0.008	2
1	1	1	1	1	0	0	0	1	0	36.16	0	0.024	0.001	0.001	0.974	5
0	1	1	1	1	1	0	0	0	1	73.3	0.005	0.006	0.016	0	0.973	5
0	0	0	0	0	0	0	0	0	0	52.66	0.004	0	0.996	0	0.001	3
1	1	1	1	0	1	0	0	1	0	75.27	0.008	0.067	0.001	0.123	0.801	5
1	1	1	1	1	0	1	1	1	0	76.8	0.001	0.819	0	0.009	0.17	2
0	0	0	0	0	0	1	1	1	1	41.15	0.988	0	0.007	0.004	0.001	1
1	1	1	1	1	1	0	1	1	0	66.78	0.001	0.918	0	0.006	0.075	2
1	1	1	1	.	0	0	1	1	1	.	0.002	0.268	0	0.021	0.708	5
1	1	1	0	1	1	1	1	1	1	.	0.005	0.788	0	0.191	0.017	2
0	0	0	0	1	0	0	0	0	1	.	0.006	0	0.991	0	0.003	3
1	0	1	0	1	1	0	1	1	1	55.37	0.445	0.273	0.001	0.132	0.15	1
0	0	1	1	1	1	0	1	0	0	64.23	0.488	0.02	0.032	0	0.46	1
1	1	1	1	1	0	0	1	0	0	.	0	0.014	0.001	0	0.985	5
1	1	1	1	1	1	1	1	1	0	58.97	0	0.986	0	0.006	0.008	2
1	1	1	1	1	1	1	1	1	1	.	0	0.986	0	0.006	0.008	2
1	1	0	1	1	0	0	0	1	1	52.14	0.005	0.009	0.016	0.001	0.969	5
1	1	1	1	1	0	0	1	1	0	52.11	0.001	0.319	0	0.004	0.676	5
1	1	1	0	0	1	1	0	0	1	42.26	0.013	0.004	0.002	0.572	0.408	4
1	1	1	1	1	1	0	0	0	0	68.92	0	0.019	0.001	0	0.979	5
0	0	0	0	0	0	0	0	0	1	68.29	0.004	0	0.996	0	0.001	3
1	0	0	0	1	0	1	1	1	1	52.25	0.904	0.013	0.003	0.031	0.049	1
0	0	1	1	1	1	1	1	1	1	56.93	0.573	0.398	0	0.003	0.026	1
1	1	1	1	0	1	1	1	1	0	69.33	0.005	0.516	0	0.447	0.031	2
1	1	1	1	1	1	1	1	1	0	.	0	0.986	0	0.006	0.008	2
0	1	.	0	0	1	1	1	1	0	.	0.331	0.023	0	0.632	0.013	4
1	1	1	0	1	0	0	1	1	0	67.26	0.01	0.137	0.001	0.068	0.784	5
0	1	1	0	0	1	1	1	1	0	40.31	0.182	0.03	0	0.771	0.016	4
0	0	0	0	0	1	1	1	1	1	58.1	0.992	0	0	0.007	0	1
1	1	1	1	1	1	1	1	1	1	76.76	0	0.986	0	0.006	0.008	2
0	0	0	0	0	0	0	0	0	0	.	0.004	0	0.996	0	0.001	3
1	1	1	0	0	1	1	1	1	1	.	0.004	0.027	0	0.964	0.004	4
0	1	1	1	1	0	0	0	0	1	60.45	0.001	0	0.068	0	0.931	5
1	1	1	1	1	0	0	1	1	1	67.73	0.001	0.319	0	0.004	0.676	5
1	0	1	1	1	1	1	1	0	0	.	0.115	0.524	0	0.012	0.349	2
1	1	1	1	1	1	0	1	1	1	62.61	0.001	0.918	0	0.006	0.075	2
1	1	1	1	1	1	1	1	1	0	50.67	0	0.986	0	0.006	0.008	2
1	1	1	0	1	0	1	0	0	0	55.07	0.001	0.003	0.004	0.005	0.986	5
1	1	1	0	1	1	1	1	1	1	74.69	0.005	0.788	0	0.191	0.017	2
0	0	0	1	1	0	0	1	0	0	.	0.178	0	0.727	0	0.095	3
1	1	1	1	1	.	.	.	.	1	73.09	0.001	0.802	0	0.006	0.191	2
1	1	1	1	1	1	1	1	1	1	70.41	0	0.986	0	0.006	0.008	2
1	0	1	1	1	1	0	1	1	1	44.72	0.081	0.756	0	0.009	0.154	2
0	1	1	1	1	1	1	1	1	0	34.56	0.015	0.956	0	0.004	0.025	2
1	1	1	1	1	1	1	0	1	1	.	0.001	0.858	0	0.01	0.13	2
1	1	0	1	1	1	1	1	1	0	51.09	0.011	0.954	0	0.015	0.02	2
0	1	1	1	1	0	0	0	0	0	58.67	0.001	0	0.068	0	0.931	5
0	0	0	0	0	1	1	1	1	0	54.19	0.992	0	0	0.007	0	1
1	1	1	1	0	0	0	1	1	0	84.78	0.006	0.052	0	0.094	0.847	5
0	1	1	1	0	1	0	1	1	1	61.97	0.235	0.205	0.001	0.135	0.424	5
1	1	1	0	1	1	1	1	1	1	66.87	0.005	0.788	0	0.191	0.017	2
0	1	1	0	1	0	0	1	1	1	62.59	0.115	0.043	0.009	0.016	0.818	5
0	0	1	0	0	1	0	1	0	1	67.86	0.847	0	0.102	0.009	0.041	1
0	0	0	0	0	1	1	1	1	0	42.12	0.992	0	0	0.007	0	1
1	1	1	0	1	1	1	1	1	0	70.99	0.005	0.788	0	0.191	0.017	2
1	1	1	0	0	0	0	0	0	0	55.83	0.001	0	0.141	0.009	0.848	5
0	1	0	0	1	0	0	1	1	0	35.64	0.549	0.007	0.093	0.007	0.345	1
1	1	1	.	.	.	.	.	1	0	37.31	0.003	0.708	0	0.189	0.1	2
1	1	1	0	1	1	0	1	.	1	48.56	0.012	0.539	0	0.144	0.305	2
1	1	1	1	1	1	0	0	1	1	.	0.002	0.389	0	0.005	0.604	5
1	1	0	1	1	1	1	1	1	1	58.48	0.011	0.954	0	0.015	0.02	2
1	1	1	1	1	1	1	1	1	0	.	0	0.986	0	0.006	0.008	2
1	1	1	0	0	0	0	0	0	1	52.3	0.001	0	0.141	0.009	0.848	5
1	1	1	1	1	1	1	1	1	0	49.47	0	0.986	0	0.006	0.008	2
0	1	1	0	1	1	1	1	1	1	55.72	0.157	0.676	0	0.118	0.048	2
0	0	0	0	0	1	0	1	0	0	.	0.789	0	0.207	0.001	0.003	1
1	1	1	1	1	0	0	0	0	1	.	0	0.001	0.005	0	0.995	5
0	0	0	0	1	1	1	1	1	0	67.83	0.996	0.002	0	0.001	0.001	1
1	1	1	1	1	1	1	1	1	1	87.79	0	0.986	0	0.006	0.008	2
1	1	1	1	1	1	1	1	1	0	66.06	0	0.986	0	0.006	0.008	2
0	1	1	1	1	0	1	1	0	1	88.89	0.015	0.041	0.001	0.001	0.942	5
1	0	1	0	0	0	0	0	0	1	44.25	0.009	0	0.817	0.001	0.173	3
0	0	0	0	1	1	1	1	1	1	64.33	0.996	0.002	0	0.001	0.001	1
0	1	1	1	1	1	1	1	1	0	.	0.015	0.956	0	0.004	0.025	2
1	1	1	1	1	1	1	1	1	0	75.39	0	0.986	0	0.006	0.008	2
1	1	1	0	0	1	0	1	1	0	42.16	0.011	0.025	0	0.923	0.041	4
1	1	1	1	1	1	1	1	1	1	44.26	0	0.986	0	0.006	0.008	2
1	1	1	1	1	1	1	1	1	1	63.56	0	0.986	0	0.006	0.008	2
0	1	1	1	1	0	1	1	1	1	63.84	0.035	0.569	0	0.005	0.392	2
1	1	1	0	0	1	1	1	1	1	45.68	0.004	0.027	0	0.964	0.004	4
1	1	1	0	1	1	1	1	0	0	.	0.016	0.443	0	0.221	0.32	2
0	1	1	0	0	1	1	0	0	0	.	0.215	0.002	0.046	0.172	0.565	5
0	0	0	0	0	0	0	1	1	1	68.51	0.834	0	0.161	0.001	0.004	1
1	1	0	0	1	0	1	1	1	1	72.45	0.163	0.226	0.001	0.279	0.331	5
0	0	0	0	0	0	0	0	0	0	72.42	0.004	0	0.996	0	0.001	3
1	1	1	0	1	1	1	1	1	0	66.27	0.005	0.788	0	0.191	0.017	2
1	1	0	1	1	1	1	1	1	0	.	0.011	0.954	0	0.015	0.02	2
1	1	1	1	1	1	1	1	1	0	55.67	0	0.986	0	0.006	0.008	2
1	1	1	1	1	1	1	1	1	0	69.51	0	0.986	0	0.006	0.008	2
1	1	1	1	0	1	1	1	1	0	64.21	0.005	0.516	0	0.447	0.031	2
1	1	1	0	0	0	0	1	1	0	.	0.015	0.008	0.001	0.611	0.364	4
0	0	0	0	0	1	1	1	1	1	37.07	0.992	0	0	0.007	0	1
0	1	1	0	1	1	1	1	1	0	87.22	0.157	0.676	0	0.118	0.048	2
1	1	1	1	1	1	0	0	0	1	57.96	0	0.019	0.001	0	0.979	5
1	1	1	1	1	1	1	0	0	1	68.68	0.001	0.163	0	0.004	0.831	5
1	1	1	1	1	1	1	1	1	0	49.06	0	0.986	0	0.006	0.008	2
1	1	1	1	0	1	1	1	1	0	75.66	0.005	0.516	0	0.447	0.031	2
0	0	0	0	1	0	0	0	0	1	.	0.006	0	0.991	0	0.003	3
1	1	1	1	0	1	1	1	1	0	85.75	0.005	0.516	0	0.447	0.031	2
1	1	1	1	1	1	0	1	1	1	.	0.001	0.918	0	0.006	0.075	2
1	1	1	1	1	1	1	1	1	0	48.96	0	0.986	0	0.006	0.008	2
0	1	0	0	0	1	1	1	1	0	79.97	0.722	0.004	0	0.269	0.006	1
1	1	1	1	1	1	1	0	0	1	.	0.001	0.163	0	0.004	0.831	5
1	1	0	1	1	1	0	1	1	1	46.39	0.027	0.792	0	0.013	0.169	2
0	0	1	1	1	0	0	0	0	1	44.89	0.01	0	0.669	0	0.321	3
1	0	1	0	0	1	1	1	0	1	43.54	0.362	0.004	0.001	0.576	0.057	4
1	1	1	.	1	1	1	1	1	1	.	0.001	0.954	0	0.035	0.009	2
1	1	1	1	1	1	1	1	0	0	56.59	0.002	0.78	0	0.009	0.208	2
1	0	.	1	1	1	1	1	1	1	57.86	0.08	0.89	0	0.011	0.019	2
1	1	1	0	1	0	0	1	1	0	37.95	0.01	0.137	0.001	0.068	0.784	5
1	1	1	1	1	1	1	1	1	0	46.92	0	0.986	0	0.006	0.008	2
1	1	1	1	1	1	0	0	1	1	51.12	0.002	0.389	0	0.005	0.604	5
0	1	1	0	0	1	1	0	0	1	36.56	0.215	0.002	0.046	0.172	0.565	5
1	1	1	1	1	1	1	1	1	0	.	0	0.986	0	0.006	0.008	2
1	1	0	0	0	1	1	1	1	1	62.07	0.048	0.01	0	0.938	0.004	4
0	0	1	.	1	0	0	1	0	0	59.43	0.173	0.001	0.375	0	0.451	5
0	0	0	0	1	0	0	0	0	1	69.33	0.006	0	0.991	0	0.003	3
1	1	1	1	0	0	0	0	0	1	.	0	0	0.024	0.001	0.975	5
1	0	1	0	1	1	0	1	1	0	64.48	0.445	0.273	0.001	0.132	0.15	1
1	1	1	1	1	0	0	1	0	0	43.08	0	0.014	0.001	0	0.985	5
1	1	1	1	1	1	1	1	1	0	.	0	0.986	0	0.006	0.008	2
0	1	1	0	0	0	0	1	1	0	63.58	0.252	0.004	0.03	0.192	0.523	5
1	1	0	1	0	1	1	0	0	0	.	0.056	0.008	0.016	0.077	0.842	5
1	1	1	0	1	1	1	0	0	1	.	0.008	0.063	0.001	0.063	0.865	5
1	1	1	1	1	1	1	1	1	0	42.78	0	0.986	0	0.006	0.008	2
0	0	0	0	0	0	0	0	0	0	.	0.004	0	0.996	0	0.001	3
1	0	1	1	0	1	0	1	0	1	48.52	0.222	0.013	0.016	0.048	0.7	5
1	1	1	1	1	1	1	1	1	0	41.13	0	0.986	0	0.006	0.008	2
1	1	1	1	1	1	1	1	1	1	.	0	0.986	0	0.006	0.008	2
1	1	1	0	0	0	0	0	0	1	55.39	0.001	0	0.141	0.009	0.848	5
1	0	0	1	1	1	1	1	1	1	37.08	0.508	0.455	0	0.013	0.024	1
1	1	1	0	1	1	.	0	1	0	63.98	0.012	0.405	0	0.197	0.386	2
1	1	1	1	1	1	1	1	1	0	.	0	0.986	0	0.006	0.008	2
1	1	1	1	1	1	1	1	1	1	74.56	0	0.986	0	0.006	0.008	2
1	0	1	0	1	1	1	.	1	1	70.38	0.291	0.448	0	0.215	0.046	2
1	1	1	1	1	1	1	1	1	1	58.91	0	0.986	0	0.006	0.008	2
1	0	1	0	1	1	1	1	1	0	65.62	0.274	0.48	0	0.22	0.026	2
0	1	1	1	1	1	1	1	1	1	57.75	0.015	0.956	0	0.004	0.025	2
1	1	1	0	0	0	0	0	1	0	40.52	0.007	0.001	0.02	0.146	0.826	5
1	1	1	1	1	1	1	1	1	0	90.96	0	0.986	0	0.006	0.008	2
1	1	1	1	1	1	1	1	1	0	63.27	0	0.986	0	0.006	0.008	2
0	1	1	1	1	1	1	1	1	0	.	0.015	0.956	0	0.004	0.025	2
0	1	0	0	0	1	1	1	1	1	54.19	0.722	0.004	0	0.269	0.006	1
0	0	0	1	1	0	0	0	0	0	39.81	0.007	0	0.974	0	0.019	3
0	0	0	0	1	0	0	0	0	1	49.6	0.006	0	0.991	0	0.003	3
0	1	1	1	0	0	0	0	1	0	49.38	0.016	0.001	0.052	0.002	0.929	5
1	1	1	1	1	1	1	1	1	0	.	0	0.986	0	0.006	0.008	2
1	1	1	1	1	0	0	1	1	0	.	0.001	0.319	0	0.004	0.676	5
1	1	1	1	1	1	1	1	1	1	72.07	0	0.986	0	0.006	0.008	2
1	1	1	1	1	1	1	1	1	0	.	0	0.986	0	0.006	0.008	2
1	.	0	0	0	1	0	0	0	0	.	0.106	0	0.726	0.021	0.148	3
1	1	1	0	1	1	1	1	1	0	93.29	0.005	0.788	0	0.191	0.017	2
1	1	1	1	1	1	1	0	1	1	.	0.001	0.858	0	0.01	0.13	2
1	1	1	1	1	0	0	1	0	1	52.99	0	0.014	0.001	0	0.985	5
1	1	0	0	1	1	1	1	1	0	.	0.096	0.536	0	0.338	0.03	2
1	1	1	1	.	1	0	1	1	0	.	0.002	0.874	0	0.035	0.089	2
1	0	1	1	1	0	1	1	0	1	.	0.046	0.052	0.002	0.002	0.898	5
0	1	1	1	1	0	0	.	1	1	47.78	0.014	0.068	0.006	0.001	0.912	5
1	0	0	0	1	1	1	1	1	0	.	0.879	0.052	0	0.062	0.007	1
1	1	1	0	0	1	1	1	1	1	.	0.004	0.027	0	0.964	0.004	4
1	1	1	1	1	1	1	0	1	0	.	0.001	0.858	0	0.01	0.13	2
0	1	0	0	0	1	1	1	1	1	57.36	0.722	0.004	0	0.269	0.006	1
1	1	1	0	1	1	1	1	1	0	60.76	0.005	0.788	0	0.191	0.017	2
1	1	1	0	1	1	1	0	0	1	70.27	0.008	0.063	0.001	0.063	0.865	5
1	1	1	1	1	1	1	1	1	0	63.49	0	0.986	0	0.006	0.008	2
1	1	0	1	1	0	0	0	1	1	67.01	0.005	0.009	0.016	0.001	0.969	5
0	0	0	0	1	1	1	1	1	1	64.55	0.996	0.002	0	0.001	0.001	1
1	1	1	1	1	1	1	1	1	0	83.18	0	0.986	0	0.006	0.008	2
1	1	1	1	0	0	1	1	1	0	47.44	0.01	0.231	0	0.393	0.366	4
0	0	1	1	1	1	1	1	1	1	65.27	0.573	0.398	0	0.003	0.026	1
1	1	1	1	0	1	1	1	1	1	72.28	0.005	0.516	0	0.447	0.031	2
1	1	1	1	1	1	1	1	1	0	59.67	0	0.986	0	0.006	0.008	2
