1002	2	.	.	0	1	1	1	0	0	1	1	1	1
1004	2	0	.	1	.	.	.	.	.	.	.	.	.
1005	2	0	59.4	1	0	1	1	1	1	1	1	1	0
1006	2	.	.	0	.	.	.	.	.	.	.	.	.
1009	2	0	62.49	0	1	1	1	0	1	1	1	1	1
1011	2	0	71.58	0	1	1	1	1	1	1	1	1	1
1012	2	.	56.72	1	0	1	.	1	1	1	0	0	1
1016	2	0	.	1	.	.	.	.	.	.	.	.	.
1017	2	1	91.26	0	1	1	1	1	1	1	1	1	1
1023	2	1	72.72	0	1	1	1	1	1	1	0	1	1
1024	2	0	44.42	0	0	1	0	0	0	1	1	1	0
1029	2	.	45.31	1	.	.	.	.	.	.	.	.	.
1032	2	.	.	1	1	1	1	1	1	1	1	1	1
1033	2	0	52.19	0	0	0	0	0	0	1	1	1	1
1034	2	.	52.61	1	0	0	1	0	1	1	1	1	0
1036	2	.	54.14	1	1	1	.	1	1	1	.	1	1
1039	2	0	.	1	.	.	.	.	.	.	.	.	.
1040	2	.	51.89	0	1	1	1	1	1	1	1	1	1
1041	2	.	56.31	0	1	1	1	0	0	1	1	1	1
1043	2	0	.	0	1	1	1	1	1	0	0	1	1
1044	2	.	.	0	.	.	.	.	.	.	.	.	.
1045	2	1	83.25	0	0	1	0	1	1	1	1	1	1
1046	2	0	.	1	1	1	1	0	0	0	0	0	0
1047	2	0	.	1	1	1	1	1	1	1	1	1	1
1052	2	0	58.06	1	1	1	1	1	1	1	0	0	1
1054	2	.	65.93	1	1	1	1	0	0	0	1	0	1
1057	2	0	33.67	1	1	0	.	0	0	1	1	1	1
1060	2	0	61.82	1	0	0	1	0	1	1	1	1	1
1063	2	0	.	0	.	.	.	.	.	.	.	.	.
1064	2	0	39.4	1	0	0	1	0	1	0	0	1	1
1065	2	0	60.02	1	1	1	1	1	0	1	1	0	1
1066	2	0	55.95	1	0	0	1	0	0	0	1	1	0
1067	2	.	57.94	1	1	1	1	1	1	1	1	1	1
1071	2	.	64.62	1	1	1	1	1	1	1	1	0	1
1072	2	0	66.64	0	1	1	1	.	1	1	1	1	1
1073	2	0	70.08	0	.	.	.	.	.	.	.	.	.
1076	2	0	.	0	1	1	1	1	1	0	0	1	0
1079	2	0	.	1	0	0	0	0	0	0	0	1	1
1080	2	0	36.56	0	0	0	1	0	1	1	1	1	1
1082	2	0	.	1	1	1	1	1	1	1	1	1	1
1086	2	0	59.99	1	1	1	1	1	0	0	0	1	0
1087	2	.	57.19	1	0	1	1	1	1	1	0	1	1
1089	2	.	.	1	.	.	.	.	.	.	.	.	.
1091	2	.	.	0	1	1	1	0	0	1	1	1	1
1092	2	0	.	0	.	.	.	.	.	.	.	.	.
1094	2	.	43.35	1	0	0	0	0	1	0	1	1	1
1095	2	.	75.61	0	1	1	1	0	1	1	1	1	1
1097	2	0	50.59	0	1	1	1	0	0	1	1	0	1
1103	2	0	44.24	1	1	0	1	0	0	1	1	0	1
1104	2	0	68.58	1	0	1	1	0	1	1	1	1	0
1108	2	.	73.83	1	1	0	1	0	0	1	0	0	1
1112	2	0	.	1	1	0	1	1	1	0	1	0	0
1116	2	.	54.21	0	.	.	.	.	.	.	.	.	.
1123	2	0	50.86	0	1	1	1	1	1	1	1	1	1
1124	2	0	73.38	0	.	.	.	.	.	.	.	.	.
1126	2	0	69.21	1	.	.	.	.	.	.	.	.	.
1127	2	.	40.46	0	.	.	.	.	.	.	.	.	.
1129	2	0	51.19	0	0	1	1	.	1	.	1	1	1
1132	2	0	72.58	1	1	1	1	1	1	0	1	1	1
1134	2	0	68.62	0	1	1	1	1	1	1	1	1	1
1135	2	.	50.7	0	1	1	1	1	1	1	1	1	1
1137	2	0	56.83	1	1	0	1	1	1	1	0	1	1
1138	2	.	37.21	0	0	0	1	0	0	0	0	0	1
1140	2	1	84.21	0	1	1	1	1	1	1	1	1	1
1142	2	0	60.37	0	0	0	0	0	0	1	1	1	1
1144	2	0	47.86	0	1	0	0	0	0	0	0	0	0
1145	2	.	.	0	0	0	1	1	1	0	0	1	1
1146	2	.	.	0	1	1	1	1	1	1	1	1	1
1149	2	0	65.18	1	1	1	1	1	1	1	1	1	1
1150	2	.	59.79	1	1	1	0	1	1	1	1	1	1
1151	2	0	.	0	.	.	.	.	.	.	.	.	.
1152	2	0	.	0	.	.	.	.	.	.	.	.	.
1153	2	0	39.99	1	0	0	1	1	1	1	1	1	1
1155	2	0	60.8	0	1	1	1	0	0	1	1	1	0
1158	2	0	69.14	1	1	1	1	1	1	1	1	1	1
1159	2	0	.	0	1	1	1	0	1	1	0	1	1
1163	2	0	72.54	0	.	.	.	.	.	.	.	.	.
1165	2	0	58.28	1	1	1	1	1	1	1	1	1	1
1167	2	0	.	0	1	1	1	0	1	1	1	1	1
1168	2	0	.	0	.	.	.	.	.	.	.	.	.
1169	2	0	.	1	1	1	1	1	1	0	0	0	0
1170	2	0	36.31	1	.	.	.	.	.	.	.	.	.
1172	2	0	.	1	1	1	1	0	0	0	0	1	1
1173	2	1	61.06	0	1	1	1	1	1	1	1	1	1
1174	2	0	41.7	0	1	1	1	1	1	1	0	1	0
1175	2	0	67.08	1	1	1	1	1	1	1	1	1	1
1176	2	0	.	0	.	.	.	.	.	.	.	.	.
1177	2	.	37.27	0	1	1	1	0	0	1	1	1	1
1178	2	0	.	0	0	1	.	1	1	1	0	1	0
1181	2	.	56.39	0	1	0	1	1	1	1	1	1	1
1183	2	.	47.33	1	1	0	0	1	0	1	0	1	1
1184	2	0	66.37	1	1	1	1	0	1	0	0	1	0
1186	2	.	.	0	1	0	1	1	1	0	0	1	1
1190	2	0	81.51	0	1	1	1	0	1	1	1	1	1
1191	2	0	65.74	1	0	0	1	0	0	1	1	.	1
1193	2	0	50.59	0	1	1	1	0	1	1	1	0	1
1194	2	0	.	1	1	1	1	1	1	1	0	1	1
1195	2	.	.	0	1	1	0	0	0	1	1	0	0
1196	2	0	71.6	0	0	0	0	0	0	0	0	0	0
1198	2	0	51.22	0	0	0	0	0	1	0	0	1	1
1199	2	.	.	0	1	0	0	.	0	0	1	0	1
1202	2	0	61.61	0	1	1	1	0	0	1	0	0	1
1208	2	0	60.26	0	1	0	1	0	0	0	1	0	0
1209	2	0	76.85	1	1	1	1	1	1	1	1	1	1
1211	2	.	.	1	0	0	0	0	1	.	1	1	1
1212	2	0	.	1	0	1	1	1	0	0	0	1	1
1214	2	1	72.69	1	1	1	1	1	1	1	0	1	0
1217	2	.	.	0	.	.	.	.	.	.	.	.	.
1218	2	.	51.56	1	1	1	0	1	1	1	1	1	1
1219	2	0	63.89	1	1	1	1	1	1	0	0	1	0
1222	2	0	54.37	1	0	0	0	1	1	0	0	0	0
1223	2	1	.	1	.	.	.	.	.	.	.	.	.
1225	2	0	72.07	0	0	1	1	1	1	1	0	1	1
1227	2	.	36.29	0	1	1	1	0	0	1	1	1	1
1228	2	.	.	1	0	0	0	0	0	1	0	1	1
1229	2	0	71.84	1	0	0	1	1	0	1	0	0	1
1231	2	.	.	0	1	1	1	0	0	0	0	0	1
1232	2	0	83.73	0	1	1	1	0	1	1	1	1	1
1233	2	0	73.84	0	1	1	1	1	1	0	0	1	0
1234	2	.	67.43	0	0	1	1	0	1	1	1	1	1
1235	2	.	56.72	0	1	1	1	0	0	1	1	1	1
1236	2	.	65.17	0	1	1	1	1	1	0	1	1	0
1238	2	0	.	1	1	1	1	1	1	0	1	1	1
1242	2	0	57.25	1	1	1	1	1	1	1	0	0	0
1244	2	0	57.95	0	1	1	1	1	1	1	1	1	1
1245	2	0	42.47	0	0	0	0	0	0	1	1	1	1
1247	2	0	59.66	1	1	1	1	1	1	1	0	1	1
1250	2	0	42.83	1	1	0	1	1	1	1	1	1	1
1252	2	0	.	1	.	.	.	.	.	.	.	.	.
1253	2	.	.	1	1	1	1	1	1	1	1	1	1
1254	2	.	60.86	0	0	0	0	1	1	0	0	0	1
1256	2	0	72.8	1	0	0	0	0	1	0	0	1	0
1257	2	0	.	0	1	1	1	1	1	1	1	1	0
1259	2	.	.	0	1	1	1	1	1	1	1	1	1
1260	2	0	36.38	1	0	0	1	1	1	0	1	1	1
1261	2	0	62.18	1	0	0	0	0	0	0	0	0	0
1266	2	.	60.53	0	1	1	1	1	1	1	1	1	1
1268	2	.	.	0	0	0	0	0	0	0	0	0	0
1270	2	.	.	0	0	0	1	0	0	1	1	0	0
1274	2	0	.	1	0	1	1	0	0	0	1	1	1
1281	2	0	.	1	.	.	.	.	.	.	.	.	.
1282	2	0	54.24	1	1	1	1	0	0	0	0	1	1
1284	2	0	62.13	0	1	1	1	1	1	1	1	1	1
1285	2	0	.	1	.	.	.	.	.	.	.	.	.
1287	2	1	67.43	0	1	1	1	1	1	1	1	1	1
1288	2	0	.	1	1	1	1	1	1	1	1	1	1
1289	2	1	92.08	0	1	1	1	1	1	1	1	1	1
1292	2	0	.	0	1	1	1	0	0	1	0	.	.
1295	2	0	54.67	1	1	1	1	1	1	1	1	1	1
1296	2	0	52.73	1	1	1	1	1	1	1	1	1	1
1297	2	.	45.17	0	1	1	1	0	0	1	1	1	0
1300	2	.	.	0	0	0	0	0	0	1	0	0	1
1301	2	.	49.1	1	.	.	.	.	.	.	.	.	.
1303	2	0	.	1	1	.	1	0	1	0	0	1	1
1305	2	0	67.09	0	1	1	1	1	1	1	1	1	1
1306	2	.	65.99	0	1	1	1	1	1	0	1	1	1
1309	2	.	.	0	1	1	1	1	1	1	1	1	1
1312	2	.	.	1	.	.	.	.	.	.	.	.	.
1313	2	0	70.42	0	1	1	1	0	1	1	1	1	1
1316	2	0	48.16	0	0	1	1	0	1	1	1	1	0
1319	2	.	53.05	1	1	1	1	0	0	1	1	1	1
1320	2	1	.	0	1	0	1	0	0	0	1	1	1
1321	2	0	43.26	1	1	0	1	1	1	1	1	1	1
1322	2	0	.	0	0	0	0	1	1	0	1	1	0
1323	2	0	66.38	0	1	1	1	1	1	0	0	1	1
1324	2	.	.	0	1	1	1	0	0	1	1	.	1
1325	2	0	.	0	1	1	1	1	1	1	1	1	1
1329	2	0	36.2	1	1	0	1	0	1	1	1	1	0
1330	2	0	50.03	1	0	0	1	1	1	0	0	0	0
1331	2	0	.	1	1	1	1	0	0	1	1	1	1
1332	2	0	.	1	1	1	1	1	1	1	1	1	1
1335	2	0	.	1	.	.	.	.	.	.	.	.	.
1341	2	0	48.8	1	0	0	0	1	1	0	0	1	0
1342	2	0	61.48	1	1	1	1	0	1	1	1	1	1
1343	2	.	52.55	1	1	0	1	0	0	1	0	0	0
1345	2	0	57.14	1	0	1	1	0	1	1	1	1	0
1346	2	0	71.27	0	0	1	1	0	1	1	1	1	1
1349	2	0	.	1	0	0	0	0	1	1	1	1	1
1350	2	0	30.95	0	1	1	1	0	0	0	.	1	0
1351	2	0	.	0	1	0	1	0	0	0	0	1	1
1352	2	0	67.92	0	1	1	1	1	1	1	1	1	1
1354	2	1	70.76	1	1	1	1	.	0	1	0	1	1
1355	2	.	77.93	0	0	1	1	0	1	0	0	.	0
1356	2	.	40.91	0	1	0	0	0	1	0	0	1	0
1359	2	0	72.15	0	.	.	.	.	.	.	.	.	.
1362	2	0	55.52	1	1	1	1	0	1	1	0	1	1
1364	2	0	65.49	0	1	1	1	0	1	0	0	0	1
1369	2	0	71.76	1	1	1	1	1	1	0	1	1	0
1370	2	.	44.5	1	0	0	0	1	0	0	0	0	0
1371	2	0	77.72	0	1	1	1	0	0	0	0	0	1
1374	2	.	29.63	1	1	1	1	1	1	0	0	1	0
1378	2	.	36.14	0	1	1	1	1	1	1	0	1	1
1379	2	0	65.49	0	.	.	.	.	.	.	.	.	.
1380	2	.	.	0	0	1	1	1	1	0	0	0	0
1381	2	.	42.81	1	1	1	1	1	1	1	1	1	1
1382	2	0	40.32	0	0	0	0	0	0	1	0	0	0
1383	2	.	48.16	1	1	1	1	1	1	1	1	1	1
1386	2	0	62.46	1	0	0	1	1	1	1	0	1	1
1387	2	.	.	1	.	.	.	.	.	.	.	.	.
1389	2	.	45.16	0	0	0	0	0	1	1	1	1	0
1391	2	0	46.55	1	0	0	0	1	1	1	1	0	0
1392	2	0	55.03	0	1	1	1	1	1	1	1	0	1
1394	2	0	44.05	0	1	1	1	.	0	1	1	1	1
1395	2	.	45.06	0	1	1	1	0	0	1	1	1	1
1396	2	0	63.23	1	0	1	1	1	1	1	1	1	1
1397	2	0	44.98	1	0	0	0	1	1	1	0	1	1
1399	2	0	52.23	1	1	0	1	0	1	1	0	1	1
1400	2	.	.	0	1	0	1	0	1	1	1	1	1
1402	2	0	59.21	1	1	1	1	1	1	1	1	1	1
1403	2	0	53.06	0	0	0	0	0	0	0	0	0	0
1404	2	0	.	0	.	.	.	.	.	.	.	.	.
1405	2	.	.	0	0	1	1	1	1	1	1	1	1
1406	2	0	.	0	0	0	1	1	1	1	0	1	0
1407	2	0	82.51	0	1	1	0	1	1	1	1	0	1
1410	2	0	62.64	0	1	1	1	1	1	1	0	1	0
1412	2	0	40.51	1	1	0	0	0	0	0	0	0	0
1413	2	0	69.17	1	1	1	1	1	1	1	0	1	1
1416	2	0	46.75	1	0	.	0	0	1	1	1	1	1
1419	2	.	.	1	1	1	0	0	1	0	1	1	0
1425	2	0	64.63	1	1	1	1	1	1	1	1	1	1
1428	2	.	53.14	1	1	1	1	1	0	1	1	1	0
1429	2	.	.	0	1	1	1	1	1	.	1	1	1
1431	2	0	83.87	0	1	0	1	1	1	0	0	0	0
1433	2	0	57.68	0	1	1	1	1	1	1	0	0	1
1435	2	0	.	1	1	0	1	1	1	0	1	1	0
1436	2	0	49.05	1	1	1	1	1	1	1	1	1	1
1439	2	0	73.1	1	1	0	1	0	1	1	0	1	1
1440	2	.	66.26	0	0	0	1	0	1	0	1	0	0
1442	2	0	.	1	0	0	0	1	0	0	0	1	1
1443	2	0	84.76	1	.	.	.	.	.	.	.	.	.
1445	2	0	44.55	0	0	1	1	0	1	0	1	0	1
1447	2	.	51.23	0	1	0	0	0	0	0	0	.	0
1449	2	0	55.07	1	1	1	0	1	0	1	1	1	1
1452	2	0	76.49	1	1	1	1	0	1	1	1	1	1
1456	2	.	.	0	0	0	1	1	0	0	0	0	0
1457	2	0	60.47	1	0	1	1	1	1	1	1	1	1
1460	2	1	73.41	0	0	0	0	0	0	0	0	0	0
1462	2	0	.	0	0	0	0	0	0	0	0	0	0
1464	2	0	64.11	0	1	1	1	0	0	1	1	1	0
1465	2	.	55.18	0	1	1	1	1	1	1	1	1	1
1469	2	.	37.99	0	1	1	0	1	0	1	1	0	0
1470	2	0	.	0	0	0	1	0	0	1	1	1	1
1472	2	.	53.87	0	1	1	1	1	1	0	0	0	0
1473	2	0	68.69	1	1	1	1	1	1	1	1	1	1
1476	2	0	74.36	0	0	0	0	0	1	1	1	0	0
1479	2	0	61.2	0	1	1	1	1	1	1	1	1	1
1480	2	0	52.4	0	0	0	0	0	0	0	1	0	0
1482	2	0	67.53	1	0	0	0	0	0	0	0	0	0
1483	2	0	58.78	1	0	0	1	1	1	1	1	1	1
1484	2	0	52.88	1	1	1	1	1	1	1	.	1	1
1487	2	0	64.6	1	0	0	0	0	0	1	1	1	1
1488	2	0	34	1	1	1	1	0	0	1	1	1	1
1491	2	0	.	0	0	1	1	0	1	1	1	1	1
1492	2	0	.	1	1	0	1	0	1	0	0	1	1
1493	2	0	73.64	0	1	1	.	1	1	1	1	1	1
1494	2	0	60.28	0	1	1	1	1	1	1	1	1	1
1495	2	0	66	0	1	1	1	0	1	1	1	1	1
1497	2	.	.	0	0	0	1	1	1	1	1	1	0
1498	2	.	57.32	0	1	1	1	1	1	1	1	.	.
1504	2	0	49.5	0	1	1	1	0	0	0	0	0	0
1506	2	0	70.63	1	1	0	0	1	0	1	1	1	1
1509	2	.	.	0	0	1	1	0	1	1	1	1	1
1510	2	0	50.59	1	0	0	0	1	1	0	0	0	0
1511	2	0	51.73	1	0	0	1	0	0	1	1	0	1
1512	2	0	80.46	0	.	.	.	.	.	.	.	.	.
1518	2	0	.	1	.	.	.	.	.	.	.	.	.
1519	2	0	58.13	1	0	1	1	1	1	0	0	1	0
1520	2	.	64.76	1	1	1	1	1	0	1	1	1	0
1521	2	.	45.32	0	1	1	1	1	1	1	0	1	1
1522	2	0	67.58	0	.	.	.	.	.	.	.	.	.
1526	2	0	55.24	0	0	0	0	0	0	0	0	0	0
1527	2	0	66.39	0	.	.	.	.	.	.	.	.	.
1529	2	0	52.69	0	1	1	1	1	1	1	1	1	1
1532	2	0	44.94	0	1	1	1	1	0	0	0	1	1
1533	2	.	38.19	0	.	.	.	.	.	.	.	.	.
1534	2	0	69.96	1	0	0	1	1	1	0	0	0	1
1535	2	0	68.82	1	1	1	1	1	1	1	0	1	1
1537	2	0	52.87	0	.	.	.	.	.	.	.	.	.
1541	2	.	52.22	0	1	1	1	0	0	1	1	1	1
1542	2	0	56	1	1	0	1	1	1	1	1	1	0
1546	2	0	.	1	.	.	.	.	.	.	.	.	.
1547	2	0	66.13	0	1	1	1	1	0	1	1	1	1
1549	2	0	69.92	0	0	0	1	0	1	1	0	1	1
1550	2	0	58.68	1	1	1	1	1	1	1	1	1	1
1551	2	0	57.43	1	1	1	1	1	1	1	1	1	1
1552	2	0	43.57	0	0	0	1	0	0	1	1	.	1
1553	2	.	.	0	0	0	0	0	0	0	0	0	0
1558	2	0	48.83	1	1	1	1	1	1	1	0	1	1
1560	2	0	91.67	0	1	1	1	0	1	1	1	1	1
1566	2	.	59.34	0	1	1	1	1	0	0	1	1	0
1570	2	0	66.1	1	0	1	0	1	0	0	0	0	0
1572	2	0	49.64	1	0	0	1	0	1	1	0	0	0
1573	2	.	66.23	0	1	1	1	1	1	1	1	1	1
1575	2	0	38.42	0	0	0	0	0	0	0	0	0	0
1576	2	0	51.36	1	1	1	1	1	1	1	1	1	1
1577	2	.	44.11	1	0	0	0	0	1	1	1	1	1
1579	2	0	56.51	1	0	1	0	0	0	1	1	1	1
1580	2	.	48.24	1	0	0	0	0	0	1	1	.	1
1581	2	0	.	0	0	0	1	1	1	1	0	1	0
1584	2	.	32.75	0	0	0	0	0	0	0	0	1	1
1586	2	0	42.11	0	0	0	1	0	0	0	0	0	0
1587	2	0	54.81	1	0	0	0	0	0	0	1	0	0
1588	2	.	42.75	0	1	1	1	0	1	1	1	1	1
1590	2	0	.	0	.	.	.	.	.	.	.	.	.
1594	2	.	.	0	0	0	1	0	0	1	1	1	1
1595	2	0	72.66	0	.	.	.	.	.	.	.	.	.
1598	2	0	55.09	0	.	.	.	.	.	.	.	.	.
1599	2	0	54.31	0	1	1	0	0	1	1	0	1	1
1602	2	0	.	1	1	1	1	1	1	1	1	1	1
1606	2	0	.	1	1	1	1	1	1	1	0	1	1
1607	2	.	48.16	0	1	0	1	0	0	1	1	1	1
1609	2	0	.	0	1	1	1	0	0	1	1	1	0
1612	2	0	53.17	0	0	1	1	1	1	1	1	1	1
1614	2	.	36.58	0	0	1	0	0	1	0	0	0	0
1615	2	0	37	0	0	0	0	0	0	0	0	0	1
1617	2	.	44.57	1	0	0	0	0	0	0	1	1	1
1618	2	0	67.4	1	1	1	1	1	1	0	1	1	1
1619	2	0	39.28	0	0	0	0	1	1	0	0	0	0
1621	2	0	.	0	1	1	1	1	1	1	0	1	1
1622	2	0	51.56	0	1	1	1	1	1	1	1	1	1
1623	2	.	35.41	1	1	0	1	0	0	0	0	1	0
1625	2	.	.	0	0	0	0	0	0	1	1	1	1
1626	2	0	74.78	0	1	1	1	1	1	1	1	1	1
1629	2	0	43.5	1	0	1	1	1	1	1	1	0	0
1632	2	0	65.22	1	1	1	1	1	1	1	1	1	1
1634	2	0	44.59	1	0	0	0	0	0	0	0	0	0
1636	2	.	52.62	0	1	1	0	1	0	1	1	0	0
1639	2	0	46.18	0	1	0	1	1	1	1	1	1	1
1640	2	0	.	1	1	1	1	1	1	1	1	1	0
1641	2	0	.	1	1	1	1	1	1	1	1	1	1
1642	2	0	41.32	1	1	1	1	0	0	0	0	0	1
1643	2	0	71.79	1	1	1	1	0	1	0	0	1	0
1646	2	.	.	0	1	1	1	1	1	0	1	1	1
1647	2	0	72.25	0	1	1	1	.	1	1	0	0	1
1649	2	0	55.44	1	1	1	0	1	1	1	.	1	1
1653	2	0	65.2	1	1	1	1	1	1	1	0	0	1
1654	2	1	72.25	1	1	1	1	1	1	1	1	1	0
1656	2	0	.	1	1	1	1	1	1	1	1	1	1
1657	2	.	.	0	1	1	1	1	1	1	1	1	1
1658	2	0	78.7	0	1	1	1	1	1	0	0	1	0
1660	2	0	63.61	1	1	0	1	1	1	1	1	0	1
1661	2	0	76.45	0	.	.	.	.	.	.	.	.	.
1663	2	0	53.2	0	0	0	0	0	1	1	1	1	1
1665	2	0	62.48	1	1	1	1	1	1	1	0	1	0
1667	2	0	62.42	1	0	1	1	0	1	0	0	1	0
1668	2	0	75.73	0	1	1	1	1	1	1	1	1	1
1670	2	.	.	0	1	1	0	1	1	0	0	1	1
1671	2	.	72.94	1	1	1	1	1	1	1	0	0	1
1672	2	0	.	0	1	1	1	0	0	1	1	1	1
1673	2	0	.	0	1	1	1	1	1	1	1	1	1
1677	2	0	63.54	1	1	1	1	1	1	1	1	1	1
1678	2	.	.	0	0	0	1	0	1	0	1	0	0
1681	2	.	.	0	0	0	0	0	0	0	1	1	1
1682	2	0	.	0	1	1	1	1	1	1	1	1	1
1684	2	0	60.13	0	1	1	1	1	0	1	1	1	1
1685	2	0	70.41	1	1	1	1	0	1	0	1	1	1
1686	2	1	73.51	0	1	1	1	1	1	1	1	0	0
1690	2	.	56.73	0	1	1	1	1	1	1	0	1	1
1692	2	0	.	1	.	.	.	.	.	.	.	.	.
1693	2	.	.	1	.	.	.	.	.	.	.	.	.
1694	2	.	49.88	0	1	1	1	0	0	1	1	1	1
1695	2	0	49.41	0	0	1	0	0	0	1	1	1	1
1697	2	0	.	0	1	1	0	0	0	0	0	0	1
1701	2	0	68.36	0	1	1	1	1	1	0	1	0	0
1705	2	0	.	0	1	1	1	1	1	1	1	0	1
1708	2	0	.	1	.	.	.	.	.	.	.	.	.
1713	2	.	55.27	1	.	.	.	.	.	.	.	.	.
1714	2	0	50.19	1	0	1	1	1	1	.	1	1	1
1716	2	0	73.01	0	1	1	1	1	1	1	1	1	1
1717	2	0	.	1	1	1	1	0	1	1	0	0	0
1720	2	.	60.48	1	.	.	.	.	.	.	.	.	.
1721	2	.	.	0	1	1	1	1	1	1	0	1	1
1723	2	.	36.86	0	1	1	1	1	1	0	0	0	1
1727	2	0	68.87	1	1	0	1	0	1	0	0	0	1
1730	2	0	63.75	1	0	0	0	0	0	0	0	1	0
1731	2	0	51.53	0	1	1	1	0	1	0	0	1	1
1733	2	.	.	1	0	0	0	0	0	0	1	1	0
1734	2	0	78.1	0	1	1	1	1	1	1	1	1	1
1738	2	0	59.63	0	1	1	1	1	1	1	1	0	1
1739	2	.	56.86	1	1	1	1	1	1	0	0	0	0
1740	2	0	.	1	.	.	.	.	.	.	.	.	.
1741	2	0	40.28	1	1	0	1	1	1	1	1	1	1
1742	2	0	.	0	1	1	1	0	0	1	1	1	1
1743	2	0	66.92	0	1	1	1	0	0	0	1	1	1
1745	2	0	.	0	0	1	1	0	0	0	0	0	0
1746	2	0	58.54	1	1	1	1	1	1	1	1	0	0
1748	2	0	59.32	1	1	1	1	0	0	1	0	1	1
1749	2	.	.	1	0	1	0	0	1	1	1	1	0
1750	2	0	63.99	1	1	1	1	1	1	1	1	1	1
1753	2	.	.	0	.	.	.	.	.	.	.	.	.
1754	2	0	72.03	1	0	0	0	1	0	1	1	1	1
1755	2	0	64.18	1	1	0	1	0	0	1	1	1	1
1756	2	0	.	0	1	1	1	0	0	1	0	1	1
1757	2	.	40.35	0	1	1	1	0	0	0	1	1	1
1758	2	0	.	0	.	.	.	.	.	.	.	.	.
1759	2	.	.	0	0	1	0	0	0	0	1	1	0
1760	2	0	63.77	1	1	1	1	1	1	1	1	0	0
1761	2	0	58.65	0	1	1	1	0	0	1	1	1	1
1762	2	0	.	0	1	1	1	0	0	1	1	1	1
1764	2	0	51.35	0	.	.	.	.	.	.	.	.	.
1769	2	0	.	1	0	0	0	0	0	0	1	1	1
1773	2	.	62.93	1	0	1	1	0	1	0	0	1	0
1774	2	.	.	0	1	0	1	0	1	0	1	0	0
1775	2	.	68.26	0	0	0	0	0	0	1	0	1	1
1776	2	0	41.1	0	1	0	0	0	0	1	0	1	1
1777	2	.	47.48	0	0	1	1	0	1	0	1	1	0
1778	2	.	50.19	0	0	1	1	0	1	0	0	1	0
1779	2	0	56.26	1	0	1	1	0	0	1	1	0	1
1780	2	0	48.46	0	.	.	.	.	.	.	.	.	.
1781	2	0	79.07	1	1	1	1	0	0	1	1	0	1
1782	2	0	.	1	1	1	1	0	0	1	0	0	1
1788	2	0	.	1	.	.	.	.	.	.	.	.	.
1790	2	.	.	0	.	.	.	.	.	.	.	.	.
1791	2	.	34.76	0	1	1	0	1	0	1	0	1	0
1792	2	1	.	1	.	.	.	.	.	.	.	.	.
1793	2	0	60.65	1	1	1	0	0	0	1	0	1	0
1794	2	.	54.11	0	.	.	.	.	.	.	.	.	.
1797	2	.	.	0	1	0	0	1	1	1	0	1	1
1798	2	1	62.23	0	0	0	0	0	0	0	0	0	0
1799	2	0	64.75	1	1	1	1	1	1	1	1	0	1
1800	2	1	75.75	1	0	0	0	0	1	1	1	1	1
1802	2	0	74.12	1	1	1	1	1	1	1	1	1	1
1803	2	0	36.64	1	1	0	1	0	0	1	1	0	1
1804	2	0	71.32	1	1	1	1	1	1	1	1	1	1
1806	2	0	66.53	0	1	1	1	1	1	0	1	1	0
1807	2	0	.	1	1	1	1	1	1	1	1	1	1
1808	2	0	.	0	1	1	1	0	0	0	1	1	0
1809	2	0	66.86	1	1	1	1	0	0	0	1	1	1
1811	2	0	.	1	0	0	1	0	1	0	0	0	0
1814	2	0	52.26	0	0	0	0	0	1	0	1	0	0
1817	2	0	73.32	1	1	1	0	1	1	1	1	1	0
1820	2	0	.	0	1	1	1	1	1	1	1	1	1
1821	2	0	61.91	1	0	0	1	0	1	0	0	1	0
1823	2	.	58.42	0	1	1	1	1	1	1	1	1	1
1824	2	0	42.58	1	0	0	1	0	1	1	0	1	1
1826	2	0	.	1	0	1	1	1	1	0	1	1	0
1827	2	0	.	1	0	0	1	1	1	0	0	0	0
1828	2	0	63.4	1	1	1	1	1	1	1	1	1	1
1830	2	1	80.43	0	0	1	1	0	0	1	1	1	1
1831	2	.	53.97	1	0	0	0	1	1	1	1	1	1
1832	2	.	.	1	0	0	0	0	0	0	0	0	0
1834	2	0	74.01	1	1	1	1	1	1	1	1	1	1
1835	2	0	73.29	0	.	.	.	.	.	.	.	.	.
1836	2	.	43.79	0	0	1	1	1	1	0	.	0	1
1839	2	.	68.31	1	1	1	1	1	1	1	1	1	1
1840	2	.	54.61	0	1	1	1	1	1	1	1	0	1
1844	2	0	78.01	0	1	1	1	1	1	1	1	1	1
1846	2	.	55.19	0	0	1	1	1	0	1	0	1	1
1848	2	1	61.89	0	0	0	1	0	0	1	0	1	1
1850	2	0	61.66	0	0	0	0	0	0	0	0	1	0
1856	2	.	.	0	1	1	0	0	0	1	1	1	1
1859	2	.	37.35	1	1	1	0	0	0	1	0	1	1
1861	2	.	72.22	1	1	1	1	1	1	0	0	1	1
1864	2	0	.	1	1	1	1	0	0	1	1	1	1
1865	2	0	37.77	0	1	1	1	1	1	1	1	1	1
1867	2	.	.	1	.	.	.	.	.	.	.	.	.
1868	2	0	76.84	0	0	1	1	1	1	0	0	0	0
1871	2	.	.	1	1	0	0	1	0	1	1	1	1
1872	2	0	43.12	0	.	.	.	.	.	.	.	.	.
1873	2	0	74.33	1	1	1	1	1	0	1	1	1	1
1874	2	0	84.94	1	1	1	1	1	1	1	1	1	1
1876	2	0	39.66	1	1	1	1	1	1	1	1	0	1
1877	2	1	.	0	1	1	1	1	1	1	1	1	1
1879	2	0	70.41	1	1	1	1	1	1	1	1	1	1
1881	2	0	68.34	1	1	1	1	1	1	1	1	1	1
1883	2	.	.	0	.	.	.	.	.	.	.	.	.
1885	2	0	48.33	1	0	1	0	0	1	0	1	0	0
1888	2	0	29.29	0	0	0	0	0	0	0	0	0	0
1889	2	.	.	0	.	.	.	.	.	.	.	.	.
1890	2	0	37.79	0	1	0	1	0	0	0	1	0	0
1892	2	.	.	0	1	1	1	0	0	1	0	0	1
1893	2	.	.	0	1	1	1	0	0	1	1	1	1
1895	2	0	54.29	1	1	0	1	0	1	1	1	1	1
1897	2	1	58.33	1	0	1	1	1	1	1	1	1	1
1898	2	0	.	0	0	1	1	1	1	1	0	1	0
1899	2	0	56.1	0	0	0	1	0	1	1	1	1	1
1900	2	0	.	1	0	0	0	0	0	1	1	1	0
1901	2	.	44.83	0	1	1	1	0	0	1	1	1	1
1902	2	.	66.85	1	0	0	.	0	1	1	0	0	0
1903	2	0	50.8	0	0	0	0	0	0	1	0	0	1
1904	2	0	64.88	1	1	1	1	0	.	.	1	1	1
1905	2	0	68.05	1	1	1	0	1	1	1	1	1	1
1908	2	0	38.04	0	0	0	0	0	0	0	0	0	0
1910	2	0	.	0	0	1	1	1	1	1	1	1	1
1915	2	0	66.99	1	1	1	1	1	1	1	1	0	1
1916	2	0	60.91	0	1	1	1	1	1	1	1	1	1
1918	2	.	56.09	0	1	1	1	1	0	1	0	1	0
1919	2	0	64.17	0	1	1	1	1	0	1	1	1	1
1920	2	0	43.5	0	1	1	1	1	1	1	0	0	1
1921	2	0	.	1	0	0	0	1	0	1	0	1	1
1924	2	0	63.07	1	1	1	1	1	1	1	1	1	1
1927	2	.	28.65	0	1	1	0	0	1	0	0	1	0
1928	2	0	.	0	1	1	1	1	1	1	0	1	1
1929	2	.	43.94	0	0	1	1	0	1	0	1	0	0
1931	2	0	55.29	0	1	1	1	1	1	1	1	1	1
1933	2	0	47.35	0	0	0	0	0	0	.	1	1	1
1937	2	0	54.77	1	1	1	1	0	1	1	0	1	1
1942	2	0	54.78	1	0	0	1	0	0	1	1	1	1
1944	2	1	80.21	1	1	1	1	1	1	0	1	1	1
1945	2	.	50.83	0	0	1	1	1	1	0	.	.	0
1946	2	0	.	0	0	0	0	0	0	1	0	1	1
1950	2	0	38.09	0	0	0	1	0	1	0	1	0	0
1952	2	0	35.86	0	0	0	0	0	0	0	0	1	1
1953	2	0	67.13	0	1	1	1	1	1	0	1	0	1
1954	2	0	59.36	1	1	1	.	1	1	1	1	1	1
1955	2	0	63.08	1	0	0	1	1	0	0	0	0	0
1957	2	0	.	1	0	1	0	1	1	1	1	1	1
1958	2	0	34.75	0	0	0	0	1	1	0	0	0	0
1961	2	.	34.54	1	0	0	0	0	0	0	0	1	0
1962	2	.	.	1	1	1	1	1	1	1	1	1	1
1963	2	.	49.55	0	1	1	1	1	1	0	0	0	0
1964	2	.	44.56	0	.	.	.	.	.	.	.	.	.
1967	2	.	82.33	0	0	0	1	1	1	0	0	0	0
1973	2	0	62.16	1	0	0	0	1	0	1	1	0	1
1974	2	0	.	0	.	.	.	.	.	.	.	.	.
1976	2	0	46.36	0	1	1	1	1	1	1	0	1	1
1978	2	0	.	1	1	1	1	1	0	0	1	1	0
1980	2	0	70.72	0	0	1	1	0	0	0	1	1	1
1981	2	0	44.35	1	0	0	1	0	1	1	0	0	1
1986	2	0	.	0	0	1	1	0	0	1	1	1	1
1987	2	.	43.18	0	1	1	1	1	1	0	1	1	1
1988	2	0	55.01	0	.	.	.	.	.	.	.	.	.
1991	2	0	49.77	1	0	1	1	0	1	1	1	1	1
1994	2	.	.	0	.	.	.	.	.	.	.	.	.
1995	2	0	.	1	1	1	1	1	1	1	1	0	1
1997	2	0	46.18	0	1	0	1	1	1	1	1	1	1
1999	2	0	54.83	0	1	1	1	0	1	1	0	0	1
2001	2	.	.	0	0	1	1	1	1	0	0	1	1
2004	2	0	70.74	1	0	1	0	0	1	1	0	0	0
2005	2	0	.	0	.	.	.	.	.	.	.	.	.
2006	2	0	.	0	0	0	1	0	1	1	1	1	1
2007	2	0	.	1	.	.	.	.	.	.	.	.	.
2008	2	.	69.74	1	1	1	1	1	1	0	0	1	1
2010	2	.	71.99	0	0	0	0	0	0	0	0	0	0
2011	2	0	.	0	1	1	1	1	1	1	1	1	1
2014	2	0	73.46	1	1	0	1	1	1	0	1	0	0
2016	2	0	55.95	1	1	1	0	0	1	0	0	0	0
2017	2	0	.	1	1	0	1	0	0	0	0	1	0
2019	2	.	42.28	0	1	1	1	1	0	1	1	1	1
2020	2	0	.	0	.	.	.	.	.	.	.	.	.
2021	2	0	69.71	1	1	1	1	1	1	1	1	1	1
2023	2	0	57.1	1	1	1	1	1	1	1	1	1	1
2029	2	0	37	1	0	1	1	1	1	1	0	0	1
2032	2	0	47.24	1	1	1	1	0	1	0	1	1	1
2034	2	0	53.49	0	.	.	.	.	.	.	.	.	.
2041	2	0	59.9	0	1	1	1	1	1	1	1	1	1
2042	2	0	.	1	.	.	.	.	.	.	.	.	.
2044	2	0	.	1	1	1	1	0	0	1	1	1	1
2045	2	1	64.92	0	1	1	1	1	1	1	1	1	1
2048	2	.	.	1	0	0	1	1	1	1	.	1	0
2049	2	.	.	1	.	.	.	.	.	.	.	.	.
2051	2	.	62.78	1	1	1	1	1	1	1	1	1	1
2052	2	0	80.91	0	1	1	1	1	1	1	1	1	1
2053	2	0	45.47	0	1	1	1	1	1	1	1	1	1
2058	2	.	61.53	0	1	1	1	1	1	1	1	1	1
2060	2	0	32.15	0	0	1	0	0	0	0	0	1	0
2062	2	0	56.6	0	0	1	1	0	1	1	1	1	0
2063	2	.	49.24	1	1	1	1	0	0	1	1	1	1
2066	2	0	68.43	1	1	1	1	1	1	1	1	1	1
2068	2	0	.	0	0	0	1	0	1	1	0	0	0
2070	2	0	.	1	1	1	1	1	1	1	1	1	1
2072	2	.	44.7	0	1	1	1	0	0	1	1	1	1
2074	2	0	51.17	1	1	0	0	1	1	.	1	1	1
2075	2	0	55.53	0	1	1	1	1	0	1	1	1	1
2076	2	.	66.38	1	0	0	1	0	0	1	1	1	0
2077	2	.	.	0	0	0	1	1	1	0	1	1	1
2078	2	0	67.24	0	1	1	0	1	1	1	1	1	1
2081	2	0	.	0	1	1	1	0	0	1	1	1	1
2085	2	0	.	1	1	1	1	1	0	0	0	0	0
2086	2	0	39.17	0	0	1	1	0	1	1	1	1	1
2087	2	.	63.61	1	1	1	0	0	1	1	1	1	1
2088	2	0	34.75	0	1	0	0	0	0	0	0	1	1
2089	2	0	51.5	0	1	1	1	1	1	0	0	0	1
2090	2	.	38.17	0	1	0	0	0	0	0	0	0	0
2093	2	1	.	0	1	1	1	1	1	1	1	1	1
2094	2	0	55.13	0	0	0	0	0	0	0	0	0	0
2095	2	0	54.49	0	1	0	0	0	0	0	1	0	1
2096	2	0	65.09	0	0	0	0	0	0	1	0	1	1
2097	2	.	.	0	.	.	.	.	.	.	.	.	.
2098	2	0	76.24	1	1	0	1	1	1	0	1	1	0
2099	2	0	86.37	0	1	1	1	1	1	1	1	1	1
2106	2	0	66.72	1	1	1	1	1	1	1	1	1	1
2109	2	.	42.38	0	0	0	0	0	1	1	0	1	1
2111	2	0	52.12	1	1	0	0	1	1	1	0	0	1
2113	2	0	42.11	1	0	0	0	0	0	1	1	1	1
2116	2	.	58.55	1	1	1	1	1	1	1	1	1	1
2117	2	0	62.99	0	0	0	0	0	0	0	0	0	0
2118	2	0	68.44	0	0	1	0	0	1	0	0	0	0
2123	2	0	80.73	0	1	0	1	0	1	1	1	1	1
2125	2	.	.	1	.	.	.	.	.	.	.	.	.
2126	2	0	61.99	1	1	1	1	1	1	1	1	1	1
2127	2	.	57.82	1	1	1	1	1	1	1	0	1	1
2128	2	.	.	0	1	1	1	1	1	1	1	1	0
2130	2	.	.	0	.	.	.	.	.	.	.	.	.
2131	2	0	37.71	0	1	1	1	0	0	1	1	1	1
2132	2	0	32.96	1	.	1	1	0	0	1	1	1	1
2133	2	.	.	0	1	1	1	0	1	1	1	1	1
2135	2	.	.	1	1	1	1	0	1	0	1	1	1
2136	2	.	44	0	0	0	1	0	0	1	1	0	1
2137	2	0	67.33	0	1	1	1	1	0	0	0	1	0
2141	2	1	72.39	0	1	1	1	1	1	1	1	1	1
2142	2	0	.	1	1	1	1	0	1	1	1	1	1
2144	2	0	90.18	0	1	1	1	1	1	1	1	1	1
2146	2	.	.	0	.	.	.	.	.	.	.	.	.
2149	2	0	49.78	1	1	1	1	1	0	1	1	1	1
2150	2	.	43.16	0	1	1	1	0	0	1	1	1	1
2151	2	0	77.12	0	.	.	.	.	.	.	.	.	.
2155	2	.	.	0	1	0	0	1	0	1	1	0	0
2157	2	0	60.65	1	1	1	1	1	1	1	1	1	1
2158	2	.	59.04	0	0	1	0	1	1	1	0	0	1
2162	2	0	65.41	0	1	1	1	1	1	1	1	1	1
2164	2	0	42.07	1	1	0	1	0	1	1	1	0	1
2167	2	0	59.45	1	1	1	1	1	1	1	1	1	1
2168	2	0	51.86	1	1	1	1	0	0	1	1	1	1
2169	2	.	56.46	0	1	1	1	1	1	1	1	1	0
2174	2	0	51.49	0	0	0	0	1	1	0	0	0	0
2175	2	0	39.26	0	1	1	1	.	0	0	0	0	0
2176	2	1	.	1	.	.	.	.	.	.	.	.	.
2179	2	.	36.26	0	1	0	1	0	0	1	1	1	1
2182	2	1	71.13	0	1	1	1	1	1	1	1	1	1
2183	2	0	.	0	1	1	1	0	0	1	1	1	1
2185	2	0	74.34	0	0	1	1	1	1	1	1	1	0
2187	2	0	53.15	0	0	0	0	0	1	1	0	1	1
2188	2	0	43.89	1	1	1	1	0	0	1	1	1	1
2189	2	0	72.92	1	1	1	1	1	1	1	1	1	1
2191	2	0	.	1	0	0	0	0	0	0	0	0	0
2192	2	0	84.63	0	1	1	1	1	1	1	1	1	1
2194	2	.	57.42	1	1	1	1	1	1	1	1	1	1
2195	2	.	26.6	0	1	0	1	0	0	1	0	1	1
2196	2	.	51.34	0	1	1	1	1	1	0	1	1	1
2198	2	0	67.37	0	1	1	1	1	1	1	1	1	1
2199	2	0	70.04	1	1	0	1	0	0	0	1	0	0
2200	2	.	29.84	1	0	0	0	0	0	0	0	0	0
2203	2	.	52.78	0	1	1	1	0	0	1	1	1	1
2204	2	0	.	1	0	0	0	0	0	0	0	0	0
2207	2	.	72.91	0	0	0	0	1	1	0	0	0	0
2209	2	0	64.69	1	0	0	1	0	0	1	1	1	1
2212	2	0	.	0	.	.	.	.	.	.	.	.	.
2221	2	0	.	1	.	.	.	.	.	.	.	.	.
2224	2	0	.	0	1	1	0	1	1	0	1	1	1
2226	2	0	.	1	1	1	1	1	1	1	1	1	1
2227	2	.	51.78	0	1	1	1	0	1	1	1	1	1
2228	2	0	43.65	0	1	1	1	0	0	1	0	0	0
2229	2	.	38.43	1	0	0	1	0	1	1	0	1	1
2230	2	1	78.33	0	1	1	1	0	0	1	1	1	1
2232	2	0	59.61	1	0	0	0	1	0	1	0	1	1
2233	2	0	73.92	0	0	1	1	0	1	0	0	1	1
2234	2	1	73.72	0	1	1	1	1	1	1	1	1	1
2235	2	0	91.57	0	1	1	1	1	1	1	1	1	1
2236	2	0	44.38	1	.	.	.	.	.	.	.	.	.
2239	2	0	60.45	0	1	0	0	0	0	0	0	0	1
2243	2	0	76.41	0	1	1	1	0	1	1	1	1	1
2244	2	0	57.31	1	0	0	1	0	1	1	0	1	1
2245	2	0	78.71	1	1	1	1	1	1	1	1	1	0
2246	2	0	.	1	.	.	.	.	.	.	.	.	.
2247	2	.	44.08	0	0	0	1	0	0	0	1	0	0
2250	2	1	84.05	1	1	1	1	1	1	1	1	1	1
2254	2	0	45.95	0	0	1	1	1	1	0	0	0	0
2257	2	0	.	0	.	.	.	.	.	.	.	.	.
2261	2	0	71.62	0	1	1	1	1	1	1	1	1	1
2265	2	.	50.91	1	0	0	1	1	0	1	0	0	1
2266	2	0	62.74	0	.	.	.	.	.	.	.	.	.
2268	2	0	52.69	1	1	1	1	0	1	1	1	0	1
2272	2	0	63.7	1	0	0	1	0	0	1	1	1	1
2274	2	0	45.32	1	0	0	1	0	1	1	0	1	0
2278	2	0	54.32	1	1	1	1	0	1	1	1	1	1
2279	2	.	.	0	1	1	1	0	0	1	1	1	0
2280	2	.	61.75	0	1	0	1	1	1	1	1	1	1
2281	2	0	45.32	0	0	0	0	.	1	1	0	0	0
2286	2	.	.	0	1	1	1	1	1	1	1	1	1
2287	2	0	.	1	0	0	1	0	0	0	1	1	.
2288	2	0	.	0	.	.	.	.	.	.	.	.	.
2292	2	0	40.47	1	0	0	0	0	0	1	1	1	1
2293	2	.	71.6	0	1	1	1	0	1	1	0	1	1
2294	2	0	72.32	1	0	1	1	1	0	1	1	1	1
2295	2	0	.	0	.	.	.	.	.	.	.	.	.
2296	2	.	66.7	0	1	1	0	1	0	1	1	1	1
2299	2	0	63.33	1	1	1	1	0	1	1	1	1	1
2301	2	0	75.07	1	1	1	1	1	1	1	1	1	1
2303	2	0	76.56	0	1	1	1	1	1	1	1	1	1
2305	2	1	.	0	1	1	1	1	1	1	1	1	1
2306	2	0	50.79	0	1	1	1	0	0	1	1	1	1
2308	2	0	59.39	1	.	.	.	.	.	.	.	.	.
2310	2	0	48	1	0	1	1	1	1	1	1	1	1
2311	2	.	.	0	.	.	.	.	.	.	.	.	.
2312	2	0	.	1	0	1	1	.	1	0	1	0	0
2313	2	0	72.7	1	1	1	1	1	1	1	0	1	1
2316	2	0	61.55	0	1	1	0	.	1	1	1	1	1
2317	2	0	55.52	1	1	1	1	1	1	0	1	1	1
2318	2	.	.	0	.	.	.	.	.	.	.	.	.
2319	2	0	.	0	.	.	.	.	.	.	.	.	.
2321	2	0	52.96	1	1	0	0	0	1	0	0	1	0
2322	2	0	47.59	0	0	1	1	1	1	1	0	1	1
2323	2	0	42.9	1	1	1	1	0	0	0	0	1	0
2325	2	0	54.44	1	1	1	1	1	1	1	1	1	1
2326	2	0	57.43	0	1	1	1	1	1	1	1	1	1
2329	2	0	48.19	1	1	0	1	1	0	0	1	1	1
2330	2	.	48.1	0	1	0	0	0	0	1	1	1	1
2332	2	0	39.08	1	0	0	0	0	0	0	0	0	0
2333	2	0	56.65	0	1	1	1	0	0	1	0	1	1
2335	2	0	61.99	0	1	1	1	1	1	1	1	1	1
2337	2	0	68.99	0	0	0	0	1	0	0	0	0	0
2338	2	0	77.85	1	1	1	1	0	0	1	1	0	1
2339	2	0	59.91	1	1	0	0	1	1	0	0	1	1
2340	2	.	47.52	0	0	0	0	0	0	1	0	1	1
2341	2	0	60.52	1	0	1	1	0	0	0	1	0	1
2345	2	0	57.28	1	0	0	1	0	1	0	0	0	1
2348	2	.	.	0	0	0	0	1	1	0	0	0	0
2350	2	0	60.23	1	1	1	1	0	1	0	0	0	0
2352	2	0	75.21	1	.	.	.	.	.	.	.	.	.
2356	2	0	57.86	1	0	1	1	1	1	0	0	0	0
2361	2	0	.	1	1	1	1	1	1	0	0	1	1
2362	2	0	.	0	1	1	1	1	1	1	1	1	1
2363	2	0	72.24	0	1	1	1	1	1	1	1	1	1
2365	2	0	72.33	1	1	1	1	1	1	1	1	1	1
2370	2	0	57.27	1	.	0	0	0	1	0	0	0	0
2376	2	.	70.39	0	1	1	1	1	1	1	0	1	0
2379	2	0	43.26	0	1	1	0	1	1	1	1	1	1
2381	2	0	55.39	0	1	1	1	1	1	1	1	1	1
2382	2	.	.	0	0	0	0	1	0	0	1	1	0
2384	2	0	57.25	1	1	1	1	1	1	1	0	1	1
2386	2	0	61.28	1	.	.	.	.	.	.	.	.	.
2387	2	0	73.67	0	.	.	.	.	.	.	.	.	.
2388	2	0	.	0	1	1	1	1	1	1	0	1	1
2390	2	0	56.28	0	1	0	1	1	1	1	1	1	1
2391	2	0	55.77	1	1	1	1	1	0	1	0	1	1
2394	2	0	63.23	0	0	0	1	0	1	1	0	1	1
2396	2	0	.	0	0	0	1	0	1	0	0	1	1
2400	2	0	57.12	1	0	0	1	0	1	0	0	0	0
2401	2	0	50.61	1	1	1	1	1	1	1	0	1	1
2403	2	0	65.2	1	1	1	1	0	1	1	0	0	1
2404	2	.	52.7	1	0	1	1	1	1	1	1	1	1
2405	2	.	66.77	0	1	1	1	1	1	1	1	1	1
2407	2	0	.	1	1	1	1	1	1	1	0	1	1
2411	2	.	.	1	1	1	1	0	1	1	1	1	1
2412	2	.	70.57	1	1	1	1	1	0	1	1	1	0
2414	2	0	67.39	0	1	1	0	0	1	0	1	0	0
2417	2	0	55.66	1	1	1	1	1	1	1	0	1	1
2418	2	0	43.02	0	.	.	.	.	.	.	.	.	.
2419	2	0	57.39	0	0	1	.	0	1	0	0	0	0
2420	2	.	40.79	1	1	1	0	0	0	1	0	0	1
2422	2	.	.	0	.	.	.	.	.	.	.	.	.
2424	2	0	68.1	1	1	1	1	1	1	1	1	1	1
2426	2	0	.	1	0	0	1	1	1	1	1	1	1
2427	2	.	46.73	1	1	1	1	1	1	0	0	0	0
2429	2	0	44.28	1	1	1	1	0	0	1	1	1	0
2434	2	0	60.78	0	1	1	1	1	1	0	1	0	0
2435	2	0	40.87	0	0	0	0	0	0	0	0	0	0
2436	2	0	53.84	1	1	1	1	0	0	1	1	1	1
2437	2	0	75.89	1	1	1	1	0	1	1	1	1	1
2438	2	0	.	1	1	1	1	0	0	0	1	1	0
2439	2	0	72.56	0	1	1	1	1	1	0	0	1	0
2441	2	0	.	1	.	.	.	.	.	.	.	.	.
2443	2	0	42.1	1	0	1	1	1	1	1	1	1	1
2444	2	.	.	1	.	.	.	.	.	.	.	.	.
2446	2	0	53.36	1	0	0	1	0	0	1	1	1	1
2447	2	.	60.41	1	0	0	1	1	1	1	1	1	1
2450	2	0	38.46	0	0	1	1	.	1	1	1	1	1
2452	2	.	.	0	1	1	1	1	1	1	.	1	1
2453	2	0	.	1	0	0	1	0	0	1	1	1	0
2457	2	0	77.68	1	0	0	0	0	0	0	0	0	0
2458	2	.	.	0	0	0	0	1	0	0	0	1	0
2459	2	.	62.69	0	.	.	.	.	.	.	.	.	.
2460	2	.	.	1	0	0	1	0	0	1	1	0	1
2463	2	.	47.8	1	1	1	0	1	0	1	1	0	1
2464	2	.	.	1	0	0	0	1	1	0	1	1	1
2465	2	.	.	0	1	1	1	0	0	1	1	.	0
2466	2	0	63.33	0	1	1	0	0	0	1	1	1	1
2467	2	0	66.84	0	0	1	1	1	1	1	1	1	1
2469	2	0	67.67	1	1	1	1	1	1	.	0	1	1
2471	2	0	.	1	1	1	1	0	1	0	1	1	0
2474	2	0	59.36	1	1	1	1	1	1	0	0	1	1
2476	2	0	.	1	1	0	.	1	1	1	1	1	1
2482	2	0	49.61	1	0	0	0	0	0	1	1	1	0
2485	2	0	33.21	1	1	1	1	0	0	1	1	1	1
2487	2	0	55.67	0	0	0	0	0	0	0	0	0	0
2488	2	0	52.18	0	0	0	1	1	1	1	0	0	0
2489	2	0	66.26	1	.	.	.	.	.	.	.	.	.
2490	2	.	82.65	0	.	.	.	.	.	.	.	.	.
2494	2	0	47.48	1	.	.	.	.	.	.	.	.	.
2495	2	.	.	1	1	1	1	1	1	0	0	0	0
2498	2	0	40.62	0	0	1	1	1	1	1	0	1	1
2500	2	0	58.25	1	1	1	1	1	1	1	0	1	0
2501	2	0	.	1	1	1	1	1	1	1	1	1	1
2502	2	1	80.03	0	0	1	1	0	0	1	1	1	1
2508	2	0	62.89	1	1	1	1	0	0	0	0	1	1
2510	2	0	71.43	1	1	1	1	1	1	1	1	1	1
2511	2	0	.	0	1	1	1	0	0	1	1	1	1
2514	2	0	59.01	0	1	1	1	0	0	1	1	1	1
2522	2	0	60.41	0	.	.	.	.	.	.	.	.	.
2524	2	0	60.74	1	1	1	1	1	1	1	1	1	1
2525	2	0	71.8	1	1	1	1	0	1	1	1	1	1
2527	2	0	40.44	0	1	0	1	0	0	1	1	1	1
2528	2	0	55.68	1	1	1	1	1	0	1	1	1	1
2531	2	0	50.99	0	1	0	1	1	1	1	0	1	1
2534	2	0	77.43	0	1	1	1	0	1	1	1	1	1
2535	2	0	55.92	1	1	0	1	0	1	1	1	1	1
2539	2	0	55.58	0	1	1	1	0	1	1	1	1	1
2540	2	0	.	0	1	1	0	.	1	0	1	1	1
2542	2	0	54.45	0	0	1	1	1	1	1	0	1	0
2543	2	.	.	0	1	1	1	0	.	1	.	.	0
2544	2	0	48.89	0	.	.	.	.	.	.	.	.	.
2545	2	0	59.99	0	1	1	1	.	0	1	1	1	1
2547	2	0	40.04	0	0	1	0	0	0	0	0	1	0
2548	2	0	.	0	1	1	1	1	0	1	0	0	0
2552	2	0	63.25	0	1	0	1	1	1	1	0	1	1
2553	2	.	.	0	.	.	.	.	.	.	.	.	.
2554	2	0	73.82	1	0	1	1	1	1	0	1	0	0
2555	2	0	63.6	0	.	.	.	.	.	.	.	.	.
2556	2	0	55.81	0	0	1	1	0	0	1	1	1	.
2558	2	0	.	0	1	1	1	0	1	1	0	1	1
2559	2	1	79.37	0	1	1	1	1	0	1	1	1	1
2561	2	0	46.69	1	1	0	1	1	1	1	1	1	1
2563	2	0	52.52	0	1	0	1	1	1	1	0	1	0
2564	2	.	46.61	0	1	1	1	0	1	1	1	1	1
2566	2	0	55.01	0	0	0	0	0	1	1	0	1	1
2568	2	0	72.01	1	1	1	1	1	1	1	1	1	1
2569	2	.	41.48	0	0	0	0	1	1	0	0	0	0
2573	2	0	72.35	1	0	1	1	1	1	1	1	1	1
2575	2	0	55.19	0	1	0	0	0	0	1	1	0	0
2576	2	0	70.8	1	1	1	1	0	1	1	0	1	1
2577	2	.	.	0	.	.	.	.	.	.	.	.	.
2578	2	0	77.42	0	.	.	.	.	.	.	.	.	.
2580	2	0	46.4	1	1	1	1	0	0	1	0	1	1
2581	2	.	.	0	.	.	.	.	.	.	.	.	.
2583	2	0	67.34	0	1	1	1	1	1	1	1	1	0
2584	2	0	.	0	1	1	1	1	1	1	1	1	1
2586	2	0	65.79	0	1	1	1	1	1	1	0	1	1
2590	2	0	45.41	0	1	1	1	0	0	0	1	1	1
2593	2	0	61.33	1	0	0	1	1	1	1	1	0	1
2596	2	0	56.33	0	.	.	.	.	.	.	.	.	.
2597	2	0	59.53	1	1	0	0	0	0	1	0	0	0
2598	2	0	83.13	0	1	1	1	1	1	1	1	1	1
2599	2	0	74.23	1	1	1	1	1	1	1	1	1	1
2601	2	.	.	1	.	.	.	.	.	.	.	.	.
2604	2	0	.	0	1	1	1	0	1	1	1	1	1
2605	2	.	66.83	1	1	1	1	1	1	.	1	1	1
2606	2	0	29.53	0	0	1	0	0	0	0	0	0	0
2609	2	.	53.31	1	1	1	1	1	0	1	1	1	1
2610	2	.	.	1	1	1	1	1	1	1	0	0	0
2614	2	.	47.97	0	1	1	0	1	1	1	1	1	1
2616	2	.	55.98	0	1	0	0	0	0	1	1	0	0
2617	2	0	56.37	0	0	1	1	0	0	1	1	0	0
2618	2	0	.	0	1	1	1	1	1	1	1	1	1
2619	2	0	63.98	1	0	0	1	0	0	1	0	1	1
2620	2	0	.	1	0	0	0	0	0	1	0	1	1
2621	2	0	70.82	0	0	1	1	0	1	1	0	0	0
2622	2	0	69.42	1	0	0	0	0	0	1	1	1	1
2623	2	0	56.56	1	0	0	0	0	0	.	1	1	0
2625	2	0	54.76	0	0	1	1	0	1	1	0	1	1
2626	2	0	.	0	.	.	.	.	.	.	.	.	.
2627	2	0	40.13	1	1	0	1	0	0	1	1	1	1
2628	2	.	40.34	0	1	0	1	1	1	0	1	1	1
2630	2	.	60.27	1	1	1	0	1	1	1	0	1	1
2632	2	0	.	1	1	1	0	0	1	1	1	1	1
2634	2	.	62.85	1	1	1	1	1	1	0	0	1	1
2635	2	0	.	1	1	1	1	1	1	1	1	1	1
2636	2	0	51.43	0	0	0	0	1	0	1	1	1	1
2637	2	0	65.03	1	1	1	1	1	1	1	1	1	0
2638	2	0	63.68	1	1	1	1	1	1	1	1	1	0
2641	2	1	67.7	0	1	1	1	1	1	0	0	0	0
2642	2	0	65.43	1	1	1	1	1	1	0	0	1	1
2643	2	0	65.02	1	.	.	.	.	.	.	.	.	.
2645	2	0	78.7	1	1	1	0	0	1	1	1	0	0
2647	2	.	.	0	0	0	0	0	0	.	0	0	0
2650	2	.	67.86	0	0	0	1	1	1	1	1	1	0
2651	2	0	46.25	1	0	0	0	1	0	1	1	1	0
2652	2	0	64.28	1	1	1	1	1	1	1	1	1	1
2653	2	0	.	0	.	.	.	.	.	.	.	.	.
2657	2	0	70.53	0	0	1	1	0	1	0	0	0	1
2658	2	0	41.09	0	1	1	1	0	0	1	1	1	1
2659	2	.	.	0	0	0	0	0	0	0	0	0	0
2661	2	.	65.15	0	.	.	.	.	.	.	.	.	.
2662	2	0	.	1	0	0	0	1	0	1	1	1	1
2663	2	0	37.2	0	0	1	0	1	0	0	0	0	0
2664	2	0	57.36	1	1	0	0	0	1	0	0	1	1
2665	2	0	.	0	.	.	.	.	.	.	.	.	.
2669	2	0	53.81	0	0	0	0	1	1	0	0	0	0
2671	2	.	31.67	0	.	.	.	.	.	.	.	.	.
2672	2	0	54	1	1	1	1	1	1	1	0	1	1
2673	2	0	68.52	1	1	1	1	1	1	1	1	0	0
2674	2	0	56.63	0	0	0	1	0	1	1	0	0	1
2676	2	1	42.34	0	0	0	0	0	1	1	1	1	1
2677	2	.	54.72	1	1	1	1	1	0	1	0	1	1
2679	2	0	71.44	0	1	1	1	1	1	1	1	1	1
2680	2	0	64.57	1	1	1	0	1	1	0	0	1	1
2682	2	0	.	0	.	.	.	.	.	.	.	.	.
2683	2	0	56.6	0	0	0	0	0	1	0	0	0	0
2687	2	0	.	1	1	1	1	1	1	1	0	1	1
2689	2	0	73.58	0	1	1	1	1	0	0	0	1	1
2691	2	0	46.1	0	.	.	.	.	.	.	.	.	.
2692	2	.	.	0	1	1	0	1	0	1	1	0	1
2693	2	0	53.92	1	0	1	1	1	1	1	1	0	0
2694	2	0	.	1	.	.	.	.	.	.	.	.	.
2695	2	.	50.25	1	1	1	0	1	1	0	1	1	1
2697	2	0	74.41	0	0	1	1	0	1	1	1	1	1
2699	2	0	41.88	0	1	1	1	0	0	1	1	1	1
2701	2	0	.	1	1	1	1	0	1	1	1	1	1
2703	2	0	41.71	0	.	.	.	.	.	.	.	.	.
2707	2	.	57.95	0	0	0	0	0	0	0	0	0	0
2708	2	0	39.38	1	0	1	0	1	0	0	0	1	1
2709	2	0	58.95	0	0	0	0	0	0	1	1	0	1
2710	2	.	.	0	.	.	.	.	.	.	.	.	.
2716	2	1	74.97	0	1	1	1	.	1	1	1	1	1
2718	2	0	52.63	1	0	0	0	0	1	1	1	1	1
2719	2	0	71.4	1	0	0	1	1	1	1	1	1	0
2720	2	0	44.41	1	1	0	0	1	1	1	0	1	1
2721	2	0	.	1	1	1	1	1	1	0	0	1	1
2722	2	0	.	1	0	0	0	0	0	0	1	0	0
2723	2	0	48.64	1	1	0	0	0	1	1	1	1	1
2724	2	.	.	0	1	1	1	1	1	1	0	1	1
2726	2	.	.	0	.	0	1	0	0	1	1	1	0
2729	2	0	78.67	1	1	1	1	1	1	1	1	1	1
2731	2	0	74.32	1	0	0	0	0	0	0	0	1	1
2732	2	.	79.27	1	0	0	0	1	0	1	0	1	0
2734	2	0	.	1	.	.	.	.	.	.	.	.	.
2737	2	0	63.87	1	1	0	1	0	1	0	1	0	0
2738	2	0	49.44	1	1	1	1	1	1	1	0	1	1
2740	2	0	41.14	0	1	1	1	0	0	1	1	1	1
2741	2	1	.	1	.	.	.	.	.	.	.	.	.
2742	2	0	50.62	1	.	.	.	.	.	.	.	.	.
2746	2	0	41.74	1	0	0	0	1	1	0	0	1	1
2747	2	0	.	0	.	.	.	.	.	.	.	.	.
2748	2	0	.	1	.	.	.	.	.	.	.	.	.
2750	2	0	60.26	0	1	1	1	0	1	1	0	1	1
2752	2	0	54.72	0	0	0	0	0	0	0	0	0	0
2755	2	0	67.34	0	1	1	1	1	1	1	0	1	1
2757	2	.	.	0	1	0	1	1	1	1	1	1	1
2759	2	0	54.97	1	0	0	0	1	1	1	1	1	0
2761	2	0	64.6	0	1	1	1	1	1	1	1	1	0
2763	2	0	67.98	0	1	1	1	1	1	1	1	1	1
2765	2	0	.	1	0	0	0	0	0	1	1	0	0
2766	2	0	76.92	1	1	1	1	0	1	1	1	1	1
2768	2	.	59.23	0	.	.	.	.	.	.	.	.	.
2773	2	0	81.39	0	1	1	1	1	1	1	1	0	0
2775	2	.	38.56	0	1	1	1	.	1	1	1	1	1
2776	2	.	36.44	0	0	1	0	0	0	0	0	0	0
2779	2	0	.	1	.	.	.	.	.	.	.	.	.
2783	2	0	53.1	1	0	0	0	0	0	0	1	1	1
2784	2	.	.	0	.	.	.	.	.	.	.	.	.
2788	2	0	65.14	0	1	1	1	1	1	1	1	1	1
2792	2	0	76.91	1	1	1	1	0	1	0	1	1	1
2793	2	0	42.22	1	1	1	1	1	1	1	1	1	1
2795	2	0	63.38	1	0	1	1	0	1	1	1	0	1
2797	2	0	81.71	1	0	1	0	1	0	0	1	1	1
2798	2	0	63.5	0	0	0	0	0	1	1	1	1	1
2799	2	.	45.37	0	1	1	1	0	1	0	0	1	1
2800	2	0	66.7	1	1	1	1	1	1	1	1	1	1
2804	2	0	62.32	0	.	0	0	1	1	0	1	0	1
2806	2	0	61.39	0	0	0	0	0	0	0	1	0	0
2808	2	.	.	0	.	.	.	.	.	.	.	.	.
2810	2	0	63.13	0	1	1	1	1	1	1	1	1	1
2815	2	.	50.4	0	1	0	0	0	0	0	0	0	0
2816	2	.	47.48	0	0	0	0	0	1	0	0	0	1
2818	2	0	37.84	0	1	1	1	0	0	1	1	1	1
2820	2	0	58.42	1	0	0	1	1	1	1	1	1	1
2821	2	.	57.16	1	1	1	1	0	0	1	1	1	1
2822	2	.	.	0	1	0	1	1	1	1	0	0	0
2825	2	0	61.14	1	1	1	1	1	1	1	1	1	1
2827	2	0	.	0	1	0	.	1	0	1	1	0	0
2830	2	1	73.16	0	1	1	1	1	1	1	1	1	1
2831	2	.	.	0	1	1	1	0	1	1	1	1	1
2832	2	0	59.15	1	1	1	1	1	1	1	1	1	1
2833	2	.	50.05	0	1	1	1	0	1	0	0	1	0
2834	2	0	36.6	1	1	0	0	.	1	1	1	1	1
2836	2	0	41.22	0	0	1	1	1	1	1	1	1	1
2839	2	0	72.15	1	0	1	1	1	1	0	1	1	1
2840	2	0	69.82	1	0	0	1	0	1	1	1	1	1
2841	2	.	46.68	0	1	1	1	1	1	1	0	1	0
2842	2	0	42.41	0	0	1	1	1	1	1	0	1	0
2844	2	0	50.38	1	0	1	0	0	0	0	0	0	0
2847	2	.	.	0	1	1	0	1	1	1	0	1	0
2848	2	1	66.38	0	1	0	1	0	1	1	1	0	0
2849	2	0	.	0	1	1	1	1	0	1	1	1	1
2850	2	.	75.16	0	1	1	1	0	0	0	0	.	1
2851	2	.	45.89	0	0	0	0	1	.	0	1	1	0
2853	2	0	75.09	1	1	1	1	1	1	1	1	1	1
2854	2	.	.	0	1	1	1	1	1	1	1	1	1
2858	2	0	55.59	1	1	1	1	0	0	1	1	1	1
2860	2	0	69.71	1	1	1	1	1	1	1	1	1	1
2861	2	0	52.4	0	1	1	1	0	0	1	0	0	0
2862	2	0	51.95	1	0	0	0	0	0	1	1	0	1
2863	2	0	.	1	1	1	1	0	0	0	0	0	1
2864	2	0	78.79	0	0	1	1	1	1	1	1	1	1
2866	2	0	69.7	0	1	1	1	1	1	1	1	1	1
2867	2	0	63.47	0	1	1	1	0	1	1	1	1	1
2870	2	0	50.55	0	1	0	1	0	0	1	1	1	1
2872	2	1	67.09	0	1	1	1	1	1	1	1	1	1
2873	2	.	.	0	.	.	.	.	.	.	.	.	.
2874	2	0	.	1	1	0	1	0	0	1	1	1	1
2878	2	.	53.41	0	1	1	1	1	1	1	1	1	1
2879	2	0	78.19	1	1	1	1	1	1	1	1	1	1
2885	2	0	57.55	1	1	1	1	1	1	1	1	1	1
2886	2	0	76.09	1	0	0	1	0	0	1	0	0	0
2888	2	.	.	1	.	.	.	.	.	.	.	.	.
2893	2	.	.	1	.	.	.	.	.	.	.	.	.
2894	2	0	47.59	0	0	1	1	0	1	0	0	0	1
2897	2	.	48.71	1	.	.	.	.	.	.	.	.	.
2901	2	0	74.36	0	1	1	1	1	1	1	1	0	0
2903	2	0	69.17	1	1	1	1	1	1	0	1	1	1
2904	2	1	73.44	1	1	1	1	0	1	1	1	1	1
2908	2	.	63.21	1	1	0	0	1	1	1	1	1	1
2909	2	0	.	0	1	1	1	0	0	1	1	1	1
2911	2	0	48.31	1	1	1	1	1	1	1	1	0	1
2912	2	.	.	1	.	.	.	.	.	.	.	.	.
2913	2	0	.	1	0	1	1	0	1	1	0	1	1
2914	2	1	65.44	0	0	1	1	0	0	1	1	1	1
2916	2	.	.	1	1	0	1	1	1	0	0	0	0
2918	2	0	78.34	0	1	1	1	0	1	1	1	1	1
2921	2	0	48.23	1	1	0	1	0	1	1	0	0	0
2924	2	1	.	0	1	1	1	1	1	1	0	1	1
2926	2	0	.	1	1	1	1	1	1	1	1	0	1
2927	2	.	.	0	1	1	1	1	1	0	0	1	0
2928	2	0	82.89	0	0	1	1	0	1	1	1	1	1
2931	2	.	.	0	0	0	0	0	1	0	0	0	1
2935	2	0	73.73	0	1	1	1	1	1	1	1	0	0
2936	2	1	64.53	1	1	1	1	1	1	1	1	1	1
2937	2	.	.	1	.	.	.	.	.	.	.	.	.
2939	2	0	56.74	1	0	1	1	1	1	1	1	1	0
2940	2	0	59.54	1	0	0	1	1	1	1	0	1	1
2941	2	.	.	0	1	1	1	0	0	1	1	1	1
2944	2	0	49.71	1	1	1	1	1	1	.	1	1	1
2947	2	0	51.69	1	1	0	1	0	0	1	0	1	1
2953	2	.	80.21	0	0	1	1	1	1	1	0	1	1
2955	2	1	68.65	0	1	1	1	1	1	1	1	1	1
2956	2	0	66.48	0	1	1	0	.	1	1	1	1	1
2957	2	0	73.47	0	1	1	1	0	1	1	1	1	1
2962	2	0	63.6	0	1	1	1	0	1	1	1	1	1
2967	2	0	47.95	0	0	1	0	0	0	0	0	0	0
2969	2	0	41	1	1	0	1	0	0	1	1	1	1
2970	2	0	45.11	0	1	0	1	0	0	0	0	1	1
2972	2	0	.	1	0	0	0	0	1	1	1	1	1
2975	2	0	.	0	1	0	1	0	1	1	0	0	1
2976	2	0	54.01	1	0	0	0	0	0	0	0	0	0
2977	2	1	60.82	1	.	.	.	.	.	.	.	.	.
2978	2	0	65.24	0	1	1	1	1	0	1	0	1	1
2982	2	0	.	1	0	0	0	0	1	0	0	1	0
2984	2	.	.	1	1	1	1	1	1	0	1	1	1
2985	2	0	57.19	0	1	1	1	1	1	0	1	1	1
2986	2	0	.	1	1	1	1	1	1	1	0	1	1
2991	2	0	55.69	1	0	1	1	1	1	0	0	1	0
2999	2	0	.	1	0	0	0	1	1	1	0	0	1
3000	2	.	33.79	0	0	1	0	0	.	1	1	0	1
3004	2	0	.	1	1	1	1	1	1	1	1	1	1
3007	2	0	65.61	1	1	1	1	1	1	1	.	1	1
3008	2	.	43.33	1	1	1	1	.	1	1	0	1	1
3010	2	0	.	1	.	.	.	.	.	.	.	.	.
3012	2	1	66.72	1	1	1	1	1	1	1	1	1	1
3013	2	0	.	1	.	.	.	.	.	.	.	.	.
3014	2	.	.	0	.	.	.	.	.	.	.	.	.
3015	2	0	52.5	1	1	1	1	0	1	1	1	1	0
3016	2	0	55.61	1	0	0	1	0	0	0	.	1	1
3018	2	0	69.08	0	1	1	1	1	1	1	1	1	1
3021	2	0	68.99	1	0	1	1	1	1	1	1	0	1
3022	2	0	46.32	0	1	1	1	1	1	0	0	1	1
3024	2	0	44.67	0	1	1	1	0	0	1	0	1	0
3026	2	0	74.83	1	0	1	1	1	1	1	1	1	1
3030	2	0	68.93	0	1	1	1	1	1	1	1	1	1
3032	2	.	.	1	.	.	.	.	.	.	.	.	.
3033	2	.	50.99	1	1	1	1	1	1	1	1	1	1
3034	2	0	.	1	1	1	1	1	1	0	0	1	1
3035	2	0	53.34	1	1	1	1	1	1	1	0	1	1
3037	2	.	.	1	0	0	1	0	0	1	1	1	1
3039	2	0	69.68	0	.	.	.	.	.	.	.	.	.
3041	2	.	60.3	1	1	0	1	1	1	0	.	0	0
3043	2	.	.	1	1	0	0	1	0	1	1	1	1
3044	2	0	.	1	1	1	1	1	1	1	1	1	1
3045	2	1	.	1	.	.	.	.	.	.	.	.	.
3046	2	.	.	0	1	1	1	0	0	.	0	0	0
3047	2	0	78.55	0	1	1	1	1	1	1	0	1	1
3048	2	0	72.04	0	1	1	1	1	1	0	0	1	0
3051	2	0	55.35	1	1	1	1	1	0	1	0	1	1
3053	2	0	.	1	1	1	1	0	0	1	1	1	1
3056	2	0	58.4	0	0	0	0	0	0	1	0	0	0
3059	2	0	57.27	0	1	1	1	1	1	1	1	1	1
3061	2	1	78.51	0	1	1	1	1	1	1	1	1	1
3065	2	0	47.44	0	0	1	1	1	1	1	1	1	1
3068	2	0	50.33	0	1	1	1	0	0	1	0	1	0
3070	2	0	57.41	0	1	1	1	1	1	1	1	1	1
3072	2	0	63.61	0	1	0	1	1	1	1	0	1	1
3073	2	0	66.74	1	0	1	1	1	1	1	1	1	1
3074	2	0	73.86	1	0	0	0	0	0	1	1	1	0
3076	2	0	62.05	1	1	1	1	0	0	0	0	1	1
3077	2	0	44.24	1	0	1	1	1	1	0	0	0	0
3078	2	0	40.17	0	1	1	1	0	0	1	1	1	1
3080	2	0	.	1	1	1	1	1	1	0	0	1	1
3083	2	.	53.31	0	1	1	1	1	0	1	1	1	1
3085	2	0	67.1	1	1	1	1	1	1	1	0	1	0
3090	2	0	61.12	1	1	1	1	1	1	1	1	0	0
3092	2	0	60.75	1	0	0	1	1	1	1	0	0	1
3093	2	0	66.83	0	0	1	1	1	1	1	1	1	1
3094	2	0	44.47	0	1	1	1	1	1	1	0	1	0
3095	2	0	60.23	0	0	1	0	1	1	1	0	1	1
3097	2	1	84.74	1	1	1	1	1	1	1	1	1	1
3098	2	0	72.04	0	1	1	0	1	1	0	1	1	0
3099	2	.	38.85	0	1	1	1	1	1	1	1	1	1
3102	2	0	51.01	1	1	1	0	1	1	1	0	1	1
3104	2	.	.	1	1	1	1	1	1	1	1	1	1
3105	2	.	42.41	1	0	0	0	0	0	0	0	0	0
3106	2	.	64.59	0	1	0	1	1	1	0	1	1	1
3107	2	.	50.5	1	1	1	1	0	0	.	1	1	0
3108	2	0	64.42	0	1	1	1	1	1	1	1	1	1
3110	2	0	44.76	1	1	0	0	0	0	1	1	1	0
3111	2	0	66.71	0	0	1	0	1	0	1	1	1	0
3114	2	.	.	1	1	1	1	1	1	0	1	1	0
3118	2	0	.	1	0	0	0	1	1	0	0	0	0
3120	2	0	59.34	0	1	1	1	0	0	1	1	1	1
3121	2	0	80.54	1	1	1	0	1	1	1	1	1	1
3122	2	0	55.42	1	0	0	0	1	1	1	0	1	1
3124	2	0	45.89	0	1	1	1	1	1	1	1	1	1
3125	2	0	.	1	.	.	.	.	.	.	.	.	.
3127	2	.	.	1	0	0	0	0	1	1	1	1	.
3129	2	1	76.63	0	1	1	1	1	1	1	1	1	1
3130	2	.	53.86	0	1	1	1	1	1	1	0	1	1
3131	2	0	77.13	1	1	1	1	0	1	1	1	1	1
3133	2	0	58.55	1	0	0	0	1	1	1	1	1	1
3134	2	0	56.55	0	0	0	1	0	0	1	1	1	1
3135	2	0	66.12	1	0	0	0	0	0	1	1	1	1
3137	2	0	53.15	1	0	1	0	0	1	0	0	0	0
3138	2	0	.	1	1	1	1	0	1	0	1	0	0
3147	2	.	55.74	1	0	1	1	1	1	0	1	1	1
3149	2	0	63.85	1	0	0	0	.	0	1	1	1	1
3151	2	0	.	0	0	0	0	0	0	0	0	0	0
3154	2	0	68.97	1	1	1	1	1	1	1	1	1	1
3161	2	1	81.04	0	0	1	1	0	1	1	1	1	1
3163	2	.	.	1	.	.	.	.	.	.	.	.	.
3165	2	.	29.33	0	0	0	0	1	1	0	0	0	0
3166	2	.	52.41	1	1	1	1	0	0	1	0	0	0
3167	2	0	62.59	1	1	0	0	1	1	0	1	1	1
3169	2	0	62.28	1	0	1	1	1	1	1	1	1	1
3171	2	0	66.29	0	1	1	1	1	1	1	0	1	1
3173	2	0	47.94	0	1	1	1	1	0	1	0	1	1
3174	2	.	41.7	0	1	1	1	1	1	1	0	1	0
3176	2	0	65.43	1	1	1	1	1	1	0	.	1	1
3179	2	0	61.54	1	1	1	1	0	1	1	1	1	1
3183	2	0	60.7	0	1	1	1	1	1	1	1	1	1
3184	2	0	66.91	1	0	0	0	0	0	1	1	1	0
3185	2	0	76.64	0	1	1	1	0	0	1	1	1	1
3186	2	0	40.69	1	0	1	1	1	1	1	1	0	1
3187	2	0	39.48	1	0	0	0	0	1	0	1	1	1
3189	2	.	.	0	0	0	0	0	1	1	1	1	0
3194	2	0	64.24	0	0	1	1	1	0	0	1	1	1
3199	2	0	53.1	0	1	1	1	1	1	0	0	0	1
3202	2	0	74.25	0	0	1	1	0	1	1	0	1	1
3203	2	0	64.44	0	0	0	0	0	1	0	0	1	0
3204	2	.	.	1	1	1	1	1	1	1	1	1	1
3205	2	0	.	0	.	.	.	.	.	.	.	.	.
3206	2	0	74.87	1	1	1	1	1	1	1	1	1	1
3207	2	0	37.23	0	1	1	1	1	1	1	1	1	1
3208	2	1	.	1	1	1	1	0	1	0	1	1	0
3209	2	.	33.46	0	0	0	1	1	1	1	1	1	1
3211	2	0	75.85	1	1	0	1	0	1	1	1	1	1
3212	2	0	42.59	0	1	1	1	0	1	1	1	1	1
3213	2	0	69.2	0	1	1	1	0	0	1	1	1	1
3214	2	0	57.96	1	0	0	1	0	1	0	0	1	0
3216	2	0	35.98	0	0	0	0	1	1	0	0	.	1
3217	2	0	63.41	0	.	.	.	.	.	.	.	.	.
3218	2	0	41.79	1	0	0	1	1	1	1	1	0	0
3219	2	0	64.88	0	1	1	1	1	1	0	1	1	1
3223	2	.	.	0	0	1	1	1	1	1	1	1	1
3229	2	0	54.15	1	0	0	1	0	0	1	1	1	0
3230	2	0	42.75	0	.	.	.	.	.	.	.	.	.
3231	2	.	.	0	0	1	1	1	1	1	.	1	1
3232	2	0	73.45	1	1	1	1	0	0	1	1	1	1
3233	2	.	44.79	0	1	1	1	0	1	1	0	0	1
3234	2	.	.	0	0	0	0	0	0	0	0	0	0
3235	2	0	68.98	1	1	1	0	1	1	1	1	1	1
3236	2	.	.	1	1	0	0	0	1	1	0	1	0
3237	2	0	70.73	1	0	1	1	1	1	0	1	1	1
3238	2	0	56.56	1	1	1	1	1	1	1	1	1	1
3240	2	.	55.23	0	1	1	1	1	1	0	0	0	0
3241	2	0	44.87	1	0	0	.	0	0	1	0	0	0
3242	2	.	.	1	.	.	.	.	.	.	.	.	.
3243	2	0	63.43	1	0	0	1	0	1	0	0	1	0
3244	2	0	74.47	1	1	0	1	1	1	1	1	1	1
3245	2	.	68.49	0	1	1	1	0	0	1	1	1	1
3250	2	0	.	1	1	1	1	1	1	1	1	1	1
3251	2	0	68.88	1	0	1	1	1	1	1	1	1	1
3252	2	0	.	0	.	.	.	.	.	.	.	.	.
3253	2	.	39.58	0	1	1	1	1	0	1	0	1	0
3255	2	0	68.68	1	1	1	1	1	1	1	1	1	1
3256	2	0	57.32	1	1	1	1	1	1	0	0	0	0
3257	2	0	74.03	0	1	1	1	.	1	1	1	1	1
3259	2	0	.	0	.	.	.	.	.	.	.	.	.
3263	2	.	50.97	0	0	0	1	0	0	0	1	1	1
3265	2	.	38.89	0	0	0	0	0	0	0	0	0	1
3268	2	1	85.2	1	1	1	1	1	1	1	1	0	0
3271	2	.	61.72	1	1	1	1	1	.	0	0	0	0
3272	2	.	61.37	1	1	1	1	0	0	1	1	1	1
3273	2	0	73	0	1	1	0	0	0	1	1	1	1
3274	2	0	66.68	1	0	0	1	0	1	0	0	0	0
3275	2	.	.	0	1	1	1	1	1	1	1	1	1
3276	2	0	45.24	0	0	0	0	1	1	0	0	1	0
3280	2	1	71.3	1	1	1	1	1	1	1	1	1	1
3281	2	.	.	0	0	0	1	1	1	0	1	0	0
3282	2	0	.	1	0	0	1	1	1	1	1	1	0
3283	2	0	.	1	1	1	.	1	0	0	1	1	0
3284	2	0	67.17	0	1	1	0	1	0	1	1	0	0
3285	2	0	.	0	.	.	.	.	.	.	.	.	.
3286	2	.	67.64	0	0	1	1	1	1	0	0	0	0
3291	2	.	42.19	1	1	1	1	0	0	1	1	1	1
3293	2	0	51.9	1	1	0	0	1	1	1	0	1	1
3295	2	.	.	0	1	1	0	0	0	0	0	0	0
3296	2	1	.	1	1	1	1	1	1	1	0	1	0
3297	2	.	66.52	1	0	0	1	1	1	1	1	1	1
3299	2	0	53.37	1	0	1	0	1	0	1	0	0	1
3301	2	0	41.12	0	0	0	0	0	0	0	0	0	0
3302	2	0	53.5	1	1	1	1	0	0	1	1	0	1
3303	2	0	67.33	1	1	1	0	0	0	0	0	1	0
3305	2	0	42.57	0	1	1	1	0	1	1	1	1	1
3306	2	0	64.57	0	1	0	1	1	1	1	0	1	1
3307	2	0	67.66	1	0	0	0	0	0	0	0	0	0
3308	2	0	34.03	0	1	1	0	0	0	0	0	1	0
3309	2	.	44.63	0	1	1	1	0	1	1	1	1	1
3311	2	0	.	0	1	1	1	1	1	1	1	1	1
3314	2	.	52.5	0	1	1	.	0	0	1	.	.	.
3315	2	0	64.93	0	1	1	1	.	0	1	0	1	1
3317	2	0	64.48	1	1	1	1	1	1	1	1	1	1
3322	2	0	76.19	0	1	1	1	1	1	1	1	1	1
3323	2	0	58.82	1	1	0	1	0	1	1	1	1	0
3324	2	0	68.56	1	1	1	1	0	0	1	1	1	1
3327	2	.	60.31	0	1	1	1	1	1	1	1	1	1
3329	2	.	55.74	0	1	1	1	1	1	1	1	1	1
3330	2	0	56.5	0	1	1	1	0	0	0	1	1	0
3333	2	0	69	0	0	0	0	0	0	0	0	0	0
3334	2	1	81.32	0	1	1	1	1	1	1	1	1	1
3336	2	0	.	1	1	0	1	0	1	1	1	1	0
3338	2	0	51.46	1	0	1	0	0	0	0	0	0	0
3339	2	0	.	0	.	.	.	.	.	.	.	.	.
3341	2	0	60.78	0	1	1	1	1	0	1	1	1	1
3342	2	1	.	0	.	.	.	.	.	.	.	.	.
3343	2	.	35.88	0	0	1	1	1	1	1	1	1	1
3344	2	.	47.64	0	1	1	1	1	1	0	0	0	1
3345	2	.	.	0	0	0	0	1	1	0	0	0	0
3350	2	.	.	0	1	1	1	0	1	1	1	1	1
3354	2	.	.	1	0	0	1	0	0	1	1	1	0
3355	2	.	.	1	1	1	1	1	1	0	1	1	0
3361	2	.	48.4	1	.	.	.	.	.	.	.	.	.
3362	2	.	.	1	1	1	1	0	0	0	0	0	1
3363	2	0	38.86	0	0	0	0	1	1	1	0	0	1
3365	2	0	.	1	0	0	0	1	0	1	0	1	1
3366	2	0	55.29	0	1	1	1	1	1	1	1	1	1
3368	2	0	38.79	1	1	1	1	1	1	1	1	1	0
3375	2	.	.	1	.	.	.	.	.	.	.	.	.
3377	2	0	61.95	1	1	1	1	1	1	1	1	1	1
3378	2	0	46.67	0	1	1	1	0	1	1	1	1	0
3384	2	0	.	1	0	0	1	1	1	0	0	1	0
3387	2	0	34.47	1	0	1	0	1	1	0	0	0	0
3388	2	0	61.38	1	0	0	1	1	1	1	.	1	1
3389	2	0	82.56	0	1	1	1	1	1	1	0	1	1
3390	2	.	.	0	.	.	.	.	.	.	.	.	.
3395	2	.	60.78	0	0	0	0	1	1	1	0	0	1
3397	2	0	58.32	1	0	0	0	0	0	0	0	0	0
3398	2	0	.	1	.	.	.	.	.	.	.	.	.
3401	2	0	59.13	0	0	0	0	0	1	0	0	0	0
3402	2	0	66.32	1	1	1	1	1	1	0	0	0	0
3409	2	0	.	0	1	1	1	0	0	1	1	1	1
3410	2	0	.	0	1	0	1	1	1	0	1	1	1
3412	2	0	77.96	1	1	1	1	1	1	0	1	1	0
3416	2	.	.	0	.	.	.	.	.	.	.	.	.
3417	2	0	.	1	.	.	.	.	.	.	.	.	.
3419	2	.	.	0	.	.	.	.	.	.	.	.	.
3420	2	0	.	1	1	1	1	1	1	1	1	1	1
3421	2	.	50.32	0	0	0	0	0	0	1	1	.	1
3424	2	.	50.03	0	1	1	1	0	0	0	0	1	0
3426	2	0	75.02	0	1	1	1	1	1	1	1	1	1
3429	2	0	43.52	1	0	0	1	0	.	0	1	1	1
3433	2	0	57.5	1	.	1	1	1	1	1	1	1	1
3434	2	0	73.73	1	1	1	1	1	1	1	1	1	1
3436	2	.	36.57	0	1	1	0	1	1	0	1	1	0
3440	2	0	.	0	.	.	.	.	.	.	.	.	.
3442	2	0	61.41	1	1	1	1	1	1	1	1	.	1
3445	2	1	82.52	0	0	1	0	1	1	0	1	1	0
3449	2	.	50.76	0	0	0	1	0	0	1	1	.	.
3451	2	.	.	0	1	1	1	0	0	1	1	1	1
3452	2	.	42.75	1	0	0	1	1	1	0	0	0	0
3453	2	0	71.03	0	0	0	0	0	0	0	0	1	1
3454	2	0	74.87	0	.	.	.	.	.	.	.	.	.
3455	2	.	.	1	.	1	1	1	1	1	1	1	1
3456	2	0	.	1	.	.	.	.	.	.	.	.	.
3457	2	0	66.58	0	0	0	1	1	1	1	1	0	0
3458	2	0	73.04	1	0	0	0	0	0	0	0	0	0
3460	2	0	58.1	1	1	1	1	1	1	1	1	1	1
3462	2	0	.	0	.	.	.	.	.	.	.	.	.
3463	2	.	59.75	1	1	1	1	1	1	1	1	1	1
3466	2	.	50.82	0	0	0	0	1	1	0	0	0	0
3470	2	0	.	0	1	1	1	1	1	1	1	1	1
3475	2	0	59.72	0	1	1	1	1	1	1	1	1	0
3476	2	.	35.92	0	1	1	1	.	0	1	1	1	.
3477	2	0	78.47	1	0	1	0	1	1	0	0	0	0
3479	2	0	66.01	0	1	1	1	1	1	1	1	1	1
3480	2	0	73.17	0	1	1	1	1	1	1	1	1	1
3481	2	0	57.39	1	1	1	1	1	1	1	1	1	1
3482	2	0	.	1	.	.	.	.	.	.	.	.	.
3483	2	0	.	1	1	1	1	1	1	1	0	0	.
3484	2	0	58.82	1	0	0	0	1	0	1	1	1	1
3487	2	0	58.04	1	0	0	1	1	1	1	0	1	1
3488	2	1	70.29	0	0	1	0	0	1	1	0	1	1
3489	2	0	56.56	0	1	1	1	1	1	1	1	1	1
3493	2	0	74.41	0	0	1	1	0	1	1	1	1	1
3494	2	0	74.41	1	1	1	1	0	0	0	1	1	1
3496	2	0	50.51	1	0	0	1	1	1	0	0	1	1
3497	2	.	54.17	0	1	0	1	1	1	1	1	1	1
3499	2	.	.	0	.	.	.	.	.	.	.	.	.
3500	2	0	64.35	0	1	0	1	0	1	1	1	1	0
3508	2	0	66.68	1	0	0	0	1	0	0	0	0	0
3510	2	0	.	1	.	.	.	.	.	.	.	.	.
3511	2	0	65.52	1	1	1	1	1	1	1	1	1	1
3513	2	1	77.21	0	1	1	1	1	1	1	1	1	1
3515	2	0	61.01	0	0	0	0	1	0	0	0	1	1
3520	2	.	.	0	.	.	.	.	.	.	.	.	.
3522	2	.	.	1	1	0	0	1	0	1	1	1	1
3524	2	.	.	0	1	1	1	0	0	1	1	1	1
3527	2	.	67.41	0	0	1	1	1	1	1	1	1	1
3530	2	.	50.71	0	0	1	0	1	0	1	0	1	1
3532	2	0	70.13	0	1	1	1	1	1	1	1	1	1
3534	2	0	62.23	1	1	1	1	1	1	1	1	1	1
3537	2	.	54.06	0	1	1	1	1	1	1	1	1	1
3538	2	.	.	0	1	1	1	1	1	1	0	.	0
3539	2	0	71.25	0	1	1	1	1	1	1	1	1	1
3541	2	0	57.38	1	1	1	.	0	1	1	.	0	1
3543	2	.	51.31	1	1	0	1	0	1	0	1	1	1
3545	2	1	.	0	0	1	1	1	1	0	0	1	1
3547	2	0	41.91	1	0	1	1	0	0	.	0	0	0
3548	2	0	43.88	0	1	1	1	1	0	0	1	1	1
3549	2	0	62.25	1	1	1	1	1	1	1	1	1	1
3550	2	.	.	1	.	.	.	.	.	.	.	.	.
3551	2	0	.	0	1	1	1	1	1	1	1	1	1
3553	2	0	.	0	1	1	1	0	0	1	1	1	1
3555	2	0	41.04	0	0	0	0	1	1	0	0	0	0
3556	2	0	.	0	0	1	1	1	1	1	1	0	1
3559	2	0	.	1	1	1	1	1	1	0	0	0	1
3561	2	.	.	0	1	1	1	1	1	1	1	1	1
3562	2	0	.	0	.	.	.	.	.	.	.	.	.
3563	2	1	67.27	1	1	1	1	1	1	1	0	1	1
3564	2	0	.	1	1	1	0	0	0	1	1	1	1
3569	2	0	65.44	1	0	1	1	1	1	1	1	1	1
3570	2	1	64.64	0	1	1	1	0	1	0	0	0	0
3571	2	.	48.18	0	1	1	1	0	0	1	1	1	1
3572	2	0	35.68	1	0	0	0	1	0	1	1	1	1
3576	2	0	.	0	0	0	0	1	0	1	1	1	1
3577	2	0	59.71	0	.	.	.	.	.	.	.	.	.
3579	2	1	62.45	0	1	1	1	1	1	1	1	1	1
3581	2	.	.	1	1	1	0	0	0	0	0	0	0
3583	2	0	49.38	1	1	1	1	0	1	1	1	1	1
3584	2	0	57.96	1	1	1	1	1	1	1	1	1	1
3585	2	.	.	0	.	.	.	.	.	.	.	.	.
3587	2	0	53.39	1	1	1	1	1	0	1	1	1	1
3589	2	0	72.24	0	.	.	.	.	.	.	.	.	.
3590	2	.	69.28	1	0	1	1	0	0	1	0	1	1
3591	2	0	48.58	1	0	1	1	1	1	1	1	1	1
3592	2	0	78.11	0	1	1	1	1	1	1	1	1	1
3593	2	0	68.81	0	1	1	1	1	1	0	0	0	0
3594	2	0	33.86	0	0	0	0	1	1	0	0	0	0
3595	2	0	58.42	1	.	.	.	.	.	.	.	.	.
3597	2	.	49.22	1	1	1	0	1	1	0	0	0	0
3599	2	.	.	0	1	0	1	0	.	1	1	1	1
3601	2	0	59.99	1	1	1	1	1	1	0	0	1	1
3604	2	0	.	0	1	1	1	1	1	1	1	1	1
3607	2	.	43.15	0	0	1	1	1	1	0	0	0	0
3608	2	0	58.1	1	1	1	1	1	1	0	0	1	1
3610	2	0	76.5	0	1	1	1	1	1	1	.	1	1
3613	2	0	50.11	0	1	1	1	1	1	1	1	1	1
3614	2	0	63	0	0	1	0	1	1	1	1	1	1
3616	2	.	.	0	.	.	.	.	.	.	.	.	.
3618	2	0	.	1	.	.	.	.	.	.	.	.	.
3620	2	.	57.93	1	1	1	1	0	1	1	1	1	1
3622	2	.	55	1	.	.	.	.	.	.	.	.	.
3624	2	.	58.16	1	1	1	1	1	1	1	0	1	1
3626	2	.	53.29	0	0	1	1	0	0	0	0	0	0
3630	2	.	.	0	1	1	1	0	1	1	1	1	1
3632	2	0	47.54	1	1	1	0	1	1	1	1	1	1
3636	2	0	52.76	0	1	1	1	0	0	1	1	.	1
3637	2	0	58.18	0	1	1	1	1	1	0	1	1	0
3643	2	0	51.07	1	0	1	0	1	1	1	1	0	1
3644	2	0	63.71	1	0	1	1	1	0	1	1	1	0
3646	2	0	.	1	0	0	0	1	1	0	0	0	1
3647	2	0	.	1	0	0	0	0	0	0	0	0	0
3648	2	.	.	0	1	1	0	0	.	1	.	1	0
3652	2	0	56.37	1	0	0	1	0	0	0	0	1	0
3656	2	0	.	1	0	0	1	1	0	0	0	1	1
3660	2	.	40.86	0	1	0	1	1	1	1	1	1	1
3661	2	0	36.48	0	.	.	.	.	.	.	.	.	.
3663	2	0	.	0	0	1	1	1	1	0	0	1	1
3666	2	0	61.5	0	1	1	1	1	1	1	1	1	1
3667	2	0	58.25	0	1	1	1	0	0	1	1	0	1
3668	2	.	62.65	0	.	.	.	.	.	.	.	.	.
3671	2	0	66.38	0	1	1	1	0	0	1	0	.	1
3674	2	0	.	1	1	1	1	0	1	1	1	1	1
3678	2	0	.	1	0	0	0	0	1	0	0	0	0
3679	2	.	.	0	.	.	.	.	.	.	.	.	.
3681	2	0	.	0	1	1	1	0	1	1	1	1	0
3682	2	.	43.31	1	1	1	1	1	1	1	1	0	1
3683	2	0	71.46	1	1	1	1	1	1	1	1	1	1
3684	2	0	.	0	1	1	1	1	1	0	0	1	1
3687	2	0	56.86	1	1	1	0	1	1	1	1	1	1
3690	2	.	.	0	1	1	0	0	1	0	0	1	1
3694	2	.	42.18	0	0	0	0	0	0	0	0	0	1
3695	2	.	65.54	0	0	0	1	0	0	0	0	1	0
3696	2	0	59.35	1	1	1	1	1	1	1	1	1	1
3697	2	0	78.88	1	1	1	1	0	1	0	1	1	1
3700	2	0	65.33	1	1	1	0	1	1	1	1	1	1
3703	2	0	34.1	1	1	1	0	1	1	0	0	0	0
3706	2	1	57.02	0	0	1	0	0	1	0	1	1	0
3710	2	0	60.57	1	.	.	.	.	.	.	.	.	.
3712	2	.	44.37	0	1	1	1	1	0	1	1	1	1
3716	2	.	52.64	0	0	1	1	0	0	1	1	1	1
3717	2	.	48.6	0	1	1	1	1	0	0	0	0	0
3719	2	0	46.04	1	.	.	.	.	.	.	.	.	.
3720	2	.	45.95	1	1	1	1	1	1	1	1	1	0
3721	2	0	.	0	0	0	1	1	1	1	1	1	0
3727	2	.	.	1	.	.	.	.	.	.	.	.	.
3729	2	.	.	0	.	.	.	.	.	.	.	.	.
3730	2	0	62.82	0	1	1	1	1	1	1	1	1	1
3732	2	.	51.82	1	1	1	1	0	1	1	1	1	1
3735	2	.	44.16	1	1	1	1	1	1	0	0	0	0
3737	2	0	84.47	0	1	1	1	1	1	1	1	1	1
3740	2	0	57.52	1	.	.	.	.	.	.	.	.	.
3741	2	0	68.28	1	0	1	0	1	0	0	1	1	0
3742	2	0	.	0	1	0	0	0	1	1	1	1	1
3743	2	0	43.35	1	1	1	1	1	1	1	1	0	1
3746	2	.	54.79	0	0	0	1	1	1	0	1	.	1
3747	2	0	51.92	1	1	1	1	0	1	1	1	1	1
3748	2	0	49.56	0	0	1	1	1	0	0	1	0	0
3749	2	0	53.82	1	0	1	1	1	1	1	0	1	1
3750	2	0	44.98	1	1	1	1	1	1	1	1	1	1
3751	2	0	65.16	0	1	1	1	1	1	1	1	1	1
3752	2	1	74.72	0	1	1	1	1	1	.	0	0	1
3753	2	0	.	0	.	.	.	.	.	.	.	.	.
3755	2	0	69	1	1	0	0	1	1	1	1	1	1
3756	2	.	.	0	0	0	0	1	1	0	0	0	1
3757	2	0	.	0	1	1	1	1	1	1	1	1	1
3759	2	0	.	0	0	1	1	1	0	0	0	0	0
3762	2	.	.	0	1	1	1	0	1	0	1	1	1
3763	2	0	.	0	1	0	1	0	0	0	1	1	1
3764	2	0	60.41	0	0	0	0	1	1	1	0	1	1
3765	2	0	70.59	1	1	1	1	1	1	1	1	1	0
3766	2	0	69.94	0	0	1	0	1	1	1	1	1	.
3767	2	0	71.05	1	0	0	0	0	1	0	0	0	0
3768	2	.	.	0	.	.	.	.	.	.	.	.	.
3769	2	0	46.17	1	0	0	1	1	1	0	0	0	0
3770	2	0	68.07	1	0	0	1	0	1	0	0	0	0
3772	2	0	.	0	0	0	0	0	1	0	1	1	0
3774	2	0	59.99	1	0	0	1	0	0	1	0	1	1
3775	2	0	50.87	0	1	0	0	0	0	0	0	0	0
3776	2	1	79.28	0	1	1	1	1	1	1	1	1	1
3777	2	.	45.93	0	0	0	1	0	1	1	0	1	1
3779	2	0	69.53	1	1	1	0	1	0	1	1	1	1
3781	2	1	63.74	0	1	1	1	1	1	1	1	1	1
3782	2	.	.	0	1	1	1	1	1	1	1	1	1
3784	2	0	35.53	1	0	1	1	0	0	1	0	1	0
3785	2	1	39.55	0	1	1	1	0	1	1	1	1	1
3789	2	0	43.29	0	1	1	1	1	1	1	1	1	1
3792	2	0	75.71	1	0	1	1	1	1	0	0	0	0
3793	2	.	70.98	0	1	0	0	0	0	1	0	0	0
3794	2	1	71.08	1	0	1	1	1	1	0	0	1	0
3796	2	0	52.13	0	1	1	1	0	1	0	0	0	0
3800	2	0	37.35	1	1	1	1	0	1	0	1	1	1
3801	2	0	73.11	1	1	1	1	1	1	1	1	1	1
3802	2	0	.	1	1	1	1	1	1	1	1	1	1
3803	2	0	64.7	1	1	1	1	1	1	1	1	1	1
3804	2	.	.	0	1	1	1	0	1	1	1	1	1
3805	2	0	.	0	.	.	.	.	.	.	.	.	.
3806	2	.	.	1	.	.	.	.	.	.	.	.	.
3810	2	0	62.44	1	1	1	1	1	1	1	1	1	1
3812	2	.	.	0	0	0	0	0	0	0	0	0	0
3813	2	0	60.15	0	1	1	1	1	1	0	1	1	1
3814	2	0	50.58	1	.	.	.	.	.	.	.	.	.
3815	2	0	53.61	1	0	0	0	0	1	1	0	0	1
3816	2	0	50.6	0	0	1	0	0	1	0	1	0	1
3819	2	0	71.07	0	0	0	1	1	1	1	1	1	1
3820	2	0	39.68	0	0	0	0	0	1	0	0	1	1
3821	2	0	57.61	1	1	0	1	1	0	1	1	1	1
3822	2	.	.	1	1	1	1	1	0	1	1	1	1
3823	2	.	62.91	0	1	1	1	1	1	1	1	1	1
3825	2	.	.	1	1	1	.	0	0	1	1	1	1
3827	2	.	.	0	1	1	1	0	0	1	1	1	1
3829	2	.	.	1	1	1	1	1	1	0	0	1	1
3830	2	0	42.74	0	1	1	1	0	1	1	1	1	1
3831	2	.	.	1	1	1	1	0	0	1	1	1	1
3832	2	0	59.3	1	1	1	1	1	1	1	1	1	1
3834	2	0	64.91	1	0	1	0	0	0	1	1	0	1
3836	2	.	.	1	1	1	1	1	1	1	1	1	1
3837	2	.	45.09	0	.	.	.	.	.	.	.	.	.
3839	2	0	66.91	1	1	1	1	1	1	.	0	0	1
3843	2	0	70.52	0	0	1	1	1	1	0	1	0	0
3844	2	0	51.73	1	1	1	1	1	1	0	1	0	0
3847	2	0	61.11	0	1	1	1	1	1	1	0	1	1
3849	2	0	78.55	1	1	1	0	0	0	1	1	1	1
3850	2	.	.	1	0	0	1	0	0	0	0	1	0
3852	2	0	61.98	0	1	1	1	1	1	1	1	1	1
3853	2	0	.	0	0	0	1	1	1	0	1	1	0
3855	2	.	.	0	0	0	1	0	0	1	1	1	1
3860	2	0	.	1	1	0	1	0	1	0	0	1	1
3862	2	0	58.03	1	0	1	1	1	1	1	1	1	1
3869	2	0	63.02	0	1	0	1	0	1	1	0	0	0
3871	2	0	52.04	1	0	0	1	0	1	1	0	1	0
3874	2	0	.	1	.	.	.	.	.	.	.	.	.
3876	2	1	73.19	1	1	1	1	1	1	1	1	1	1
3880	2	0	52.73	1	1	1	1	1	1	1	1	1	1
3882	2	0	77.27	1	1	1	1	1	1	1	0	1	1
3885	2	0	52.85	1	1	1	1	0	0	1	1	0	1
3887	2	0	60.78	1	0	1	1	1	1	1	1	0	1
3888	2	.	59.4	0	1	1	1	1	1	1	.	.	.
3889	2	0	65.46	1	1	1	1	1	1	1	1	1	1
3890	2	.	54.97	1	1	1	1	1	1	0	1	1	0
3891	2	0	42.03	0	0	1	1	0	0	1	1	1	1
3892	2	0	.	0	1	0	1	0	0	0	1	0	0
3897	2	0	.	0	0	0	0	0	0	0	0	1	0
3898	2	0	45.34	1	1	0	0	1	0	1	1	1	1
3899	2	1	72.14	1	1	1	1	1	1	0	1	0	1
3900	2	.	50.29	0	1	1	1	1	1	0	1	0	0
3901	2	0	64.37	1	1	1	1	0	1	0	1	1	0
3906	2	0	44.63	0	1	0	1	1	1	1	1	1	1
3907	2	.	38.06	1	0	0	0	0	0	0	0	0	0
3908	2	0	36.68	0	1	1	1	1	1	1	1	1	1
3909	2	1	.	0	0	0	0	1	0	1	1	1	1
3911	2	0	57.58	1	0	0	1	1	1	1	1	1	1
3912	2	0	.	0	0	0	0	0	0	0	0	0	0
3914	2	.	49.92	0	1	1	1	1	1	1	1	1	1
3917	2	0	66.32	0	1	1	0	0	0	1	0	1	0
3920	2	.	44.24	0	1	1	1	1	0	0	0	0	1
3921	2	0	77.87	1	.	.	.	.	.	.	.	.	.
3923	2	0	74.32	0	1	1	1	1	1	1	1	1	1
3925	2	.	.	1	1	1	1	1	1	1	0	1	1
3926	2	0	.	1	1	1	1	1	1	1	1	1	0
3927	2	.	64.83	1	0	0	1	1	0	1	1	1	1
3929	2	0	36.55	0	1	1	1	0	.	1	1	1	0
3931	2	0	58.48	1	0	1	0	0	0	0	0	1	0
3933	2	0	47.98	1	1	1	1	1	1	1	0	1	1
3934	2	0	57.38	0	0	0	0	0	0	1	1	1	1
3935	2	0	62.34	0	0	1	1	0	1	1	1	1	1
3936	2	.	39.78	0	1	1	1	1	1	1	1	1	1
3937	2	0	37.52	0	1	1	1	1	1	1	1	1	1
3940	2	0	66.06	1	1	1	1	1	1	1	0	1	1
3943	2	0	41.21	0	1	0	1	0	1	1	1	1	1
3944	2	0	.	0	0	1	1	0	0	0	0	1	0
3946	2	0	55.08	0	0	0	1	1	1	0	1	1	1
3947	2	.	.	1	1	1	1	1	1	1	1	1	1
3948	2	0	48.44	0	1	1	1	1	1	0	1	1	1
3949	2	0	83.04	1	1	1	1	1	1	1	1	1	1
3950	2	.	56.62	0	.	.	.	.	.	.	.	.	.
3951	2	0	67.19	1	1	1	1	1	1	0	1	1	0
3953	2	0	.	0	0	1	1	1	1	0	0	1	1
3954	2	0	50.48	0	0	0	0	1	0	1	1	0	0
3955	2	0	.	1	1	1	1	1	0	1	.	1	1
3956	2	0	58.46	1	1	0	1	1	1	0	0	1	0
3957	2	1	.	1	.	.	.	.	.	.	.	.	.
3958	2	0	73.57	0	0	0	0	0	.	1	1	1	0
3960	2	0	58.06	0	1	1	1	1	0	1	1	1	1
3962	2	.	.	0	0	1	1	1	1	0	0	1	0
3965	2	.	59.45	0	0	0	1	0	1	0	0	0	0
3966	2	0	73.55	1	1	1	1	0	0	1	1	0	1
3967	2	0	69.29	1	1	1	1	1	1	1	0	0	1
3969	2	0	.	1	1	1	1	1	1	1	1	1	1
3970	2	0	52.78	1	0	0	1	1	1	0	0	0	0
3971	2	.	52.13	1	1	1	1	1	1	1	1	1	1
3973	2	0	70.59	1	1	1	1	0	1	1	1	1	1
3976	2	0	49.85	1	1	1	1	0	1	1	1	1	1
3982	2	0	68.32	1	0	1	0	1	1	1	1	1	1
3984	2	1	72.64	0	0	1	1	1	1	1	1	1	0
3985	2	0	75.85	0	0	1	1	1	1	0	1	1	1
3987	2	0	52.61	0	1	1	1	1	1	1	1	1	1
3988	2	0	69.38	1	1	1	1	1	1	0	0	0	0
3992	2	.	45.36	0	1	1	0	0	0	0	1	0	1
3995	2	0	73.83	0	.	.	.	.	.	.	.	.	.
3996	2	.	43.03	0	0	1	0	1	1	0	0	1	1
3997	2	.	.	0	0	0	0	1	1	1	1	1	1
3998	2	0	59.82	0	1	0	1	1	1	0	0	0	0
3999	2	0	64.23	0	1	1	0	0	1	0	1	1	1
4000	2	0	70.16	0	1	1	1	1	0	1	0	1	1
4004	2	.	35.52	1	1	0	0	0	0	1	0	0	1
4007	2	.	57.81	1	1	0	1	1	1	0	1	1	0
4008	2	0	45.02	1	0	0	1	0	0	1	1	0	1
4009	2	0	75.23	0	1	1	1	1	1	1	1	1	1
4011	2	.	35.93	0	0	1	1	.	1	0	0	1	1
4012	2	1	65.21	1	0	0	0	0	1	1	1	0	1
4014	2	0	67.61	0	1	1	1	0	0	0	1	1	1
4015	2	1	68.23	1	1	1	1	1	0	1	1	1	1
4016	2	.	.	0	1	0	0	1	.	.	1	0	.
4018	2	.	.	1	0	0	0	1	1	1	1	1	0
4020	2	0	.	0	.	.	.	.	.	.	.	.	.
4022	2	0	56.8	0	0	0	0	1	0	0	0	0	0
4023	2	.	52.62	1	1	1	0	0	0	1	0	1	1
4024	2	0	.	0	1	1	0	0	1	1	1	1	1
4025	2	0	69.61	0	.	.	.	.	.	.	.	.	.
4027	2	.	.	0	1	0	1	1	1	1	1	1	1
4028	2	.	.	0	0	0	1	0	0	1	1	1	1
4029	2	1	84.3	0	1	1	1	1	1	0	1	1	0
4030	2	0	71.92	1	1	0	1	1	1	0	1	0	0
4031	2	.	.	0	0	1	.	0	0	0	1	1	1
4034	2	0	63.59	1	0	0	1	0	0	0	0	0	0
4035	2	.	50.19	1	0	0	1	1	1	1	0	1	1
4038	2	0	72.96	1	1	1	1	1	1	0	0	0	0
4039	2	.	.	0	1	1	0	1	1	1	1	0	0
4042	2	.	.	0	.	.	.	.	.	.	.	.	.
4043	2	0	.	0	.	.	.	.	.	.	.	.	.
4051	2	.	73.04	0	1	1	1	1	0	1	1	1	1
4053	2	.	51.66	1	1	1	1	0	0	0	1	1	0
4054	2	0	.	0	1	.	.	.	.	.	1	.	.
4056	2	.	.	0	1	1	1	0	0	1	1	1	1
4057	2	.	74.31	1	1	1	0	0	0	0	0	0	0
4058	2	.	41.48	1	.	.	.	.	.	.	.	.	.
4059	2	0	.	1	.	.	.	.	.	.	.	.	.
4063	2	0	85.39	1	1	1	1	1	1	1	1	1	1
4064	2	0	69.36	0	1	1	1	1	1	1	1	1	1
4067	2	.	.	0	1	0	1	0	0	1	0	0	0
4069	2	0	32.43	0	1	1	1	1	1	0	0	0	0
4071	2	.	78.45	1	0	0	0	0	1	0	0	0	0
4072	2	0	43.97	1	1	1	1	1	1	1	1	1	1
4073	2	0	37.19	0	1	1	1	1	1	1	1	1	1
4076	2	0	45.35	1	0	1	1	1	1	1	1	1	1
4077	2	0	60.63	0	1	1	1	1	1	1	1	1	1
4078	2	0	74.04	1	1	1	1	1	1	1	1	1	1
4082	2	0	55.88	1	1	1	1	1	1	0	1	1	1
4083	2	.	55.27	1	1	1	1	1	1	1	1	1	1
4084	2	.	36.04	0	0	0	0	0	0	0	0	0	0
4086	2	0	.	1	1	1	1	1	1	0	0	0	0
4087	2	.	63.98	0	1	0	1	1	1	0	0	0	0
4088	2	.	.	0	.	.	.	.	.	.	.	.	.
4089	2	0	56.8	0	0	0	0	0	1	1	1	1	1
4090	2	0	62.45	0	1	1	1	0	0	1	1	1	1
4091	2	0	58.36	1	0	0	0	0	0	1	1	0	1
4092	2	.	49.25	1	1	1	1	1	1	1	0	1	1
4093	2	.	66.23	0	0	0	0	0	0	0	0	0	0
4094	2	0	80.22	1	1	1	1	1	1	1	0	1	1
4095	2	.	58.07	1	1	1	1	1	1	1	1	1	1
4097	2	0	50.3	1	1	0	1	0	0	1	0	0	1
4099	2	0	.	0	1	1	1	1	1	1	1	1	1
4104	2	.	65.48	0	1	1	1	0	0	0	0	0	0
4107	2	0	41.06	0	1	1	0	1	0	0	0	1	1
4108	2	0	59.94	1	1	0	1	1	1	1	0	1	1
4114	2	.	.	1	.	.	.	.	.	.	.	.	.
4116	2	0	49.8	1	1	1	1	1	1	1	1	1	1
4119	2	0	.	0	1	1	1	1	1	0	0	1	0
4120	2	0	60.47	0	1	1	1	0	1	1	1	1	1
4121	2	0	42.32	0	.	.	.	.	.	.	.	.	.
4122	2	0	48.64	0	1	1	1	1	1	1	1	1	1
4124	2	0	74.8	0	1	1	1	1	1	1	1	1	1
4125	2	0	.	1	1	1	1	1	1	1	1	1	1
4127	2	.	.	0	.	.	.	.	.	.	.	.	.
4128	2	0	67.95	0	1	1	1	1	1	0	0	0	0
4130	2	0	64.48	0	.	.	.	.	.	.	.	.	.
4131	2	.	58.65	0	.	.	.	.	.	.	.	.	.
4134	2	.	45.13	0	0	0	0	0	0	0	1	1	1
4135	2	1	77.67	1	1	1	1	1	1	1	1	1	1
4136	2	0	.	1	.	.	.	.	.	.	.	.	.
4138	2	1	51.18	1	1	1	1	1	1	1	1	.	1
4141	2	.	48.38	1	1	1	1	0	0	1	1	1	1
4147	2	0	63.61	1	.	.	.	.	.	.	.	.	.
4148	2	0	88.48	0	1	1	1	1	1	1	1	1	1
4150	2	0	52.28	1	.	.	.	.	.	.	.	.	.
4152	2	0	57.45	0	1	0	0	0	0	0	0	1	1
4154	2	0	58.05	0	1	1	1	1	1	0	1	1	1
4157	2	0	60.08	1	1	0	1	1	1	1	1	0	1
4159	2	0	64.81	0	.	.	.	.	.	.	.	.	.
4160	2	.	.	0	1	1	0	0	1	.	0	0	0
4162	2	0	.	1	0	1	1	1	1	0	0	1	1
4163	2	0	74.54	1	1	0	0	0	1	1	0	1	0
4164	2	.	45.33	0	0	1	1	0	1	1	1	0	0
4165	2	0	75.7	1	.	.	.	.	.	.	.	.	.
4166	2	.	.	0	.	.	.	.	.	.	.	.	.
4167	2	0	.	0	.	.	.	.	.	.	.	.	.
4168	2	0	41.56	0	0	0	1	1	1	0	0	0	0
4170	2	.	.	0	1	0	1	1	0	0	0	0	0
4171	2	.	56.53	0	1	1	1	0	0	1	0	1	0
4173	2	0	73.92	1	0	0	1	1	1	0	0	0	0
4175	2	1	.	0	.	.	.	.	.	.	.	.	.
4179	2	0	53.32	0	1	1	1	0	1	0	1	0	0
4180	2	0	.	0	.	.	.	.	.	.	.	.	.
4181	2	0	75.33	0	1	1	1	1	1	1	1	1	1
4182	2	0	65.68	1	0	0	1	1	1	1	0	1	0
4183	2	.	.	0	1	0	1	0	0	0	1	1	1
4186	2	0	43.12	1	0	0	1	1	1	1	0	1	0
4187	2	0	86.83	1	.	.	.	.	.	.	.	.	.
4188	2	0	88.21	0	0	1	.	1	1	1	1	1	1
4193	2	.	.	0	0	0	0	0	1	0	1	1	0
4195	2	.	.	0	0	0	0	1	1	0	0	0	0
4196	2	0	60.93	0	.	.	.	.	.	.	.	.	.
4198	2	0	50.78	0	1	0	1	1	1	1	1	1	1
4201	2	0	33.79	0	1	1	1	0	0	1	1	1	1
4202	2	0	61.35	1	1	1	1	0	1	1	1	1	1
4204	2	0	72.6	1	0	1	1	0	1	1	1	1	1
4205	2	0	72.24	0	0	1	1	0	1	0	1	1	1
4208	2	.	.	1	0	1	1	1	1	0	0	0	1
4209	2	0	.	1	0	1	1	1	0	0	0	0	0
4210	2	0	.	0	0	0	1	0	0	1	0	.	0
4211	2	0	77.94	0	1	1	1	1	1	1	1	1	1
4212	2	0	48.2	0	1	1	1	1	1	1	1	1	1
4215	2	0	70.7	1	0	0	1	0	1	1	1	0	0
4216	2	.	45.74	1	0	1	1	1	1	0	0	0	0
4217	2	.	75.67	1	1	1	1	1	1	1	1	1	1
4218	2	0	76.49	1	1	1	1	1	1	1	1	1	1
4220	2	.	65.03	1	1	1	1	1	1	1	1	1	1
4221	2	1	67.27	1	1	1	1	1	1	1	1	0	1
4225	2	0	62.53	1	1	1	1	0	1	0	1	0	0
4229	2	0	53.34	1	1	1	1	1	1	1	1	1	1
4230	2	0	53.55	0	0	0	0	1	1	0	0	1	1
4231	2	0	55.69	1	0	0	0	0	0	0	0	0	0
4233	2	1	.	0	1	1	1	1	1	1	1	1	1
4235	2	0	68.63	1	1	1	1	1	1	0	1	1	1
4236	2	.	.	0	1	1	0	0	1	1	1	1	0
4243	2	1	66.33	0	1	1	1	0	0	1	1	1	0
4246	2	.	.	0	1	1	1	1	1	1	0	0	1
4247	2	0	63.26	1	1	1	1	1	1	1	1	1	1
4248	2	0	71.31	0	1	0	1	0	0	1	1	1	1
4249	2	1	65.11	0	1	1	0	1	1	1	1	1	1
4250	2	0	66.75	0	1	1	1	1	1	0	1	1	0
4251	2	.	69.32	0	1	1	1	.	1	0	0	1	1
4254	2	0	37.95	1	1	1	0	0	0	1	0	1	1
4261	2	0	.	1	1	1	.	1	1	1	1	1	1
4262	2	0	.	1	0	0	1	1	1	1	1	1	1
4263	2	0	.	0	1	1	1	1	1	1	0	1	1
4264	2	.	62.57	0	1	1	1	1	0	0	0	1	1
4266	2	0	93.92	1	.	.	.	.	.	.	.	.	.
4267	2	0	.	1	.	.	.	.	.	.	.	.	.
4268	2	.	53.43	0	1	0	1	1	1	0	0	0	0
4269	2	0	56.3	0	1	1	1	1	1	0	1	0	0
4272	2	.	51.4	0	0	0	0	1	0	0	0	0	0
4274	2	.	54.38	0	0	1	1	1	1	0	0	1	1
4276	2	0	71.08	1	0	1	1	1	1	1	0	1	1
4279	2	0	56.22	1	0	0	0	0	0	0	0	1	0
4280	2	.	54.9	1	1	1	1	1	1	1	0	1	1
4286	2	0	65.89	0	0	0	0	0	0	0	0	0	0
4287	2	1	78.54	1	1	1	1	1	1	1	1	1	1
4289	2	.	.	0	0	1	1	1	1	0	0	1	0
4291	2	1	68.65	0	0	1	1	1	1	0	0	1	0
4292	2	0	67.87	1	0	0	1	1	1	1	1	1	1
4293	2	0	61.2	1	.	.	.	.	.	.	.	.	.
4294	2	0	59.37	1	1	0	1	1	1	1	1	1	1
4295	2	0	72.51	1	0	1	1	1	1	1	1	1	1
4297	2	0	46.34	0	1	0	1	1	1	1	1	1	1
4298	2	0	55.71	1	1	0	1	1	1	1	0	1	1
4301	2	0	34.61	0	1	1	0	1	0	1	1	1	0
4302	2	0	51.99	1	0	1	1	1	1	1	0	1	1
4303	2	.	.	1	.	.	.	.	.	.	.	.	.
4305	2	0	.	0	1	1	1	1	1	1	0	1	1
4308	2	0	.	1	1	1	0	1	1	1	1	1	1
4309	2	.	.	1	1	1	1	0	1	1	1	1	1
4311	2	.	30.52	0	0	0	0	1	0	1	1	0	0
4312	2	0	57.33	1	0	0	0	1	1	0	0	0	0
4314	2	0	37.05	0	1	1	1	1	1	1	1	1	1
4318	2	0	70.04	1	1	1	1	1	1	1	1	1	1
4320	2	0	.	0	.	.	.	.	.	.	.	.	.
4325	2	0	46.41	1	1	1	1	0	0	0	0	0	0
4326	2	0	.	1	0	0	1	0	0	1	1	0	1
4330	2	0	74.25	0	1	1	1	1	1	1	1	1	1
4331	2	.	.	0	1	1	1	1	1	1	1	1	1
4332	2	.	63.94	0	0	1	0	0	0	1	1	1	1
4334	2	0	67.3	1	1	1	1	1	1	.	1	1	1
4335	2	0	62.91	0	0	1	1	1	1	1	0	1	1
4337	2	0	61.09	1	0	1	1	0	1	1	1	1	1
4338	2	0	.	1	1	1	1	1	0	1	1	1	1
4339	2	.	.	0	.	.	.	.	.	.	.	.	.
4346	2	.	69.08	1	1	1	1	1	1	0	0	0	0
4347	2	0	.	0	1	1	1	0	0	1	1	1	1
4349	2	.	.	0	.	.	.	.	.	.	.	.	.
4351	2	0	.	0	1	1	1	1	1	0	1	1	1
4353	2	0	55.82	0	0	0	0	0	0	1	0	1	1
4354	2	0	73.76	1	.	.	.	.	.	.	.	.	.
4355	2	.	65.73	0	1	1	1	1	1	1	1	0	0
4356	2	0	53.38	1	0	0	0	0	0	1	1	1	1
4357	2	0	73.31	0	0	1	1	1	1	1	0	0	0
4358	2	0	.	1	0	0	1	0	0	1	0	1	1
4359	2	.	65.64	1	1	1	1	1	1	1	1	1	1
4361	2	.	64.54	1	0	0	1	0	1	0	1	1	1
4362	2	0	62.4	0	0	0	0	1	1	1	1	1	1
4363	2	0	78.2	1	1	1	1	1	1	0	0	0	0
4365	2	0	80.45	1	1	1	1	1	1	1	1	1	1
4366	2	0	64.99	1	1	1	0	1	1	0	0	1	1
4369	2	0	61.87	0	1	1	1	1	1	1	1	1	1
4372	2	0	.	1	.	.	.	.	.	.	.	.	.
4373	2	0	70.02	1	1	1	0	1	1	1	1	1	1
4374	2	.	61.14	1	1	1	1	1	1	1	1	1	1
4375	2	.	.	0	0	1	0	0	0	1	1	1	1
4379	2	0	56.66	1	1	1	1	1	1	1	0	1	1
4381	2	0	30.91	0	1	1	1	0	0	0	0	0	0
4382	2	0	73.4	1	1	1	1	1	1	1	1	1	1
4386	2	0	.	1	1	0	1	1	1	1	1	1	1
4387	2	1	63.58	0	1	1	1	1	1	1	1	1	1
4389	2	0	.	1	1	1	1	1	1	0	0	0	0
4390	2	0	63.36	1	1	1	0	1	1	1	1	1	0
4395	2	0	69.31	1	1	1	1	1	1	0	1	0	1
4396	2	0	46.21	0	1	1	1	1	0	0	1	1	1
4397	2	0	68.92	0	1	1	1	1	1	1	1	1	1
4398	2	.	57.15	1	1	1	1	0	0	1	1	1	1
4401	2	0	62.88	0	1	0	0	0	0	0	0	0	1
4402	2	.	.	0	.	.	.	.	.	.	.	.	.
4405	2	.	46.57	1	0	1	0	0	0	0	0	0	0
4406	2	.	68.31	0	1	1	1	0	1	1	1	0	1
4407	2	.	56.17	1	0	0	0	1	1	0	0	0	0
4408	2	0	71.95	1	0	0	0	0	0	1	1	1	0
4410	2	0	49.66	1	1	1	1	0	1	1	1	1	1
4411	2	0	.	0	.	.	.	.	.	.	.	.	.
4415	2	0	54.31	1	0	1	1	1	1	0	0	0	0
4416	2	0	50.04	1	1	0	1	1	1	1	0	1	1
4417	2	0	54.02	1	0	0	1	1	1	0	0	1	1
4418	2	0	44.66	1	1	1	1	1	1	1	1	1	1
4419	2	.	81.39	1	1	1	1	1	1	1	1	1	1
4420	2	0	39.26	1	0	0	1	1	1	1	0	1	0
4422	2	0	.	1	1	1	1	1	1	1	1	1	1
4423	2	.	.	0	.	.	.	.	.	.	.	.	.
4424	2	0	67.48	1	.	.	.	.	.	.	.	.	.
4425	2	0	58.21	1	1	1	1	1	0	1	1	1	1
4426	2	0	68.34	0	1	1	1	1	1	1	0	1	1
4429	2	0	61.06	0	1	1	1	1	1	1	1	1	1
4431	2	.	63.1	1	.	.	.	.	.	.	.	.	.
4432	2	0	59.52	1	1	1	1	1	1	1	1	1	1
4435	2	0	56.01	1	1	1	1	1	1	0	1	0	0
4437	2	0	58.51	1	1	1	1	1	0	1	1	1	1
4439	2	0	60.3	1	1	1	1	1	1	1	0	1	0
4440	2	.	38.95	1	0	0	0	0	0	1	1	1	1
4441	2	.	41.21	1	0	0	1	0	0	0	1	1	1
4445	2	.	.	1	1	0	1	1	1	1	0	0	1
4446	2	0	.	0	.	.	.	.	.	.	.	.	.
4447	2	0	73.15	1	0	1	1	0	0	0	0	1	0
4449	2	0	69.74	1	1	1	1	1	1	1	0	1	1
4451	2	.	54.81	1	1	1	1	1	0	.	1	0	0
4452	2	.	.	0	1	1	1	0	0	1	1	1	1
4454	2	0	71.66	1	1	1	0	1	1	1	1	1	1
4456	2	0	66.88	1	1	1	1	1	1	1	1	1	1
4457	2	0	64.23	1	.	.	.	.	.	.	.	.	.
4461	2	.	.	0	1	1	1	1	0	1	1	1	1
4463	2	0	64.71	0	1	1	1	0	0	1	1	1	1
4464	2	0	65.66	0	0	1	1	1	1	1	1	1	1
4465	2	.	.	1	.	.	.	.	.	.	.	.	.
4466	2	.	.	0	.	.	.	.	.	.	.	.	.
4468	2	0	.	0	1	1	1	1	1	1	1	0	1
4471	2	0	.	1	1	0	1	0	1	1	0	1	1
4475	2	0	58.51	1	0	0	0	0	1	1	1	1	1
4476	2	.	.	0	1	1	1	1	1	1	0	1	0
4479	2	0	80.53	1	1	1	1	1	1	1	1	1	1
4481	2	0	71.07	1	1	1	1	1	1	0	1	1	1
4482	2	.	67.69	0	1	1	1	1	1	1	1	1	1
4486	2	.	71.18	0	1	1	1	0	1	1	1	1	1
4489	2	0	.	0	.	.	.	.	.	.	.	.	.
4491	2	0	70.1	1	0	0	0	.	0	1	0	1	1
4493	2	0	50.66	1	1	1	1	1	1	1	1	1	0
4500	2	.	.	0	0	1	1	1	1	1	1	0	0
4501	2	0	68.61	1	1	1	1	1	0	1	1	1	1
4502	2	0	51.52	0	0	0	0	0	0	.	0	0	0
4503	2	1	80.21	0	1	1	1	1	1	1	1	1	1
4505	2	.	56.66	1	0	0	0	0	0	0	1	0	0
4506	2	0	40.12	1	.	.	.	.	.	.	.	.	.
4507	2	0	67.17	0	1	1	1	1	1	1	.	1	1
4510	2	.	46.28	0	1	1	1	1	1	0	1	1	1
4511	2	0	44.88	1	1	1	1	1	1	0	0	.	1
4514	2	.	.	0	.	.	.	.	.	.	.	.	.
4518	2	0	42.25	0	1	1	1	1	1	0	1	1	0
4520	2	0	72	0	1	1	1	1	1	1	1	1	1
4521	2	0	42.48	0	0	0	0	1	1	0	0	0	0
4523	2	.	.	0	1	1	1	1	1	0	0	1	1
4524	2	.	.	0	1	0	.	.	.	.	.	.	.
4525	2	.	57.7	1	0	0	1	1	1	1	1	1	0
4531	2	.	58.59	1	1	0	0	0	1	1	1	1	1
4532	2	1	69.07	0	1	1	1	1	1	1	1	1	1
4533	2	0	47.3	0	.	.	.	.	.	.	.	.	.
4535	2	.	68.5	1	1	1	1	1	1	1	0	1	1
4539	2	1	79.14	0	1	1	1	1	1	1	1	1	1
4544	2	0	65.95	1	0	0	1	1	1	1	1	1	1
4546	2	0	36.96	0	1	1	1	0	0	1	0	1	1
4547	2	.	.	0	1	1	1	1	1	0	0	0	0
4550	2	0	50.61	0	.	.	.	.	.	.	.	.	.
4551	2	0	77.25	0	1	1	1	1	1	1	1	1	1
4552	2	0	53.35	1	1	1	1	1	1	1	1	1	1
4554	2	0	52.86	1	1	1	1	1	1	0	1	1	0
4556	2	0	58.16	1	1	1	1	1	1	1	1	1	1
4557	2	0	48.89	1	0	0	0	.	0	1	1	1	1
4558	2	0	37.55	1	0	0	0	0	0	1	1	1	1
4559	2	1	64.12	1	0	1	1	0	1	1	1	1	1
4562	2	0	.	1	1	1	1	1	1	0	1	0	1
4566	2	0	58.1	1	1	1	1	1	1	1	0	1	1
4567	2	.	70.51	0	.	.	.	.	.	.	.	.	.
4569	2	0	69.21	0	1	1	1	1	1	1	1	1	1
4571	2	0	65.09	1	1	1	1	1	1	1	1	1	1
4573	2	0	.	0	1	1	1	0	0	1	0	1	1
4574	2	0	.	1	0	1	1	0	0	1	1	1	1
4576	2	0	50.1	1	1	1	1	1	1	0	0	0	.
4577	2	.	.	0	1	1	1	1	1	1	1	1	1
4580	2	1	71.86	0	1	1	1	1	1	1	1	1	1
4581	2	0	66.93	0	0	1	1	.	0	1	1	1	1
4582	2	.	57.76	0	.	.	.	.	.	.	.	.	.
4584	2	0	60.35	1	0	1	0	0	1	1	1	1	1
4586	2	.	31.88	0	1	1	0	0	0	0	0	0	0
4587	2	0	77.79	0	1	1	1	1	0	1	1	1	1
4588	2	0	.	1	0	1	1	1	1	1	1	0	0
4589	2	0	69.55	0	1	1	1	1	0	1	1	1	1
4590	2	0	.	1	.	.	.	.	.	.	.	.	.
4591	2	0	54.81	1	1	1	1	0	1	1	1	1	1
4592	2	0	.	1	1	1	1	1	1	0	0	0	0
4597	2	0	.	1	1	1	1	0	1	1	1	1	1
4599	2	0	40.04	0	0	0	0	0	0	0	0	0	0
4603	2	0	63.37	0	1	1	1	0	0	1	1	1	1
4604	2	.	52.03	0	1	1	1	0	0	1	1	1	1
4607	2	.	.	0	1	1	1	1	1	1	1	1	1
4609	2	0	69.21	1	1	0	1	1	1	1	0	1	1
4611	2	.	50.42	0	1	1	1	1	1	0	1	1	0
4614	2	0	.	1	.	.	.	.	.	.	.	.	.
4615	2	.	51.63	1	0	0	1	1	1	0	0	0	1
4616	2	.	30.26	0	0	0	1	0	1	1	0	0	0
4617	2	0	66.76	0	1	1	1	1	1	1	1	1	1
4618	2	0	.	0	1	1	1	1	0	0	1	1	0
4619	2	0	51.78	1	1	1	1	1	1	1	0	1	1
4620	2	0	.	1	1	1	0	.	1	1	1	1	1
4621	2	0	62.59	1	0	1	1	1	1	1	1	0	0
4624	2	0	69.9	1	1	1	1	0	0	0	0	0	0
4625	2	.	46.24	0	0	0	1	0	1	0	0	1	1
4626	2	.	70.19	0	1	1	1	1	1	1	1	1	1
4627	2	0	56.11	0	1	1	1	.	0	1	1	0	1
4631	2	0	62.97	1	1	1	1	0	1	1	1	1	1
4632	2	.	.	0	1	1	1	1	1	0	1	1	1
4636	2	0	47.44	1	1	1	0	0	0	1	0	0	0
4637	2	0	70.19	1	1	1	1	1	1	1	1	1	1
4640	2	0	59.49	0	1	1	1	1	1	1	1	.	1
4644	2	.	.	1	.	.	.	.	.	.	.	.	.
4645	2	.	.	1	1	1	1	1	1	1	1	1	1
4646	2	.	.	0	.	.	.	.	.	.	.	.	.
4648	2	0	69.25	0	1	1	1	0	1	1	1	1	1
4649	2	0	83.93	0	.	.	.	.	.	.	.	.	.
4650	2	0	54.68	0	1	0	1	0	1	1	0	1	0
4651	2	0	67.12	1	1	1	1	0	1	1	0	1	1
4652	2	0	41.84	1	1	1	1	0	1	0	0	1	0
4653	2	1	74.62	0	1	1	1	0	1	1	1	1	1
4654	2	.	40.74	1	1	0	0	0	0	0	0	0	0
4656	2	0	30.33	0	0	0	0	0	0	1	1	0	0
4660	2	0	.	0	.	.	.	.	.	.	.	.	.
4661	2	.	53.41	0	0	1	0	1	1	1	1	1	1
4662	2	0	74.03	1	1	1	1	1	1	1	1	1	1
4665	2	0	72.16	1	1	1	1	1	0	1	0	1	1
4666	2	0	56.82	0	1	1	1	0	1	0	0	0	1
4667	2	0	.	0	0	1	1	1	1	1	1	1	1
4668	2	0	94.27	0	1	1	1	1	1	1	1	0	0
4673	2	0	.	0	.	.	.	.	.	.	.	.	.
4674	2	.	.	0	1	1	1	0	0	1	1	1	1
4676	2	0	52.27	1	1	1	1	0	0	0	1	1	1
4678	2	0	61.13	0	1	1	1	.	0	1	1	1	1
4679	2	0	73.56	0	1	1	1	1	1	1	1	1	1
4680	2	0	.	1	0	0	0	0	1	0	.	.	1
4682	2	.	.	1	0	0	0	0	0	1	1	1	1
4684	2	.	.	0	1	1	1	0	0	1	1	1	1
4685	2	0	78.03	0	1	1	1	0	0	0	1	1	0
4690	2	.	.	0	1	1	1	1	1	0	1	1	1
4694	2	0	79.64	0	1	1	1	1	1	1	1	1	1
4695	2	0	64.59	1	1	1	1	1	1	1	1	0	0
4702	2	.	.	0	.	.	.	.	.	.	.	.	.
4703	2	.	52.21	0	1	1	1	1	1	1	1	1	1
4709	2	.	59.42	1	1	1	1	1	1	1	1	1	1
4712	2	0	76.21	1	1	1	1	1	0	0	1	1	1
4713	2	0	45.91	0	0	0	0	0	0	1	1	1	1
4715	2	0	.	0	1	1	1	0	1	1	1	1	1
4716	2	.	33.79	0	1	1	1	1	1	1	1	1	1
4717	2	0	.	0	0	1	1	0	0	0	1	0	1
4719	2	.	78.35	1	1	0	1	1	1	1	0	0	1
4721	2	0	.	1	0	0	0	0	0	1	1	1	1
4723	2	0	.	0	1	0	1	1	0	1	1	1	1
4725	2	0	63.42	1	0	0	1	0	1	1	0	1	1
4728	2	0	52.25	0	.	.	.	.	.	.	.	.	.
4732	2	.	48.19	1	0	0	0	0	0	1	1	1	1
4733	2	.	51.22	0	1	1	1	1	0	1	0	0	1
4734	2	0	.	1	1	1	1	1	1	1	1	1	1
4737	2	0	.	0	0	0	1	0	0	0	0	.	0
4738	2	.	.	1	1	1	1	1	1	1	1	1	1
4741	2	0	.	1	1	1	1	1	1	1	1	1	1
4742	2	.	48.49	1	0	1	1	1	1	1	0	1	1
4743	2	0	.	1	0	0	0	0	0	0	0	0	1
4744	2	0	.	0	.	.	.	.	.	.	.	.	.
4747	2	.	67.75	0	1	1	1	1	0	0	0	0	1
4748	2	.	41.93	1	0	0	1	1	1	0	0	1	0
4751	2	.	.	1	.	.	.	.	.	.	.	.	.
4752	2	.	49.11	1	0	0	0	0	0	1	1	1	1
4753	2	0	53.86	1	1	1	1	1	1	1	0	1	1
4754	2	.	.	1	.	.	.	.	.	.	.	.	.
4755	2	.	.	1	.	.	.	.	.	.	.	.	.
4758	2	.	.	1	.	.	.	.	.	.	.	.	.
4760	2	.	.	0	0	0	0	0	0	0	0	0	0
4762	2	0	74.44	1	0	0	0	.	.	.	.	.	.
4763	2	.	51.95	1	1	0	1	0	1	1	1	1	1
4768	2	.	47.11	1	1	1	1	0	1	0	0	0	1
4770	2	0	.	0	1	1	0	1	0	1	1	0	0
4773	2	0	51.45	0	1	1	1	1	0	0	1	0	1
4776	2	0	70.02	1	1	1	1	1	1	0	0	0	0
4778	2	0	.	0	1	1	1	1	1	0	0	0	0
4784	2	.	.	0	1	1	1	1	0	0	0	1	0
4786	2	.	53.69	0	0	0	0	0	0	1	0	1	1
4787	2	0	.	1	1	1	0	0	0	1	0	0	1
4790	2	0	57.89	1	1	1	1	1	1	1	0	1	0
4792	2	0	70.5	1	0	0	1	1	1	0	0	0	0
4793	2	0	55.88	0	0	1	1	1	1	1	1	1	1
4794	2	0	.	0	0	1	0	1	0	1	0	0	0
4796	2	1	68.35	0	1	1	0	1	1	1	1	1	1
4798	2	0	64.54	1	.	.	.	.	.	.	.	.	.
4799	2	0	51.98	1	1	1	1	1	1	1	1	1	1
4800	2	0	.	1	.	.	.	.	.	.	.	.	.
4802	2	0	68.03	1	1	0	1	0	0	1	1	1	1
4809	2	0	84.11	1	1	1	1	1	1	1	1	1	1
4810	2	.	.	0	1	1	1	1	0	0	1	1	1
4812	2	0	48.62	0	1	1	1	1	1	1	1	1	1
4813	2	.	.	0	.	.	.	.	.	.	.	.	.
4816	2	.	54.05	0	1	1	1	1	1	1	1	1	1
4817	2	.	.	0	.	.	.	.	.	.	.	.	.
4819	2	0	66.25	0	0	1	1	1	1	1	1	1	1
4823	2	0	.	0	0	1	1	1	1	0	0	0	1
4824	2	0	.	0	1	1	1	0	0	1	1	1	1
4825	2	.	78.04	1	1	1	1	1	1	1	1	1	1
4827	2	0	51.06	1	1	0	0	1	.	0	0	1	1
4831	2	0	74.4	0	1	1	1	1	1	1	1	1	1
4834	2	0	69.01	1	1	0	1	0	1	1	1	1	0
4835	2	0	.	0	.	.	.	.	.	.	.	.	.
4836	2	0	.	0	1	1	1	0	0	1	0	1	1
4837	2	0	.	1	1	1	1	1	1	1	1	1	1
4838	2	0	47.52	0	1	1	1	1	0	1	1	0	1
4842	2	0	62.85	1	.	.	.	.	.	.	.	.	.
4843	2	.	.	1	.	.	.	.	.	.	.	.	.
4844	2	.	.	0	1	1	1	1	1	0	0	1	1
4845	2	.	.	1	1	0	0	1	0	0	0	0	0
4846	2	1	80.68	0	1	1	1	1	1	1	1	1	1
4850	2	.	54.91	0	0	0	0	0	1	1	1	0	1
4853	2	0	.	1	1	1	1	0	0	1	1	1	1
4854	2	0	61.93	0	.	.	.	.	.	.	.	.	.
4858	2	0	39.12	1	.	.	.	.	.	.	.	.	.
4859	2	.	.	1	1	1	1	0	0	0	0	0	0
4863	2	0	84.01	0	1	1	1	0	1	1	1	1	1
4866	2	0	.	0	1	1	1	1	1	1	1	1	1
4869	2	0	64.49	0	.	.	.	.	.	.	.	.	.
4871	2	0	53.66	1	1	1	1	1	1	1	0	1	1
4873	2	.	69.98	1	0	1	1	0	0	1	1	1	1
4876	2	0	76.38	1	1	1	1	0	0	1	1	1	1
4881	2	.	40.68	1	1	1	1	1	1	1	1	1	0
4882	2	0	55.69	1	0	0	0	0	1	0	0	0	0
4883	2	.	52.18	0	1	1	1	1	1	1	1	1	1
4884	2	0	60.52	0	1	1	1	1	1	1	0	1	1
4887	2	0	30.3	0	0	0	0	0	1	0	1	.	0
4888	2	0	79.41	0	1	1	1	1	0	1	0	1	1
4889	2	0	51.04	1	1	1	1	0	0	1	1	1	1
4890	2	0	.	0	0	0	0	0	0	0	0	0	0
4893	2	1	.	0	1	1	1	1	1	1	1	1	1
4894	2	0	.	1	.	.	.	.	.	.	.	.	.
4895	2	0	.	1	1	1	1	1	1	1	0	1	1
4896	2	0	59.26	1	1	1	1	1	1	1	1	1	1
4898	2	1	93.36	0	1	1	1	1	1	1	1	1	1
4900	2	.	.	0	1	1	1	1	0	1	1	1	1
4901	2	0	.	0	0	1	1	1	1	1	0	1	1
4908	2	0	46.85	0	.	.	.	.	.	.	.	.	.
4910	2	0	71.57	0	1	1	1	1	1	1	1	.	0
4912	2	0	48.46	0	1	1	1	1	0	0	1	1	1
4914	2	.	.	1	0	0	1	0	0	0	0	1	0
4916	2	0	51.16	1	.	.	.	.	.	.	.	.	.
4917	2	0	57.5	1	1	1	1	1	1	0	1	0	1
4920	2	0	58.38	1	1	1	1	0	0	1	1	1	1
4921	2	0	58.45	0	1	1	1	0	0	0	0	0	1
4922	2	0	54.52	1	1	0	1	1	0	0	0	0	0
4923	2	0	40.87	0	.	.	.	.	.	.	.	.	.
4924	2	0	71.49	0	1	1	1	0	0	1	1	1	1
4926	2	0	64.6	1	0	0	1	0	1	1	1	1	1
4928	2	0	.	1	0	0	1	0	0	0	0	1	1
4932	2	1	70.22	1	1	1	1	0	1	1	1	1	1
4933	2	0	62.07	1	0	0	1	0	1	0	.	1	1
4935	2	0	44.64	1	1	1	1	0	1	0	0	.	.
4937	2	0	41.68	0	1	1	1	0	0	1	1	1	1
4938	2	0	80.25	0	.	.	.	.	.	.	.	.	.
4943	2	0	75.66	1	1	1	1	1	1	1	1	1	1
4944	2	0	47.66	0	.	.	.	.	.	.	.	.	.
4945	2	.	.	1	1	1	1	1	0	0	0	0	0
4946	2	.	63.76	1	1	1	1	0	1	0	1	1	1
4949	2	0	59.17	1	0	1	1	1	1	1	1	1	0
4950	2	.	.	0	.	.	.	.	.	.	.	.	.
4951	2	0	71.89	1	0	1	1	0	1	1	1	0	1
4953	2	1	.	1	.	.	.	.	.	.	.	.	.
4955	2	.	57.2	0	1	1	1	1	1	0	0	1	1
4957	2	0	63.63	1	1	1	1	0	1	1	1	1	1
4958	2	0	73.4	1	1	1	1	1	1	1	0	1	0
4959	2	.	.	1	0	0	1	1	1	1	1	1	1
4961	2	0	44.45	1	1	1	1	1	1	1	1	1	1
4963	2	.	61.54	1	1	0	1	0	0	0	1	0	0
4965	2	0	83.4	0	1	1	1	1	1	1	1	0	0
4966	2	0	.	0	.	.	.	.	.	.	.	.	.
4968	2	0	48.01	1	1	1	1	1	1	0	0	1	1
4969	2	0	54.45	1	.	.	.	.	.	.	.	.	.
4973	2	0	51.97	1	1	0	1	1	1	1	1	0	1
4975	2	0	53.98	1	.	.	.	.	.	.	.	.	.
4976	2	.	50.22	0	1	1	1	0	0	0	1	0	0
4977	2	0	51.91	1	1	1	1	0	0	1	1	1	1
4980	2	1	72	0	0	1	1	1	1	0	0	1	1
4981	2	0	.	0	1	0	1	1	1	1	1	1	1
4983	2	.	45.5	0	1	1	1	1	1	1	1	1	1
4986	2	0	57.82	0	1	1	1	1	1	1	1	1	1
4990	2	.	.	1	1	0	1	1	0	1	.	1	1
4991	2	0	56.25	0	1	1	1	1	1	1	1	1	0
4992	2	.	59.51	1	1	1	1	1	1	1	1	1	1
4994	2	0	63	1	0	1	1	1	1	0	0	0	0
5000	2	.	44.39	1	0	0	0	.	0	1	1	1	1
5001	2	.	.	1	.	.	.	.	.	.	.	.	.
5003	2	0	.	1	1	1	1	0	0	1	0	1	1
5004	2	.	.	0	.	.	.	.	.	.	.	.	.
5005	2	1	69.8	0	1	1	1	1	1	1	1	1	1
5006	2	0	54.3	1	0	0	1	0	1	.	.	0	0
5007	2	.	.	1	0	0	0	1	0	1	0	1	1
5010	2	0	67.69	1	.	.	.	.	.	.	.	.	.
5015	2	0	36.55	0	1	1	1	0	0	0	0	0	0
5016	2	.	55.23	0	1	0	1	1	1	1	1	1	1
5019	2	0	.	1	1	1	0	1	1	1	0	1	1
5020	2	0	65.18	0	.	.	.	.	.	.	.	.	.
5021	2	0	59.1	0	1	1	1	1	1	1	1	1	1
5022	2	0	63.73	1	1	1	1	1	1	1	1	1	1
5023	2	0	.	0	1	1	1	0	0	1	1	1	1
5025	2	.	42.31	0	1	1	0	0	0	1	1	1	1
5031	2	0	.	0	0	1	1	0	1	0	0	1	0
5035	2	0	69.84	1	1	1	1	1	1	0	.	1	1
5036	2	.	35.41	1	1	1	1	0	0	0	0	0	0
5038	2	.	56.45	1	1	1	1	1	1	1	1	1	1
5039	2	0	36.11	1	0	0	1	0	1	1	1	.	.
5042	2	.	.	1	.	.	.	.	.	.	.	.	.
5045	2	0	63.47	1	0	0	0	0	0	0	1	1	0
5046	2	0	80.48	0	0	0	1	1	1	0	0	0	0
5047	2	0	.	0	.	.	.	.	.	.	.	.	.
5048	2	0	60.97	1	0	0	0	0	1	1	1	1	1
5052	2	.	59.43	1	0	0	1	.	1	1	1	1	1
5055	2	0	59.89	0	1	1	1	0	1	1	1	1	1
5058	2	0	49.69	0	0	0	0	0	0	0	0	0	0
5061	2	0	71.24	1	1	1	1	1	1	1	1	1	0
5064	2	0	72.58	0	0	1	1	1	1	1	1	1	1
5065	2	0	85.91	0	0	1	1	1	1	1	1	1	0
5066	2	0	36.45	0	0	0	0	0	0	0	0	0	0
5068	2	0	46.79	1	.	.	.	.	.	.	.	.	.
5069	2	0	60.63	1	1	1	1	1	0	1	1	0	1
5070	2	0	69.23	0	1	1	.	1	1	1	0	1	1
5072	2	0	61.54	0	0	1	1	0	1	1	1	1	1
5075	2	0	51.68	0	0	0	0	0	1	0	1	1	0
5077	2	0	.	1	1	1	1	1	1	1	1	1	1
5078	2	0	62.91	1	0	0	1	1	1	0	0	1	0
5079	2	0	44.5	0	1	1	.	1	1	1	1	.	.
5081	2	0	37.67	0	1	1	1	.	0	1	1	1	1
5084	2	0	58.29	1	.	.	.	.	.	.	.	.	.
5085	2	0	64.66	0	1	1	1	1	1	0	1	1	1
5088	2	1	.	1	1	0	0	0	1	1	1	1	1
5089	2	.	79.27	1	1	0	0	1	1	1	0	1	0
5091	2	0	63.91	0	1	1	1	1	1	1	0	1	1
5092	2	1	77.04	1	1	1	1	1	1	1	1	1	1
5093	2	.	51.54	0	1	1	1	1	1	1	1	1	1
5094	2	.	71.12	0	.	.	.	.	.	.	.	.	.
5096	2	0	40.62	0	0	1	0	1	0	1	0	0	0
5097	2	0	41.95	1	.	.	.	.	.	.	.	.	.
5098	2	0	46.84	1	0	1	1	1	1	1	.	.	.
5099	2	0	54.42	1	1	0	1	1	1	0	0	1	1
5101	2	0	37.69	0	0	0	0	0	0	0	0	0	0
5102	2	.	59.5	1	0	0	1	1	1	0	0	0	0
5108	2	0	64.94	0	1	1	1	1	1	1	1	1	1
5109	2	0	59.17	1	1	1	0	0	0	1	1	1	1
5112	2	0	51.04	0	0	0	0	1	0	1	1	0	.
5113	2	0	62.37	1	1	1	1	1	1	1	1	1	1
5115	2	.	62.59	1	0	1	1	0	1	0	0	1	1
5116	2	0	56.64	0	0	0	1	0	1	1	1	1	1
5117	2	0	.	0	1	1	1	1	1	1	1	1	1
5118	2	0	.	1	.	.	.	.	.	.	.	.	.
5119	2	0	52.83	0	1	0	1	0	0	1	1	1	1
5120	2	0	42.5	1	1	1	1	0	1	1	1	1	1
5123	2	.	38.01	1	1	1	1	1	1	0	0	0	0
5124	2	.	68.74	1	1	1	1	1	1	1	1	1	0
5126	2	0	.	1	1	1	1	1	1	0	1	1	1
5129	2	.	.	1	1	1	1	1	1	1	1	1	0
5130	2	0	64.31	0	1	1	1	1	1	1	1	1	1
5131	2	.	.	0	1	1	1	0	0	1	1	1	1
5132	2	.	40.81	0	1	1	0	0	0	0	1	1	1
5134	2	.	43.16	0	.	.	.	.	.	.	.	.	.
5135	2	.	.	1	1	1	0	0	0	1	1	1	1
5136	2	.	51.68	0	1	1	1	1	1	0	0	1	1
5139	2	0	60.39	1	1	1	1	1	1	0	0	1	0
5141	2	0	75.12	0	1	1	1	0	1	1	1	0	1
5142	2	0	38.38	0	1	1	1	0	0	1	1	1	1
5143	2	0	52.94	1	1	1	1	1	1	1	1	1	1
5144	2	0	52.84	1	0	0	1	1	1	1	1	0	0
5146	2	0	54.25	1	0	1	0	0	1	0	1	0	0
5148	2	.	.	1	.	.	.	.	.	.	.	.	.
5149	2	0	44.83	0	1	1	1	1	0	0	1	1	1
5150	2	0	68.83	1	1	1	1	1	1	1	1	1	1
5151	2	.	62.01	0	1	1	1	1	1	1	1	1	1
5154	2	0	67.46	0	0	0	1	1	1	0	0	0	0
5156	2	.	65.24	0	1	1	.	1	1	1	1	1	1
5157	2	0	66.09	0	1	1	1	1	1	1	1	1	1
5158	2	0	.	0	1	1	1	1	1	1	1	1	1
5159	2	.	.	1	0	0	0	0	1	0	0	0	0
5161	2	0	70.53	0	1	1	1	1	1	0	0	0	0
5163	2	.	.	1	0	0	1	1	1	0	0	1	1
5164	2	0	.	1	0	0	0	1	1	0	0	1	1
5169	2	0	62.68	1	1	1	1	1	1	1	1	1	1
5170	2	0	72.33	1	1	1	1	1	1	1	1	1	1
5171	2	0	74.3	0	1	1	1	1	1	1	1	1	1
5172	2	0	.	1	.	.	.	.	.	.	.	.	.
5173	2	.	45.82	1	0	0	1	1	1	0	0	1	1
5174	2	0	.	1	1	1	1	0	1	0	1	1	1
5176	2	.	54.21	1	.	.	.	.	.	.	.	.	.
5177	2	.	.	1	0	0	0	1	1	0	0	0	0
5179	2	.	.	1	1	1	1	1	1	1	0	1	1
5181	2	0	67.71	1	1	1	1	0	1	1	0	1	1
5184	2	.	47.35	1	1	0	1	1	1	1	1	1	1
5188	2	.	76.23	1	.	.	.	.	.	.	.	.	.
5189	2	0	.	0	.	.	.	.	.	.	.	.	.
5190	2	.	52.29	0	1	1	1	1	1	1	1	1	1
5193	2	.	.	0	0	0	1	0	1	0	0	1	0
5196	2	.	45.51	0	0	0	0	0	0	1	1	1	1
5197	2	0	66.85	1	1	1	1	1	1	1	1	0	1
5198	2	0	.	0	0	1	1	1	1	1	0	1	1
5199	2	.	64.89	1	0	0	1	1	1	1	0	1	0
5200	2	0	48.15	0	1	1	1	0	0	1	1	1	1
5201	2	.	.	0	0	0	0	0	0	1	0	0	0
5202	2	0	69.02	1	1	1	1	1	1	0	0	0	1
5204	2	.	.	1	0	0	0	0	1	1	0	1	1
5207	2	.	55.41	1	0	0	0	0	0	0	0	1	1
5210	2	0	43.11	1	.	.	.	.	.	.	.	.	.
5213	2	0	74.21	1	1	1	1	0	1	1	1	1	1
5215	2	.	64.06	0	1	1	1	1	1	1	1	1	1
5216	2	.	38.48	0	0	0	0	0	0	1	1	0	1
5217	2	0	60.5	0	0	1	1	0	1	1	1	1	0
5218	2	0	54.65	1	1	0	1	1	1	1	.	.	0
5220	2	0	71.31	0	1	1	1	0	1	1	1	1	1
5224	2	0	57.4	0	1	1	1	1	0	1	0	1	1
5225	2	0	55.02	1	1	1	1	1	1	0	1	1	1
5226	2	.	.	0	.	.	.	.	.	.	.	.	.
5228	2	0	65.17	0	0	1	1	1	0	0	0	0	1
5229	2	0	44.75	0	1	1	1	1	1	0	1	1	1
5230	2	0	56.95	1	1	1	1	0	1	1	1	1	1
5231	2	0	58.74	1	0	0	0	0	0	1	1	1	1
5232	2	0	53.7	0	1	1	1	0	1	1	0	1	1
5235	2	0	49.48	1	0	0	0	0	1	0	0	1	0
5236	2	0	.	0	.	.	.	.	.	.	.	.	.
5237	2	.	44.79	0	1	1	0	.	.	.	1	.	1
5238	2	0	64.42	1	1	1	1	0	1	0	1	1	1
5239	2	0	49.71	1	0	0	0	0	0	1	0	1	1
5240	2	.	51.89	1	1	1	1	0	0	0	0	0	0
5241	2	1	74.26	1	1	1	1	1	1	1	1	1	1
5242	2	0	.	1	1	1	1	0	.	1	1	0	1
5244	2	0	.	0	0	0	1	0	1	1	0	1	0
5246	2	0	70.03	1	0	1	1	0	1	1	1	1	1
5248	2	0	46.16	1	0	1	0	1	0	0	0	1	1
5249	2	0	.	1	1	1	1	1	1	1	0	1	1
5251	2	0	67.57	0	0	0	0	1	1	1	1	1	1
5252	2	0	66.51	0	1	1	1	1	0	1	0	1	1
5253	2	.	53.16	0	1	1	1	1	1	1	1	0	0
5255	2	0	30.46	1	0	0	0	0	0	0	0	0	0
5256	2	0	68.46	0	.	.	.	.	.	.	.	.	.
5260	2	.	51.66	0	0	0	0	0	0	1	1	1	1
5263	2	0	70.4	0	1	1	1	1	1	1	1	1	1
5265	2	0	38.05	1	1	1	1	0	1	1	1	1	1
5266	2	1	78.32	0	1	1	1	1	1	1	1	1	1
5267	2	0	60.35	0	0	0	1	0	0	1	1	1	1
5270	2	0	39.47	1	1	0	1	0	0	1	1	1	1
5271	2	0	52.86	1	1	1	1	1	1	1	1	1	1
5273	2	.	.	1	.	.	.	.	.	.	.	.	.
5274	2	0	77.6	0	1	1	1	1	1	1	1	1	1
5276	2	1	80.39	0	.	1	1	1	0	1	1	1	1
5277	2	0	.	0	0	0	0	0	0	0	1	0	0
5278	2	0	71.02	1	0	0	1	.	1	0	0	0	0
5280	2	0	56.01	1	1	1	1	1	1	0	1	1	0
5282	2	0	30.41	1	1	1	1	0	0	0	0	1	1
5287	2	.	.	1	.	.	.	.	.	.	.	.	.
5288	2	.	68.87	0	1	1	1	1	0	1	.	1	1
5296	2	0	56.26	1	1	1	1	1	1	1	1	1	0
5298	2	0	56.91	1	1	0	1	0	1	1	0	1	1
5299	2	.	40.38	0	.	.	.	.	.	.	.	.	.
5301	2	.	60.53	0	.	.	.	.	.	.	.	.	.
5303	2	0	49.18	0	1	0	1	0	0	0	0	0	0
5305	2	.	43.24	1	1	1	1	.	1	1	1	1	0
5306	2	0	.	0	1	1	0	0	1	1	1	1	0
5307	2	1	.	0	.	.	.	.	.	.	.	.	.
5311	2	0	49.52	1	1	0	0	1	0	1	1	1	1
5315	2	0	66.54	0	1	1	0	0	0	1	1	1	1
5316	2	0	.	0	1	1	1	0	0	1	1	1	1
5318	2	0	.	1	.	.	.	.	.	.	.	.	.
5322	2	0	59.14	0	1	1	1	1	1	1	1	1	1
5324	2	.	.	0	1	1	1	1	1	0	0	1	1
5325	2	0	43.73	1	1	1	1	1	1	0	0	1	1
5326	2	0	53.94	0	0	0	0	0	0	0	0	0	0
5328	2	0	71.3	1	1	1	1	1	1	1	1	1	1
5330	2	0	58.47	0	0	1	1	1	1	1	1	1	1
5331	2	0	40.51	1	0	0	0	.	1	0	1	0	0
5332	2	0	60.66	1	1	1	1	1	1	0	0	1	1
5337	2	0	74.54	0	0	1	0	1	1	1	0	0	1
5338	2	0	59.98	1	1	1	1	1	1	0	1	1	1
5340	2	0	.	1	1	1	1	0	1	1	0	1	1
5344	2	0	54.03	1	1	0	1	1	1	1	1	1	1
5352	2	0	72.51	1	1	1	1	0	0	0	1	1	1
5353	2	0	57.43	0	.	.	.	.	.	.	.	.	.
5356	2	0	75.19	1	1	1	1	.	0	1	0	0	1
5357	2	0	63.11	1	0	1	1	0	1	0	1	1	0
5359	2	.	.	1	1	1	1	1	1	1	1	1	1
5360	2	0	63.81	1	1	1	1	1	1	1	1	0	1
5362	2	0	68.17	1	.	.	.	.	.	.	.	.	.
5363	2	0	.	1	1	1	1	0	0	1	1	1	1
5364	2	0	54.82	0	1	1	1	1	1	1	1	1	1
5365	2	.	.	0	1	1	1	1	1	0	0	0	0
5366	2	0	.	0	.	.	.	.	.	.	.	.	.
5368	2	1	82.24	0	1	1	1	1	1	0	1	0	0
5370	2	0	71.12	0	.	.	.	.	.	.	.	.	.
5371	2	0	54.23	0	0	1	0	0	1	1	0	0	0
5373	2	0	71.13	1	1	0	1	1	1	0	1	1	1
5374	2	0	.	1	.	.	.	.	.	.	.	.	.
5375	2	.	68.92	1	0	0	1	1	1	0	0	0	0
5376	2	0	40.08	1	0	0	0	0	0	1	.	1	1
5377	2	.	.	0	.	.	.	.	.	.	.	.	.
5378	2	0	38.07	0	0	0	0	0	1	1	1	1	0
5379	2	0	62.62	1	.	.	.	.	.	.	.	.	.
5382	2	0	39.56	0	0	0	1	1	0	0	0	1	1
5383	2	.	.	0	1	1	1	1	1	0	0	1	0
5386	2	.	53.17	1	1	0	1	0	1	1	0	1	1
5387	2	.	.	0	1	1	1	0	0	1	1	1	1
5393	2	0	62.35	1	1	1	1	1	1	1	1	0	0
5394	2	0	68.66	0	1	0	0	1	1	0	0	1	0
5395	2	0	70.18	1	1	1	1	1	1	1	1	1	1
5396	2	.	.	0	.	.	.	.	.	.	.	.	.
5397	2	0	66.8	1	.	.	.	.	.	.	.	.	.
5399	2	0	51.57	1	0	0	0	0	1	1	1	1	1
5400	2	.	.	0	.	.	.	.	.	.	.	.	.
5401	2	0	.	1	1	1	1	1	1	1	0	1	1
5404	2	.	.	0	.	.	.	.	.	.	.	.	.
5405	2	0	55.56	1	0	0	1	0	0	0	0	0	1
5406	2	.	59.23	0	0	1	1	0	0	0	0	0	0
5408	2	0	75.18	0	1	1	1	1	0	1	1	1	1
5409	2	1	72.83	1	1	1	1	1	1	1	1	1	0
5414	2	1	73.68	0	1	1	1	1	.	1	1	1	1
5415	2	0	57.12	0	1	1	1	1	1	1	1	1	1
5421	2	.	.	1	1	0	1	1	0	1	1	1	1
5422	2	0	60.93	0	1	0	1	1	1	1	0	1	1
5431	2	0	.	1	1	1	1	1	1	1	0	1	1
5433	2	0	52.81	1	1	1	1	1	1	1	1	1	1
5437	2	.	71.02	0	1	1	0	0	1	0	1	0	1
5438	2	0	60.82	0	1	1	1	1	1	1	1	1	1
5440	2	0	61.54	0	0	0	0	0	0	0	0	0	0
5444	2	0	78.72	0	1	1	1	1	1	1	1	1	1
5445	2	0	46.02	1	0	0	0	1	1	0	0	1	1
5446	2	.	47.28	1	0	1	1	1	0	0	0	1	0
5448	2	0	.	1	1	1	1	1	1	0	1	1	0
5450	2	0	81.75	1	1	1	1	1	1	0	1	1	1
5453	2	0	70.99	0	1	1	1	0	1	1	1	1	1
5455	2	0	44.83	0	1	1	1	1	0	0	1	0	0
5458	2	0	44.4	0	1	0	0	1	1	0	0	0	0
5461	2	.	43.99	1	1	0	1	0	0	1	1	1	1
5462	2	.	50.55	1	1	1	1	1	1	1	1	1	1
5463	2	0	43.21	1	1	1	1	0	0	1	0	1	1
5464	2	0	.	1	1	1	0	1	1	0	1	0	0
5465	2	0	73.93	1	1	1	1	1	1	1	1	0	1
5466	2	0	42.97	0	0	1	1	0	1	0	0	1	1
5468	2	0	66.81	1	1	1	0	0	1	1	1	1	1
5469	2	.	.	0	1	1	0	0	0	1	1	1	0
5470	2	0	72.19	1	1	1	1	1	1	1	1	1	1
5472	2	0	66.7	1	1	1	1	0	0	1	1	1	1
5473	2	0	76.58	0	1	1	1	1	1	1	1	1	1
5474	2	.	79.76	1	1	1	1	1	1	0	0	1	1
5476	2	0	64.88	0	0	1	1	0	0	0	0	0	0
5477	2	0	89.09	0	1	1	1	1	1	1	1	1	1
5480	2	.	.	0	0	0	1	1	1	1	1	1	1
5483	2	1	.	0	0	1	1	1	0	1	1	.	.
5486	2	1	63.93	0	1	1	1	0	1	1	0	1	0
5488	2	0	40.58	1	.	.	.	.	.	.	.	.	.
5490	2	.	62.57	1	0	0	0	0	1	1	.	1	1
5492	2	.	.	1	0	0	1	0	1	1	1	1	0
5493	2	.	.	1	.	.	.	.	.	.	.	.	.
5495	2	0	45.75	1	1	0	1	1	1	1	0	0	1
5497	2	0	55.39	0	1	1	1	0	0	1	1	1	1
5499	2	0	66.64	1	1	0	1	0	1	1	0	1	1
5501	2	0	.	1	1	1	1	1	1	1	0	1	1
5506	2	0	44.78	1	0	0	0	0	1	0	0	1	1
5508	2	.	.	0	1	0	0	0	1	1	1	1	1
5509	2	0	76.1	1	1	1	0	0	1	1	1	1	1
5512	2	0	56.8	0	0	0	0	0	0	1	1	1	0
5514	2	.	.	1	.	.	.	.	.	.	.	.	.
5515	2	0	64.77	0	1	1	1	1	1	1	1	1	1
5517	2	0	59.84	0	1	1	1	1	1	0	1	1	0
5519	2	0	45.93	0	1	1	1	1	1	1	1	1	0
5521	2	0	66.38	1	1	1	1	0	0	1	0	1	1
5524	2	0	65.39	1	.	.	.	.	.	.	.	.	.
5527	2	0	73.04	1	1	1	1	1	1	1	1	1	1
5528	2	0	34.74	0	0	1	1	0	1	0	0	1	1
5530	2	0	49.44	0	1	1	1	1	1	1	1	1	1
5533	2	.	.	0	.	.	.	.	.	.	.	.	.
5535	2	0	66.29	0	1	1	1	1	1	1	1	1	1
5538	2	1	71.6	1	1	0	1	1	1	1	1	1	1
5540	2	0	75.66	1	0	1	1	0	0	1	1	1	1
5542	2	0	56.62	1	1	1	1	0	1	0	1	0	0
5543	2	0	49.97	1	0	1	1	1	1	1	0	1	1
5545	2	0	72.54	1	.	.	.	.	.	.	.	.	.
5546	2	0	.	0	1	1	1	1	1	1	1	1	1
5547	2	.	33.56	0	0	0	1	0	1	0	0	0	0
5548	2	0	45.71	1	0	0	0	0	.	0	0	0	.
5551	2	0	.	0	1	1	0	0	0	0	0	1	1
5553	2	0	.	0	.	.	.	.	.	.	.	.	.
5560	2	.	47.62	0	0	0	0	1	1	0	0	0	0
5564	2	0	.	1	0	0	1	0	0	0	0	1	0
5565	2	0	.	0	0	0	0	1	1	0	0	0	0
5566	2	0	59.34	0	1	1	1	1	0	0	1	1	1
5567	2	.	36.26	0	1	1	1	1	1	1	0	1	1
5570	2	0	67.18	1	.	.	.	.	.	.	.	.	.
5572	2	0	68.18	0	1	1	0	1	1	1	1	0	1
5573	2	.	74.13	0	1	1	1	0	0	1	1	1	1
5574	2	.	40.28	0	1	1	1	1	1	1	1	1	1
5576	2	0	62.44	1	1	1	0	1	1	1	0	1	1
5577	2	0	29.95	0	0	0	1	0	0	0	0	0	0
5578	2	0	.	0	1	1	1	0	0	1	1	1	1
5580	2	0	64.8	0	0	1	1	1	1	0	0	1	0
5581	2	0	54.48	1	1	1	1	0	0	1	1	1	1
5582	2	0	49.12	1	1	0	1	0	1	1	0	1	1
5583	2	.	50.41	0	1	1	1	0	0	1	1	1	1
5586	2	0	60.05	0	0	0	0	0	0	0	0	0	1
5589	2	0	.	0	.	.	.	.	.	.	.	.	.
5590	2	0	73.01	0	1	1	1	1	1	1	1	1	1
5591	2	0	58.37	1	1	1	1	1	1	1	1	1	1
5592	2	.	56.36	1	1	1	1	1	1	1	1	1	1
5593	2	.	42.66	1	1	0	1	0	0	0	1	1	1
5594	2	.	64.99	0	0	1	1	1	1	1	1	1	1
5595	2	0	36.83	0	.	.	.	.	.	.	.	.	.
5596	2	0	45.47	1	1	0	1	0	0	1	1	1	1
5597	2	0	.	0	1	1	1	0	0	0	0	0	0
5598	2	0	.	1	0	1	1	0	0	.	0	1	0
5602	2	0	70.41	1	0	1	0	0	1	1	0	1	1
5603	2	0	.	1	0	0	1	0	0	1	0	0	0
5605	2	.	.	0	.	.	.	.	.	.	.	.	.
5607	2	.	.	0	1	1	1	1	1	1	0	1	1
5610	2	.	.	1	.	.	.	.	.	.	.	.	.
5611	2	1	66.11	0	1	0	0	0	1	1	0	1	1
5612	2	0	62.78	0	1	1	1	1	1	0	1	0	1
5613	2	0	62.63	0	1	1	1	1	1	1	1	1	1
5618	2	1	85.84	0	1	1	1	1	1	1	1	1	1
5620	2	0	.	0	1	1	1	1	1	0	0	1	1
5621	2	0	43.84	0	1	0	1	0	0	1	1	1	1
5622	2	.	35.86	0	1	1	1	1	1	1	1	1	1
5623	2	0	55.61	1	0	0	0	0	1	0	1	0	1
5627	2	.	.	0	0	1	1	0	0	1	1	1	0
5629	2	0	58.35	1	0	1	1	0	1	1	1	1	1
5630	2	.	70.64	1	1	1	1	1	1	1	1	1	1
5634	2	0	53.25	0	1	1	1	1	1	1	1	1	1
5635	2	0	.	0	0	0	1	0	1	0	0	1	1
5636	2	0	.	0	.	.	.	.	.	.	.	.	.
5638	2	0	61.89	1	1	1	1	1	1	1	1	1	1
5639	2	.	42.17	0	1	0	0	0	0	1	1	1	0
5640	2	0	56.43	1	0	0	1	0	1	0	0	1	0
5642	2	.	42.71	0	1	1	1	1	1	1	0	0	1
5643	2	.	.	1	.	.	.	.	.	.	.	.	.
5644	2	.	.	0	.	.	.	.	.	.	.	.	.
5645	2	0	56.19	0	1	1	1	1	1	1	1	1	1
5649	2	0	46.24	1	0	0	1	0	1	1	1	1	1
5650	2	.	56.12	1	0	1	1	1	1	1	1	1	0
5651	2	0	52.21	0	0	0	1	0	1	1	1	1	1
5653	2	0	.	1	1	0	1	0	0	0	1	1	1
5658	2	1	.	0	1	0	0	1	0	1	1	1	1
5659	2	0	43.82	0	1	1	1	0	0	1	1	1	1
5665	2	0	61.29	1	1	0	1	1	1	1	1	1	1
5668	2	1	80.61	0	1	1	1	1	1	1	1	1	1
5669	2	.	46.11	0	1	1	1	1	1	1	.	1	1
5670	2	.	.	0	1	1	1	1	1	1	0	1	1
5671	2	0	79.41	1	1	1	1	0	1	1	1	1	1
5675	2	.	60.53	0	1	1	1	1	1	1	1	0	1
5680	2	0	65.11	1	1	1	1	1	1	1	1	1	1
5681	2	0	60.68	1	1	0	1	0	1	1	1	1	1
5682	2	0	66.54	1	1	1	1	0	1	1	1	1	1
5684	2	0	58.32	1	0	1	1	1	1	0	0	1	0
5686	2	0	72.54	0	1	1	1	1	1	1	1	0	0
5688	2	.	.	1	.	.	.	.	.	.	.	.	.
5689	2	0	72.02	1	0	0	1	0	0	1	0	0	0
5692	2	0	90.56	0	1	1	1	1	1	0	1	0	0
5697	2	0	.	0	.	.	.	.	.	.	.	.	.
5698	2	0	60.18	1	1	1	1	0	1	1	1	1	1
5699	2	.	73.6	0	1	1	1	.	1	1	1	1	1
5700	2	0	.	0	0	1	0	1	1	1	0	1	0
5701	2	0	68.09	1	1	1	1	1	1	1	1	1	1
5703	2	0	62.91	1	1	1	1	1	1	1	1	1	1
5704	2	.	67.89	1	0	0	0	0	0	1	1	1	1
5706	2	0	36.31	0	.	.	.	.	.	.	.	.	.
5711	2	.	55.63	0	0	0	1	1	1	1	1	0	0
5713	2	0	66.57	0	1	1	1	1	1	0	0	1	1
5716	2	.	51.04	1	1	1	1	1	1	1	1	1	1
5717	2	0	.	1	1	1	0	1	1	1	0	0	0
5718	2	0	66.14	0	1	1	1	1	1	1	1	0	0
5719	2	1	75.62	0	1	1	1	1	1	1	1	1	1
5720	2	0	53.2	0	1	1	1	1	1	1	1	1	1
5722	2	0	.	0	0	0	0	0	1	1	1	1	1
5723	2	0	33.39	1	0	0	0	0	0	1	1	1	1
5726	2	0	54.31	1	1	1	1	1	1	1	0	0	0
5727	2	0	44.77	0	1	0	1	1	1	1	1	1	1
5728	2	.	.	0	1	1	1	1	1	1	0	1	1
5729	2	0	76.65	1	0	1	0	1	1	0	0	0	0
5735	2	.	44.14	1	1	1	1	1	0	1	1	1	1
5736	2	1	55.03	1	1	1	1	0	0	0	1	0	1
5737	2	0	61.62	1	0	0	0	1	1	1	1	1	1
5738	2	.	75.4	0	1	1	1	0	1	1	1	1	1
5739	2	0	65.13	1	1	1	1	1	1	1	1	0	1
5741	2	0	.	1	.	.	.	.	.	.	.	.	.
5742	2	0	.	1	.	.	.	.	.	.	.	.	.
5746	2	0	62.43	0	1	1	1	0	1	1	1	1	1
5750	2	.	38.42	0	0	0	0	0	0	1	0	0	0
5756	2	.	.	1	1	1	1	.	0	0	1	1	1
5757	2	0	55.71	1	0	1	0	0	0	1	0	0	0
5760	2	.	61.33	0	1	1	1	1	1	1	1	.	1
5761	2	.	.	0	.	.	.	.	.	.	.	.	.
5762	2	0	57.6	1	0	1	1	1	1	1	1	1	1
5765	2	0	76.65	0	1	1	1	1	1	0	1	1	0
5768	2	0	62.77	1	.	.	.	.	.	.	.	.	.
5771	2	0	54.38	1	0	1	1	1	1	1	0	1	1
5773	2	0	68.6	1	1	1	1	0	1	1	1	0	0
5775	2	0	70.3	0	1	1	1	0	0	1	1	1	1
5776	2	0	38.91	1	0	0	0	0	1	0	0	0	0
5777	2	0	55.98	1	0	0	0	0	1	1	.	.	1
5779	2	0	.	0	1	1	1	1	1	1	1	1	1
5780	2	0	70.09	0	1	1	1	0	1	1	1	1	1
5781	2	0	47.48	1	0	0	1	0	0	1	0	0	1
5784	2	0	74.27	0	1	1	1	0	1	1	1	1	1
5785	2	1	79.12	1	1	1	0	0	0	1	1	1	1
5787	2	0	.	0	0	1	0	0	1	1	1	0	1
5788	2	0	36.57	1	1	0	0	1	0	1	1	1	0
5789	2	0	.	0	1	1	1	1	1	1	1	1	1
5790	2	0	60.74	0	1	1	1	1	1	1	1	1	1
5793	2	0	.	0	1	0	1	0	0	1	1	1	1
5794	2	0	59.49	1	1	1	1	0	0	1	1	1	1
5800	2	1	69.26	0	1	1	1	1	1	1	1	1	1
5801	2	0	76.8	0	1	1	1	1	1	0	0	1	0
5805	2	0	65.63	0	1	1	1	0	0	1	1	1	1
5806	2	0	56.57	0	1	1	1	1	1	1	1	.	1
5808	2	.	32.06	1	.	.	.	.	.	.	.	.	.
5809	2	.	42.12	1	0	0	0	0	1	0	0	1	1
5813	2	0	68.93	0	1	1	1	0	1	1	1	1	1
5814	2	.	.	0	.	.	.	.	.	.	.	.	.
5817	2	0	30.8	0	1	.	0	0	0	0	0	0	0
5819	2	0	43.73	0	1	0	1	1	1	1	1	1	1
5821	2	.	.	1	0	1	0	0	0	1	0	1	1
5824	2	0	33.19	0	1	0	0	0	0	1	0	0	0
5825	2	.	79.48	0	1	1	1	1	1	1	1	1	1
5827	2	0	69.55	1	0	0	0	1	0	1	1	1	0
5828	2	0	44.98	1	1	1	1	1	1	1	1	1	1
5829	2	0	75.12	0	1	1	1	1	1	1	1	1	1
5830	2	0	.	0	0	1	1	1	1	1	1	1	1
5831	2	0	59.19	0	0	0	1	0	0	1	1	0	1
5832	2	0	.	0	0	0	0	0	0	1	1	1	1
5833	2	0	62.3	0	0	1	1	1	1	1	1	1	1
5834	2	.	77.8	0	1	1	1	1	1	1	1	1	1
5835	2	0	56.92	0	1	1	1	1	1	1	1	1	1
5836	2	0	.	0	0	0	1	0	1	0	0	0	0
5837	2	0	.	0	1	1	1	1	1	1	1	1	1
5838	2	0	.	0	1	0	0	1	0	0	0	0	0
5841	2	0	51.97	0	1	1	1	1	1	1	1	1	1
5842	2	0	74.6	1	1	1	1	1	1	0	0	0	0
5844	2	0	65.09	1	1	1	1	1	1	1	1	1	0
5846	2	.	57.24	0	1	1	1	0	1	1	1	1	1
5847	2	0	39.13	0	1	0	1	0	0	1	1	1	1
5848	2	0	67.21	0	.	.	.	.	.	.	.	.	.
5849	2	.	42.02	1	1	1	1	1	1	1	1	1	1
5851	2	.	57.03	0	0	1	1	1	1	1	1	1	1
5852	2	.	41.42	1	0	0	1	1	1	0	0	1	1
5855	2	.	63.1	0	1	1	1	0	0	1	1	1	1
5857	2	0	45.49	1	1	1	1	1	1	0	1	1	0
5858	2	0	.	0	1	1	1	0	.	0	0	1	0
5859	2	0	75.77	1	1	0	1	1	1	1	1	1	1
5860	2	.	34.11	0	0	0	1	0	0	0	1	1	0
5864	2	0	64.53	0	0	1	1	1	1	1	0	0	0
5865	2	0	.	1	0	0	0	1	1	0	0	0	0
5866	2	.	.	0	.	.	.	.	.	.	.	.	.
5867	2	.	.	0	0	0	0	0	0	1	1	0	0
5869	2	0	57.17	1	.	.	.	.	.	.	.	.	.
5871	2	0	56.01	0	0	0	0	1	1	1	1	0	1
5873	2	0	.	0	1	1	1	1	1	0	0	1	1
5874	2	0	.	1	0	1	1	1	1	0	0	.	.
5875	2	0	38.57	1	0	0	0	1	1	0	0	0	0
5879	2	0	83.38	1	1	1	1	1	1	1	1	1	1
5881	2	0	68.92	0	0	1	1	1	1	1	1	1	1
5882	2	.	34.82	1	0	0	0	1	1	0	1	1	1
5886	2	0	44.99	1	1	1	1	1	1	1	0	1	1
5888	2	0	73.32	1	1	1	1	1	1	1	1	1	1
5890	2	1	62.45	0	1	0	1	1	1	1	1	0	1
5891	2	0	.	1	.	.	.	.	.	.	.	.	.
5894	2	0	71.36	1	1	1	1	1	1	0	0	0	0
5895	2	0	66.59	0	1	1	1	1	1	0	0	1	1
5897	2	.	.	1	1	1	1	1	1	1	1	1	1
5898	2	0	66.65	1	0	1	1	0	1	1	1	0	0
5900	2	0	57.76	1	0	0	1	1	1	1	1	1	0
5901	2	0	36.56	1	1	1	1	1	1	1	0	1	1
5902	2	.	60.98	0	1	1	1	1	1	0	1	.	1
5903	2	0	.	1	0	0	0	0	1	1	1	1	1
5911	2	0	60.04	1	0	0	0	1	1	1	1	1	1
5913	2	.	67.01	0	1	1	1	1	1	1	1	1	1
5914	2	0	.	0	1	1	0	0	0	.	0	0	1
5916	2	0	52.85	0	.	.	.	.	.	.	.	.	.
5917	2	.	37.47	0	1	1	1	1	1	.	0	1	0
5919	2	0	.	0	0	0	0	0	0	1	0	1	0
5920	2	.	58.85	1	1	1	1	1	1	1	1	1	1
5921	2	0	70.09	1	1	1	1	.	0	0	0	1	1
5924	2	0	39.09	0	0	1	0	0	0	0	1	1	1
5925	2	0	56.31	1	0	0	1	0	1	0	1	1	1
5926	2	.	.	1	.	.	.	.	.	.	.	.	.
5931	2	0	46.73	1	0	0	1	0	1	0	0	1	1
5934	2	0	.	0	1	1	1	0	1	1	1	1	1
5935	2	0	55.36	1	.	.	.	.	.	.	.	.	.
5939	2	0	66	1	0	0	0	0	1	0	0	1	1
5940	2	.	.	0	1	1	1	1	1	1	1	1	1
5941	2	.	45.31	0	1	0	1	0	0	1	0	1	1
5942	2	.	60.41	0	1	1	1	1	1	0	0	1	0
5943	2	.	.	1	.	.	.	.	.	.	.	.	.
5948	2	0	68.34	1	0	1	1	1	1	1	1	1	1
5950	2	0	.	0	.	.	.	.	.	.	.	.	.
5952	2	.	72.69	0	1	1	1	1	1	1	1	1	1
5953	2	0	63.1	0	1	1	1	1	1	1	1	.	1
5955	2	0	73.28	1	1	1	0	1	1	1	1	1	1
5957	2	0	61.42	0	0	0	0	1	1	0	0	0	0
5958	2	.	67.1	1	0	0	1	1	1	1	1	1	1
5960	2	1	63.05	0	0	0	1	1	1	0	1	1	1
5961	2	0	.	0	0	0	0	1	0	0	0	0	0
5962	2	1	79.45	0	1	1	1	1	1	0	1	1	0
5964	2	1	62.63	0	1	1	1	0	1	1	1	1	1
5966	2	.	60.87	1	1	1	1	1	1	1	0	0	0
5968	2	0	74.39	0	1	0	1	1	1	1	1	0	1
5969	2	0	70.43	0	1	1	1	1	1	1	1	1	1
5972	2	.	.	1	0	0	0	0	0	1	1	1	1
5973	2	0	71.15	1	1	1	1	1	1	0	1	1	1
5976	2	.	53.56	1	1	1	1	1	1	1	1	1	1
5980	2	0	.	0	1	1	1	1	1	1	1	1	1
5981	2	0	71.84	0	0	0	0	1	1	0	0	0	0
5983	2	0	51.29	0	1	1	1	1	0	0	0	0	1
5986	2	0	75.12	0	0	0	1	0	1	0	0	1	0
5987	2	0	51.47	1	1	1	1	1	1	1	1	1	1
5988	2	.	57.5	0	1	1	1	0	0	1	1	1	1
5990	2	0	64.38	0	0	0	1	1	1	0	1	0	0
5991	2	.	.	0	.	.	.	.	.	.	.	.	.
5993	2	0	60.45	1	0	0	0	0	1	0	0	0	0
5994	2	0	70.52	1	1	1	1	1	1	1	1	0	0
5997	2	0	48.87	0	0	0	0	1	1	1	1	1	1
6000	2	0	71.79	0	1	1	1	1	1	1	1	0	1
6002	2	0	70.07	0	1	1	1	1	1	1	0	1	1
6003	2	0	58.64	1	0	0	0	1	1	1	1	1	1
6004	2	0	67.17	0	1	1	1	1	1	1	1	1	1
6006	2	0	66.62	1	1	0	1	1	1	1	1	1	1
6011	2	0	.	0	1	1	1	1	1	1	1	1	1
6013	2	0	44.33	1	1	1	1	1	1	1	1	1	1
6014	2	.	57.09	0	0	0	0	0	0	1	1	1	1
6015	2	0	.	0	.	.	.	.	.	.	.	.	.
6021	2	0	51.42	1	1	1	1	0	1	1	1	1	1
6022	2	.	.	0	0	1	1	1	1	0	0	1	0
6026	2	0	75.57	1	1	1	1	1	1	1	1	1	1
6029	2	0	44.49	0	1	1	1	1	0	1	1	1	1
6030	2	0	70.86	0	.	.	.	.	.	.	.	.	.
6031	2	0	55.01	0	0	1	1	1	1	0	0	0	0
6032	2	0	74.26	0	1	1	1	1	1	1	1	1	1
6033	2	0	.	1	0	1	0	1	1	.	0	0	0
6037	2	.	53.15	0	1	1	1	1	1	1	0	1	1
6038	2	0	42.83	1	.	.	.	.	.	.	.	.	.
6041	2	0	.	1	.	.	.	.	.	.	.	.	.
6042	2	0	.	1	.	.	.	.	.	.	.	.	.
6044	2	0	65.68	1	1	1	0	0	1	1	1	1	1
6045	2	0	72	0	1	1	1	1	1	1	1	1	1
6046	2	0	56.94	1	1	1	1	1	1	1	1	1	1
6047	2	.	48.7	1	1	1	1	0	1	0	1	1	0
6048	2	0	.	0	1	1	1	0	0	1	1	1	0
6050	2	0	48.05	1	.	.	.	.	.	.	.	.	.
6051	2	0	82.58	1	.	.	.	.	.	.	.	.	.
6052	2	0	63.95	1	0	0	0	0	1	1	1	1	0
6055	2	0	46.25	0	1	0	1	0	0	0	0	0	0
6062	2	.	.	0	1	1	1	1	1	0	0	1	1
6066	2	0	34.4	0	1	1	1	1	1	1	0	0	1
6072	2	0	62.96	1	1	1	1	1	1	1	1	.	1
6073	2	.	.	1	.	.	.	.	.	.	.	.	.
6074	2	0	70.05	0	1	1	1	.	1	1	1	1	0
6079	2	0	.	0	.	.	.	.	.	.	.	.	.
6080	2	0	63.48	1	1	1	1	1	1	1	1	1	1
6081	2	0	.	0	1	1	1	1	1	1	0	0	1
6083	2	0	47.14	0	0	0	0	0	0	1	1	1	1
6085	2	0	.	0	0	0	1	0	1	1	1	1	1
6087	2	0	86.18	0	1	1	1	1	1	1	1	1	1
6088	2	.	74.34	1	0	1	1	1	1	1	1	1	1
6091	2	0	72.11	1	1	1	1	1	1	1	1	1	1
6092	2	0	41.64	0	0	0	0	0	0	0	0	0	0
6093	2	0	.	1	1	0	1	0	0	0	0	1	1
6095	2	.	59.48	0	1	1	1	1	1	1	1	1	1
6097	2	0	.	1	.	.	.	.	.	.	.	.	.
6098	2	0	80.75	1	1	1	1	1	1	0	1	1	1
6100	2	0	36.37	0	0	1	1	1	1	0	0	1	0
6101	2	0	49.66	0	1	1	1	0	0	1	1	1	1
6102	2	0	61.58	1	1	1	1	0	1	1	1	1	1
6103	2	0	70.52	0	1	1	1	0	1	1	0	0	1
6105	2	.	63.43	0	1	1	1	1	1	1	1	1	1
6106	2	0	.	0	.	.	.	.	.	.	.	.	.
6107	2	.	.	0	.	.	.	.	.	.	.	.	.
6109	2	0	80.27	0	0	1	1	0	1	0	0	0	0
6110	2	0	54.08	0	0	1	1	1	1	1	1	1	1
6111	2	0	55.39	1	1	1	1	1	1	1	1	1	1
6115	2	0	59.13	1	.	.	.	.	.	.	.	.	.
6116	2	0	64.75	1	1	1	1	1	1	1	1	1	1
6119	2	0	.	1	.	.	.	.	.	.	.	.	.
6121	2	0	.	0	0	0	1	0	0	1	1	1	1
6122	2	1	59.9	0	.	.	.	.	.	.	.	.	.
6124	2	.	.	0	1	0	1	0	0	1	1	1	1
6127	2	0	48.54	1	1	0	1	0	1	1	1	1	1
6128	2	.	37.86	0	1	0	0	0	0	1	0	0	0
6131	2	.	36.53	0	0	0	0	0	0	0	0	0	1
6134	2	0	.	0	.	.	.	.	.	.	.	.	.
6139	2	0	59.29	1	1	1	1	1	1	1	0	0	1
6140	2	.	.	0	0	0	0	1	0	1	0	1	0
6141	2	0	44.01	0	0	1	0	0	0	1	0	0	0
6142	2	0	57.79	1	0	0	1	1	1	0	0	1	1
6146	2	1	81.51	1	1	1	1	0	1	1	1	1	0
6147	2	0	55.08	1	1	1	1	1	1	1	1	1	1
6151	2	0	.	0	.	.	.	.	.	.	.	.	.
6152	2	.	.	1	1	1	1	0	1	0	0	0	0
6154	2	0	.	0	.	.	.	.	.	.	.	.	.
6155	2	0	.	0	1	1	1	1	1	1	1	1	1
6156	2	0	55.35	1	1	1	1	1	1	1	1	1	1
6158	2	0	81.8	0	0	0	0	0	0	1	1	.	1
6159	2	.	52.94	1	1	0	0	0	1	1	0	0	0
6160	2	0	68.95	1	0	1	1	1	1	1	0	1	1
6163	2	0	.	0	.	.	.	.	.	.	.	.	.
6164	2	0	61.77	0	1	1	1	0	1	1	1	0	1
6166	2	.	.	1	1	1	0	1	1	1	1	1	1
6167	2	0	51.07	0	1	1	1	.	1	1	1	1	1
6171	2	1	76.65	0	1	1	1	0	0	0	1	1	1
6172	2	0	76.28	0	0	1	1	1	1	1	1	1	1
6175	2	0	.	0	.	.	.	.	.	.	.	.	.
6177	2	0	64.57	0	1	1	1	0	1	1	0	1	1
6183	2	.	.	0	1	1	0	1	1	1	0	0	0
6184	2	0	53.32	1	1	1	1	1	1	0	1	1	0
6192	2	0	71.15	1	1	1	1	1	0	0	1	1	1
6196	2	0	63.03	1	1	1	1	1	1	1	1	1	0
6197	2	.	.	1	1	1	1	0	1	0	1	1	0
6203	2	.	.	1	1	1	1	0	0	1	1	1	1
6205	2	.	.	1	0	0	0	0	0	0	0	1	1
6206	2	.	.	0	.	.	.	.	.	.	.	.	.
6207	2	1	.	0	0	0	0	0	0	0	0	0	0
6208	2	1	67.07	0	1	1	1	0	1	1	1	1	1
6211	2	0	62.24	0	1	1	1	1	1	1	1	1	1
6212	2	0	75.84	1	0	0	0	0	1	1	1	1	1
6213	2	0	69.01	1	1	1	1	0	1	1	0	1	1
6216	2	.	.	1	1	1	0	1	1	1	0	1	1
6217	2	0	63.36	1	.	.	.	.	.	.	.	.	.
6219	2	0	52.35	0	1	1	1	1	1	1	1	1	1
6220	2	0	57.17	1	0	0	1	1	1	1	0	1	1
6221	2	1	.	0	.	.	.	.	.	.	.	.	.
6223	2	.	28.65	0	1	1	1	0	0	1	1	1	1
6226	2	0	82.07	0	.	.	.	.	.	.	.	.	.
6229	2	0	.	0	0	0	.	0	1	1	1	1	1
6230	2	.	67.45	0	1	1	1	1	1	1	1	1	1
6232	2	.	65.87	0	1	1	1	1	1	0	1	1	1
6234	2	0	68.6	1	1	0	0	0	0	0	0	0	0
6239	2	1	.	0	.	.	.	.	.	.	.	.	.
6243	2	0	46.37	0	1	1	1	0	0	1	1	1	1
6246	2	0	52.83	0	0	0	0	0	0	0	0	0	0
6248	2	0	75.4	1	1	1	0	0	1	0	1	1	1
6249	2	0	.	0	.	.	.	.	.	.	.	.	.
6250	2	0	68.16	1	0	0	1	0	0	0	0	0	0
6253	2	0	70.19	1	1	1	1	1	1	0	0	1	0
6256	2	.	.	0	1	1	1	1	1	1	0	1	1
6257	2	0	60.5	0	.	.	.	.	.	.	.	.	.
6259	2	0	70.01	1	1	1	1	.	1	0	1	1	0
6260	2	.	62.78	0	1	1	1	1	1	1	1	1	1
6261	2	0	62.22	0	0	0	0	0	0	1	1	1	1
6262	2	0	68.53	1	.	.	.	.	.	.	.	.	.
6264	2	0	74.09	1	0	0	1	1	1	1	1	1	1
6266	2	0	46.91	1	1	1	1	1	1	1	1	1	1
6268	2	0	89.58	0	1	1	1	0	1	1	1	0	0
6269	2	0	61.88	0	1	1	1	0	0	1	1	1	1
6270	2	0	43.44	0	0	0	0	1	1	0	0	0	0
6271	2	0	.	1	0	0	0	0	0	1	0	0	1
6275	2	0	64.35	1	.	.	.	.	.	.	.	.	.
6276	2	0	.	0	1	1	1	1	1	1	0	1	1
6277	2	.	34.56	0	1	0	1	0	0	1	1	1	1
6278	2	0	53.54	1	0	0	0	0	1	0	1	1	0
6281	2	.	47.71	1	1	1	1	1	1	1	1	1	1
6284	2	1	74.77	1	1	1	1	1	1	1	1	1	1
6285	2	1	69.74	0	1	1	0	0	0	1	1	0	1
6286	2	1	.	0	1	1	1	1	1	1	1	0	1
6287	2	.	.	0	.	.	.	.	.	.	.	.	.
6288	2	0	60.78	1	1	1	0	0	1	1	1	1	0
6292	2	0	.	0	1	1	1	.	1	1	1	1	1
6294	2	0	53.54	0	1	1	1	1	1	0	0	1	1
6295	2	.	43.33	0	0	0	1	0	0	1	1	1	1
6296	2	0	52.5	0	0	1	1	0	0	0	0	1	1
6297	2	0	32.61	0	1	1	1	0	0	1	1	1	1
6299	2	0	73.4	0	1	1	1	1	1	1	1	0	1
6304	2	0	.	1	.	.	.	.	.	.	.	.	.
6305	2	0	76.31	1	1	1	1	1	1	1	1	1	1
6306	2	.	34.69	1	1	0	0	1	1	1	0	1	0
6307	2	0	50.12	0	0	0	0	0	1	1	1	1	1
6309	2	0	35.26	1	.	.	.	.	.	.	.	.	.
6311	2	.	46.18	0	1	1	1	0	0	0	0	0	0
6315	2	.	41.64	0	1	1	1	1	1	0	0	0	0
6316	2	.	.	1	1	1	1	0	1	1	1	1	0
6317	2	0	60.33	0	.	.	.	.	.	.	.	.	.
6319	2	0	57.03	0	1	0	1	0	.	1	1	1	1
6321	2	0	61.07	1	1	1	1	1	1	1	0	1	1
6322	2	0	54.11	1	0	0	0	0	1	1	1	1	1
6327	2	0	54.21	0	1	1	1	0	0	1	1	1	1
6328	2	.	.	1	0	1	0	0	1	0	.	0	0
6333	2	0	.	0	1	1	1	1	1	1	1	1	1
6334	2	0	78.05	1	1	1	1	1	1	1	1	1	1
6337	2	0	54.89	1	1	1	1	1	1	1	0	1	0
6338	2	.	.	0	.	.	.	.	.	.	.	.	.
6341	2	0	.	0	.	.	.	.	.	.	.	.	.
6343	2	0	61.29	1	0	0	1	1	1	1	1	0	1
6345	2	0	58.22	1	0	0	1	1	1	1	0	0	0
6346	2	0	65.85	0	1	1	1	1	1	0	0	1	1
6347	2	.	40.85	0	1	0	0	0	0	1	1	1	0
6348	2	0	71.56	1	1	1	1	0	1	1	0	.	1
6349	2	0	33.47	0	.	.	.	.	.	.	.	.	.
6350	2	.	32.41	0	1	1	0	1	0	1	1	0	0
6352	2	0	61.13	1	1	1	1	1	1	0	1	0	0
6354	2	1	48.49	1	.	.	.	.	.	.	.	.	.
6356	2	0	60.02	0	1	1	1	1	1	0	0	0	0
6357	2	.	57.59	0	1	1	1	0	0	1	1	0	1
6360	2	0	.	1	1	1	1	1	1	1	1	1	1
6361	2	0	60.27	1	1	1	1	.	1	1	1	1	1
6363	2	0	78.05	0	0	1	0	0	0	0	0	0	0
6365	2	0	67.11	1	1	1	1	1	1	0	1	1	1
6366	2	.	.	0	1	1	1	0	1	1	1	1	1
6369	2	0	57.65	1	0	0	.	0	0	1	1	1	1
6370	2	.	.	0	1	0	0	0	1	1	1	1	1
6371	2	1	.	0	1	1	1	0	1	1	1	1	1
6372	2	.	.	0	.	.	.	.	.	.	.	.	.
6374	2	0	62.55	1	1	1	1	0	1	1	1	1	1
6375	2	0	58.05	1	1	1	1	1	1	1	1	1	1
6378	2	.	59.36	0	0	1	1	0	1	1	1	1	0
6379	2	.	57.52	1	0	0	0	0	1	0	0	0	0
6383	2	0	58.16	1	0	0	0	0	0	1	0	1	1
6385	2	0	67.86	0	1	1	1	0	0	1	1	1	1
6387	2	0	47.73	1	1	1	1	1	1	1	1	1	1
6389	2	0	62.5	1	1	1	1	0	0	0	0	0	.
6390	2	0	35.23	0	1	1	1	0	0	1	1	1	1
6394	2	.	63.51	0	0	0	0	.	0	0	0	0	0
6396	2	.	66.67	0	.	.	.	.	.	.	.	.	.
6398	2	0	85.97	0	1	1	1	1	1	1	1	1	1
6401	2	0	.	1	1	1	1	1	1	0	1	1	0
6402	2	.	.	0	1	0	1	0	0	1	0	1	1
6404	2	0	44.59	0	1	1	0	0	1	0	1	1	0
6406	2	0	49.68	0	1	1	1	1	1	1	1	1	1
6407	2	0	41.68	0	1	1	0	1	0	1	0	0	0
6414	2	0	58.09	1	1	1	1	1	1	1	1	1	1
6415	2	0	54.91	1	0	1	0	1	1	0	0	0	0
6416	2	0	74.7	0	0	0	0	1	1	0	0	0	0
6417	2	0	.	1	0	0	1	1	1	1	0	1	1
6418	2	0	68.23	1	0	0	1	0	0	1	0	1	1
6420	2	0	48.18	0	0	1	1	1	1	0	0	0	0
6422	2	0	52.41	0	0	0	0	0	0	0	0	0	0
6423	2	0	55.07	1	1	1	1	0	1	1	0	1	1
6424	2	0	50.72	0	1	1	1	1	1	0	1	0	0
6426	2	.	39.49	0	1	1	1	1	1	0	1	1	1
6432	2	0	69.02	1	1	1	1	1	1	1	1	1	1
6433	2	0	67.9	1	1	1	1	1	0	1	1	1	1
6435	2	.	.	0	1	1	1	1	1	1	1	1	1
6436	2	.	.	1	1	0	0	0	0	1	1	1	1
6437	2	0	64.93	1	1	1	1	0	0	1	0	1	1
6440	2	0	.	1	1	1	0	1	0	1	1	1	0
6442	2	0	53.89	1	0	0	0	1	1	1	0	1	0
6443	2	0	.	1	.	.	.	.	.	.	.	.	.
6447	2	1	74.73	0	1	1	1	1	1	1	1	1	1
6448	2	.	52.89	0	1	1	0	0	0	1	1	.	0
6450	2	0	.	1	1	1	1	1	0	0	0	0	0
6451	2	0	42.03	0	0	0	0	1	1	1	1	0	1
6453	2	0	34.1	0	0	0	0	0	0	0	0	0	0
6455	2	0	.	0	1	0	1	1	1	1	1	1	1
6456	2	.	.	0	0	0	1	0	0	1	0	0	1
6457	2	0	.	1	.	.	.	.	.	.	.	.	.
6458	2	.	52.43	0	1	1	1	1	1	0	1	0	0
6459	2	.	34.4	0	1	1	0	1	0	1	1	0	0
6463	2	0	83.24	0	1	1	1	1	1	1	1	1	1
6464	2	0	.	0	0	0	0	1	1	0	0	0	0
6465	2	0	63.4	0	0	0	1	1	1	1	1	0	1
6467	2	.	.	0	.	.	.	.	.	.	.	.	.
6469	2	0	57.17	0	1	1	1	1	1	1	1	0	1
6470	2	0	70.28	1	1	1	1	1	0	1	0	1	1
6471	2	.	.	0	.	.	.	.	.	.	.	.	.
6473	2	0	.	1	1	1	0	0	0	1	1	1	1
6474	2	0	58.27	0	0	0	0	0	1	1	1	1	1
6479	2	0	39.34	0	.	.	.	.	.	.	.	.	.
6480	2	0	62.38	1	1	1	1	1	1	1	1	1	1
6481	2	0	51.09	1	1	0	0	0	0	1	0	1	0
6485	2	0	.	0	1	1	1	1	0	0	0	1	1
6486	2	0	.	0	0	0	1	0	1	1	1	0	0
6489	2	0	43.63	0	1	1	1	1	0	1	0	0	1
6490	2	0	78.7	1	1	1	1	1	1	1	1	1	1
6493	2	0	55.8	0	0	0	1	1	1	1	1	1	0
6496	2	0	.	1	.	.	.	.	.	.	.	.	.
6499	2	0	42.89	1	0	0	1	1	1	1	1	1	1
6504	2	0	50.52	0	.	.	.	.	.	.	.	.	.
6505	2	0	.	0	1	1	1	1	1	1	1	1	1
6506	2	0	61.64	0	1	1	1	1	1	1	1	1	1
6510	2	0	50.46	0	1	1	1	1	1	1	1	1	1
6512	2	0	50.91	1	0	0	0	0	0	1	0	0	1
6515	2	0	57.28	0	.	.	.	.	.	.	.	.	.
6516	2	0	.	0	0	1	1	0	0	0	0	0	0
6518	2	0	.	0	.	.	.	.	.	.	.	.	.
6520	2	0	66.23	1	1	1	1	1	1	1	1	1	1
6522	2	.	.	0	1	1	1	1	1	1	1	1	1
6523	2	.	34.21	1	0	0	0	0	0	0	0	0	0
6524	2	0	.	1	1	1	1	1	1	1	1	1	1
6526	2	1	66	0	1	1	1	1	1	1	1	0	0
6527	2	0	72.83	0	1	1	1	1	1	1	1	1	1
6529	2	0	50.97	1	0	0	1	0	0	1	1	1	1
6530	2	.	.	0	.	.	.	.	.	.	.	.	.
6531	2	.	47.55	1	1	1	1	1	1	1	1	1	1
6533	2	0	37.79	1	0	0	0	0	1	0	0	1	0
6534	2	0	43.53	1	1	0	1	1	1	1	0	0	1
6535	2	0	.	1	.	.	.	.	.	.	.	.	.
6537	2	.	.	0	0	0	1	1	1	1	1	1	1
6538	2	0	.	0	1	1	0	1	1	1	1	1	1
6539	2	0	.	0	1	0	1	1	0	1	1	1	1
6540	2	0	48.43	1	1	1	1	1	0	0	0	0	0
6541	2	0	47.49	0	0	0	1	0	0	1	1	1	1
6542	2	.	41.66	0	0	0	0	0	0	1	1	0	1
6543	2	.	70.1	1	0	1	0	1	1	1	1	1	0
6545	2	0	.	1	1	1	1	1	1	1	1	1	1
6546	2	0	62.5	1	1	1	1	1	1	1	1	1	1
6547	2	0	80.51	1	1	1	1	1	1	1	1	0	1
6549	2	0	75.81	0	1	1	1	0	1	1	1	0	1
6555	2	0	.	1	.	.	.	.	.	.	.	.	.
6557	2	0	76.83	1	1	1	1	1	1	1	1	1	1
6560	2	.	.	0	.	.	.	.	.	.	.	.	.
6562	2	0	59.02	1	1	1	1	1	1	1	1	1	1
6564	2	.	.	1	.	.	.	.	.	.	.	.	.
6565	2	0	53.61	0	1	1	1	1	1	1	1	1	1
6569	2	0	38.37	1	.	.	.	.	.	.	.	.	.
6571	2	0	36.16	0	1	1	1	1	1	0	0	0	1
6572	2	0	73.3	1	0	1	1	1	1	1	0	0	0
6573	2	0	52.66	0	0	0	0	0	0	0	0	0	0
6577	2	0	75.27	0	1	1	1	1	0	1	0	0	1
6578	2	0	76.8	0	1	1	1	1	1	0	1	1	1
6579	2	0	41.15	1	0	0	0	0	0	0	1	1	1
6581	2	0	66.78	0	1	1	1	1	1	1	0	1	1
6585	2	0	.	1	1	1	1	1	.	0	0	1	1
6586	2	.	40.21	1	.	.	.	.	.	.	.	.	.
6590	2	0	.	1	1	1	1	0	1	1	1	1	1
6591	2	.	.	1	0	0	0	0	1	0	0	0	0
6593	2	0	55.37	1	1	0	1	0	1	1	0	1	1
6594	2	0	64.23	0	0	0	1	1	1	1	0	1	0
6595	2	.	.	0	1	1	1	1	1	0	0	1	0
6596	2	0	58.97	0	1	1	1	1	1	1	1	1	1
6597	2	0	61.25	0	.	.	.	.	.	.	.	.	.
6599	2	0	.	1	1	1	1	1	1	1	1	1	1
6600	2	0	52.14	1	1	1	0	1	1	0	0	0	1
6604	2	0	52.11	0	1	1	1	1	1	0	0	1	1
6606	2	0	42.26	1	1	1	1	0	0	1	1	0	0
6608	2	0	68.92	0	1	1	1	1	1	1	0	0	0
6609	2	0	68.29	1	0	0	0	0	0	0	0	0	0
6610	2	.	52.25	1	1	0	0	0	1	0	1	1	1
6611	2	0	56.93	1	0	0	1	1	1	1	1	1	1
6613	2	0	69.33	0	1	1	1	1	0	1	1	1	1
6616	2	.	.	1	.	.	.	.	.	.	.	.	.
6618	2	.	.	0	1	1	1	1	1	1	1	1	1
6622	2	.	.	0	0	1	.	0	0	1	1	1	1
6627	2	0	49.99	1	.	.	.	.	.	.	.	.	.
6628	2	.	67.26	0	1	1	1	0	1	0	0	1	1
6629	2	0	40.31	0	0	1	1	0	0	1	1	1	1
6630	2	0	58.1	1	0	0	0	0	0	1	1	1	1
6632	2	.	40.88	0	.	.	.	.	.	.	.	.	.
6634	2	.	.	0	.	.	.	.	.	.	.	.	.
6638	2	0	76.76	1	1	1	1	1	1	1	1	1	1
6639	2	0	.	0	0	0	0	0	0	0	0	0	0
6640	2	.	.	1	1	1	1	0	0	1	1	1	1
6641	2	0	60.45	1	0	1	1	1	1	0	0	0	0
6642	2	0	67.73	1	1	1	1	1	1	0	0	1	1
6643	2	.	.	1	.	.	.	.	.	.	.	.	.
6644	2	.	.	0	1	0	1	1	1	1	1	1	0
6645	2	0	62.61	1	1	1	1	1	1	1	0	1	1
6647	2	.	50.67	0	1	1	1	1	1	1	1	1	1
6649	2	0	55.07	0	1	1	1	0	1	0	1	0	0
6650	2	.	.	0	.	.	.	.	.	.	.	.	.
6651	2	0	74.69	1	1	1	1	0	1	1	1	1	1
6652	2	.	.	0	0	0	0	1	1	0	0	1	0
6655	2	0	73.09	1	1	1	1	1	1	.	.	.	.
6660	2	0	70.41	1	1	1	1	1	1	1	1	1	1
6664	2	.	44.72	1	1	0	1	1	1	1	0	1	1
6667	2	0	34.56	0	0	1	1	1	1	1	1	1	1
6669	2	.	.	1	1	1	1	1	1	1	1	0	1
6670	2	0	51.09	0	1	1	0	1	1	1	1	1	1
6671	2	.	58.67	0	0	1	1	1	1	0	0	0	0
6673	2	0	54.19	0	0	0	0	0	0	1	1	1	1
6675	2	.	84.78	0	1	1	1	1	0	0	0	1	1
6676	2	.	61.97	1	0	1	1	1	0	1	0	1	1
6678	2	0	66.87	1	1	1	1	0	1	1	1	1	1
6680	2	0	62.59	1	0	1	1	0	1	0	0	1	1
6683	2	.	67.86	1	0	0	1	0	0	1	0	1	0
6685	2	0	42.12	0	0	0	0	0	0	1	1	1	1
6686	2	0	70.99	0	1	1	1	0	1	1	1	1	1
6687	2	.	55.83	0	1	1	1	0	0	0	0	0	0
6688	2	.	35.64	0	0	1	0	0	1	0	0	1	1
6689	2	.	37.31	0	1	1	1	.	.	.	.	.	1
6690	2	0	.	0	.	.	.	.	.	.	.	.	.
6692	2	0	48.56	1	1	1	1	0	1	1	0	1	.
6693	2	0	.	1	1	1	1	1	1	1	0	0	1
6694	2	0	58.48	1	1	1	0	1	1	1	1	1	1
6695	2	.	.	0	1	1	1	1	1	1	1	1	1
6697	2	.	58.45	0	.	.	.	.	.	.	.	.	.
6698	2	0	52.3	1	1	1	1	0	0	0	0	0	0
6699	2	0	49.47	0	1	1	1	1	1	1	1	1	1
6700	2	0	70.88	1	.	.	.	.	.	.	.	.	.
6701	2	.	55.72	1	0	1	1	0	1	1	1	1	1
6702	2	0	.	0	0	0	0	0	0	1	0	1	0
6703	2	.	.	1	1	1	1	1	1	0	0	0	0
6704	2	.	67.83	0	0	0	0	0	1	1	1	1	1
6708	2	0	37.21	0	.	.	.	.	.	.	.	.	.
6709	2	0	87.79	1	1	1	1	1	1	1	1	1	1
6712	2	0	66.06	0	1	1	1	1	1	1	1	1	1
6713	2	0	88.89	1	0	1	1	1	1	0	1	1	0
6714	2	0	44.25	1	1	0	1	0	0	0	0	0	0
6715	2	0	64.33	1	0	0	0	0	1	1	1	1	1
6719	2	0	.	0	0	1	1	1	1	1	1	1	1
6720	2	0	75.39	0	1	1	1	1	1	1	1	1	1
6721	2	0	42.16	0	1	1	1	0	0	1	0	1	1
6722	2	0	77.36	1	.	.	.	.	.	.	.	.	.
6723	2	.	44.26	1	1	1	1	1	1	1	1	1	1
6725	2	0	63.56	1	1	1	1	1	1	1	1	1	1
6727	2	0	63.84	1	0	1	1	1	1	0	1	1	1
6728	2	0	45.68	1	1	1	1	0	0	1	1	1	1
6731	2	.	.	0	1	1	1	0	1	1	1	1	0
6737	2	.	.	1	.	.	.	.	.	.	.	.	.
6740	2	.	.	1	.	.	.	.	.	.	.	.	.
6741	2	.	39.88	1	.	.	.	.	.	.	.	.	.
6742	2	.	.	0	0	1	1	0	0	1	1	0	0
6744	2	0	68.51	1	0	0	0	0	0	0	0	1	1
6745	2	.	.	1	.	.	.	.	.	.	.	.	.
6748	2	0	66.98	1	.	.	.	.	.	.	.	.	.
6749	2	0	76	0	.	.	.	.	.	.	.	.	.
6752	2	1	72.45	1	1	1	0	0	1	0	1	1	1
6753	2	.	.	0	.	.	.	.	.	.	.	.	.
6756	2	0	39	0	.	.	.	.	.	.	.	.	.
6759	2	0	67.11	0	.	.	.	.	.	.	.	.	.
6760	2	.	72.42	0	0	0	0	0	0	0	0	0	0
6763	2	0	83.58	0	.	.	.	.	.	.	.	.	.
6766	2	0	66.27	0	1	1	1	0	1	1	1	1	1
6770	2	.	66.61	0	.	.	.	.	.	.	.	.	.
6773	2	.	.	0	1	1	0	1	1	1	1	1	1
6774	2	0	.	0	.	.	.	.	.	.	.	.	.
6775	2	0	55.67	0	1	1	1	1	1	1	1	1	1
6776	2	0	69.51	0	1	1	1	1	1	1	1	1	1
6777	2	0	64.21	0	1	1	1	1	0	1	1	1	1
6779	2	0	.	0	1	1	1	0	0	0	0	1	1
6780	2	0	37.07	1	0	0	0	0	0	1	1	1	1
6781	2	1	87.22	0	0	1	1	0	1	1	1	1	1
6784	2	0	57.96	1	1	1	1	1	1	1	0	0	0
6785	2	0	68.68	1	1	1	1	1	1	1	1	0	0
6787	2	0	49.06	0	1	1	1	1	1	1	1	1	1
6788	2	1	75.66	0	1	1	1	1	0	1	1	1	1
6789	2	.	.	1	0	0	0	0	1	0	0	0	0
6793	2	.	85.75	0	1	1	1	1	0	1	1	1	1
6795	2	0	.	1	1	1	1	1	1	1	0	1	1
6796	2	0	48.96	0	1	1	1	1	1	1	1	1	1
6798	2	0	79.97	0	0	1	0	0	0	1	1	1	1
6799	2	0	.	1	1	1	1	1	1	1	1	0	0
6800	2	0	46.39	1	1	1	0	1	1	1	0	1	1
6803	2	.	44.89	1	0	0	1	1	1	0	0	0	0
6805	2	.	43.54	1	1	0	1	0	0	1	1	1	0
6806	2	0	.	1	1	1	1	.	1	1	1	1	1
6807	2	.	56.59	0	1	1	1	1	1	1	1	1	0
6808	2	0	57.86	1	1	0	.	1	1	1	1	1	1
6809	2	0	37.95	0	1	1	1	0	1	0	0	1	1
6810	2	0	46.92	0	1	1	1	1	1	1	1	1	1
6811	2	0	51.12	1	1	1	1	1	1	1	0	0	1
6812	2	0	36.56	1	0	1	1	0	0	1	1	0	0
6813	2	0	.	0	1	1	1	1	1	1	1	1	1
6814	2	0	62.07	1	1	1	0	0	0	1	1	1	1
6815	2	0	59.43	0	0	0	1	.	1	0	0	1	0
6816	2	.	69.33	1	0	0	0	0	1	0	0	0	0
6817	2	0	.	1	1	1	1	1	0	0	0	0	0
6819	2	0	64.48	0	1	0	1	0	1	1	0	1	1
6820	2	.	43.08	0	1	1	1	1	1	0	0	1	0
6821	2	0	.	0	1	1	1	1	1	1	1	1	1
6822	2	.	63.58	0	0	1	1	0	0	0	0	1	1
6824	2	0	.	0	1	1	0	1	0	1	1	0	0
6825	2	.	.	0	.	.	.	.	.	.	.	.	.
6835	2	0	.	1	1	1	1	0	1	1	1	0	0
6837	2	.	42.78	0	1	1	1	1	1	1	1	1	1
6838	2	0	.	0	0	0	0	0	0	0	0	0	0
6839	2	0	.	0	.	.	.	.	.	.	.	.	.
6844	2	.	48.52	1	1	0	1	1	0	1	0	1	0
6845	2	0	41.13	0	1	1	1	1	1	1	1	1	1
6846	2	1	.	0	.	.	.	.	.	.	.	.	.
6849	2	0	.	1	1	1	1	1	1	1	1	1	1
6854	2	0	55.39	1	1	1	1	0	0	0	0	0	0
6856	2	0	37.08	1	1	0	0	1	1	1	1	1	1
6859	2	0	63.98	0	1	1	1	0	1	1	.	0	1
6860	2	0	.	1	.	.	.	.	.	.	.	.	.
6862	2	0	.	0	1	1	1	1	1	1	1	1	1
6863	2	0	74.56	1	1	1	1	1	1	1	1	1	1
6865	2	0	70.38	1	1	0	1	0	1	1	1	.	1
6866	2	0	58.91	1	1	1	1	1	1	1	1	1	1
6867	2	0	65.62	0	1	0	1	0	1	1	1	1	1
6870	2	0	57.75	1	0	1	1	1	1	1	1	1	1
6871	2	.	40.52	0	1	1	1	0	0	0	0	0	1
6872	2	1	90.96	0	1	1	1	1	1	1	1	1	1
6873	2	0	63.27	0	1	1	1	1	1	1	1	1	1
6874	2	0	.	0	0	1	1	1	1	1	1	1	1
6875	2	0	50.4	0	.	.	.	.	.	.	.	.	.
6876	2	.	68.61	0	.	.	.	.	.	.	.	.	.
6877	2	0	.	1	.	.	.	.	.	.	.	.	.
6880	2	0	54.19	1	0	1	0	0	0	1	1	1	1
6884	2	.	39.81	0	0	0	0	1	1	0	0	0	0
6887	2	0	49.6	1	0	0	0	0	1	0	0	0	0
6889	2	0	49.38	0	0	1	1	1	0	0	0	0	1
6891	2	.	.	0	1	1	1	1	1	1	1	1	1
6892	2	0	.	0	1	1	1	1	1	0	0	1	1
6894	2	0	72.07	1	1	1	1	1	1	1	1	1	1
6896	2	.	.	0	1	1	1	1	1	1	1	1	1
6898	2	.	.	0	1	.	0	0	0	1	0	0	0
6899	2	0	93.29	0	1	1	1	0	1	1	1	1	1
6901	2	0	.	1	1	1	1	1	1	1	1	0	1
6902	2	0	52.99	1	1	1	1	1	1	0	0	1	0
6905	2	.	.	0	1	1	0	0	1	1	1	1	1
6910	2	0	.	0	1	1	1	1	.	1	0	1	1
6911	2	0	.	1	1	0	1	1	1	0	1	1	0
6914	2	0	47.78	1	0	1	1	1	1	0	0	.	1
6915	2	0	.	0	1	0	0	0	1	1	1	1	1
6917	2	0	.	1	1	1	1	0	0	1	1	1	1
6918	2	0	.	0	1	1	1	1	1	1	1	0	1
6919	2	.	57.36	1	0	1	0	0	0	1	1	1	1
6920	2	0	60.76	0	1	1	1	0	1	1	1	1	1
6924	2	0	70.27	1	1	1	1	0	1	1	1	0	0
6925	2	0	.	0	.	.	.	.	.	.	.	.	.
6927	2	.	63.49	0	1	1	1	1	1	1	1	1	1
6929	2	.	.	1	.	.	.	.	.	.	.	.	.
6930	2	0	67.01	1	1	1	0	1	1	0	0	0	1
6931	2	0	64.55	1	0	0	0	0	1	1	1	1	1
6933	2	0	83.18	0	1	1	1	1	1	1	1	1	1
6934	2	.	47.44	0	1	1	1	1	0	0	1	1	1
6937	2	0	65.27	1	0	0	1	1	1	1	1	1	1
6939	2	.	72.28	1	1	1	1	1	0	1	1	1	1
6943	2	.	59.67	0	1	1	1	1	1	1	1	1	1
