CASENUM,COHORT,RSTEMM,EMTHIRT,FEMALE,CB28A,CB28B,CB28C,CB28E,CB28G,CB28H,CB28I,CB28K,CB28L
1001,1,-95,-95,0,-95,-95,-95,-95,-95,-95,-95,-95,-95
1002,2,-95,-98,0,2,2,2,2,2,2,2,2,2
1003,1,-95,-95,1,-95,-95,-95,-95,-95,-95,-95,-95,-95
1004,2,0,-98,1,-95,-95,-95,-95,-95,-95,-95,-95,-95
1005,2,0,59.4,1,5,2,1,5,5,2,2,1,3
1006,2,-95,-98,0,-95,-95,-95,-95,-95,-95,-95,-95,-95
1007,1,0,-95,0,-95,-95,-95,-95,-95,-95,-95,-95,-95
1008,1,0,-95,1,-95,-95,-95,-95,-95,-95,-95,-95,-95
1009,2,0,62.49,0,1,2,2,3,4,2,2,1,2
1010,1,0,-95,1,-95,-95,-95,-95,-95,-95,-95,-95,-95
1011,2,0,71.58,0,1,1,1,5,4,1,1,1,1
1012,2,-95,56.72,1,4,2,-96,4,5,2,3,3,2
1013,1,-95,-95,1,-95,-95,-95,-95,-95,-95,-95,-95,-95
1014,1,0,-95,0,-95,-95,-95,-95,-95,-95,-95,-95,-95
1015,1,0,-95,1,-95,-95,-95,-95,-95,-95,-95,-95,-95
1016,2,0,-98,1,-95,-95,-95,-95,-95,-95,-95,-95,-95
1017,2,1,91.26,0,1,2,2,4,4,1,1,1,2
1018,1,-95,-95,1,-95,-95,-95,-95,-95,-95,-95,-95,-95
1019,1,0,-95,0,-95,-95,-95,-95,-95,-95,-95,-95,-95
1020,1,0,-95,0,-95,-95,-95,-95,-95,-95,-95,-95,-95
1021,1,0,-95,0,-95,-95,-95,-95,-95,-95,-95,-95,-95
1022,1,-95,-95,0,-95,-95,-95,-95,-95,-95,-95,-95,-95
1023,2,1,72.72,0,2,1,1,5,5,1,3,1,1
1024,2,0,44.42,0,3,2,4,3,2,2,2,1,3
1025,1,0,-95,0,-95,-95,-95,-95,-95,-95,-95,-95,-95
1026,1,0,-95,0,-95,-95,-95,-95,-95,-95,-95,-95,-95
1027,1,0,-95,1,-95,-95,-95,-95,-95,-95,-95,-95,-95
1028,1,0,-95,1,-95,-95,-95,-95,-95,-95,-95,-95,-95
1029,2,-95,45.31,1,-95,-95,-95,-95,-95,-95,-95,-95,-95
1030,1,0,-95,0,-95,-95,-95,-95,-95,-95,-95,-95,-95
1031,1,0,-95,0,-95,-95,-95,-95,-95,-95,-95,-95,-95
1032,2,-95,-98,1,1,1,1,4,4,1,1,1,1
1033,2,0,52.19,0,4,3,3,3,2,2,2,2,1
1034,2,-95,52.61,1,3,3,2,1,4,1,1,1,3
1035,1,-95,-95,1,-95,-95,-95,-95,-95,-95,-95,-95,-95
1036,2,-95,54.14,1,1,1,-96,5,5,1,-98,1,1
1037,1,0,-95,1,-95,-95,-95,-95,-95,-95,-95,-95,-95
1038,1,0,-95,0,-95,-95,-95,-95,-95,-95,-95,-95,-95
1039,2,0,-98,1,-98,-98,-98,-98,-98,-98,-98,-98,-98
1040,2,-95,51.89,0,2,2,2,4,5,1,1,1,1
1041,2,-95,56.31,0,1,1,1,1,1,1,1,1,1
1042,1,0,-95,1,-95,-95,-95,-95,-95,-95,-95,-95,-95
1043,2,0,-98,0,1,1,2,5,5,3,3,1,1
1044,2,-95,-98,0,-95,-95,-95,-95,-95,-95,-95,-95,-95
1045,2,1,83.25,0,4,2,3,4,4,2,2,2,2
1046,2,0,-98,1,2,2,2,3,3,4,4,3,3
1047,2,0,-98,1,2,2,2,4,5,2,2,1,2
1048,1,0,-95,1,-95,-95,-95,-95,-95,-95,-95,-95,-95
1049,1,-95,-95,1,-95,-95,-95,-95,-95,-95,-95,-95,-95
1050,1,0,-95,0,-95,-95,-95,-95,-95,-95,-95,-95,-95
1051,1,-95,-95,1,-95,-95,-95,-95,-95,-95,-95,-95,-95
1052,2,0,58.06,1,1,1,1,4,4,2,4,4,2
1053,1,-95,-95,1,-95,-95,-95,-95,-95,-95,-95,-95,-95
1054,2,-95,65.93,1,2,1,1,3,3,3,2,3,2
1055,1,-95,-95,0,-95,-95,-95,-95,-95,-95,-95,-95,-95
1056,1,0,-95,0,-95,-95,-95,-95,-95,-95,-95,-95,-95
1057,2,0,33.67,1,2,4,-98,2,2,2,2,2,2
1058,1,-95,-95,0,-95,-95,-95,-95,-95,-95,-95,-95,-95
1059,1,0,-95,0,-95,-95,-95,-95,-95,-95,-95,-95,-95
1060,2,0,61.82,1,4,4,2,2,5,2,2,2,2
1061,1,0,-95,0,-95,-95,-95,-95,-95,-95,-95,-95,-95
1062,1,0,-95,1,-95,-95,-95,-95,-95,-95,-95,-95,-95
1063,2,0,-98,0,-95,-95,-95,-95,-95,-95,-95,-95,-95
1064,2,0,39.4,1,4,3,2,2,4,5,4,2,1
1065,2,0,60.02,1,1,2,1,5,2,2,2,3,2
1066,2,0,55.95,1,3,3,2,2,2,4,2,2,3
1067,2,-95,57.94,1,2,1,1,5,4,1,1,1,2
1068,1,0,-95,0,-95,-95,-95,-95,-95,-95,-95,-95,-95
1069,1,0,-95,0,-95,-95,-95,-95,-95,-95,-95,-95,-95
1070,1,-95,-95,0,-95,-95,-95,-95,-95,-95,-95,-95,-95
1071,2,-95,64.62,1,1,1,1,5,5,2,2,4,2
1072,2,0,66.64,0,2,2,2,-98,4,2,2,2,2
1073,2,0,70.08,0,-95,-95,-95,-95,-95,-95,-95,-95,-95
1074,1,0,-95,1,-95,-95,-95,-95,-95,-95,-95,-95,-95
1075,1,0,-95,0,-95,-95,-95,-95,-95,-95,-95,-95,-95
1076,2,0,-98,0,2,2,2,4,4,3,3,2,3
1077,1,0,-95,1,-95,-95,-95,-95,-95,-95,-95,-95,-95
1078,1,0,-95,1,-95,-95,-95,-95,-95,-95,-95,-95,-95
1079,2,0,-98,1,3,3,4,3,1,3,4,2,1
1080,2,0,36.56,0,3,3,2,3,4,2,2,2,2
1081,1,0,-95,1,-95,-95,-95,-95,-95,-95,-95,-95,-95
1082,2,0,-98,1,2,2,2,4,4,2,2,2,2
1083,1,-95,-95,1,-95,-95,-95,-95,-95,-95,-95,-95,-95
1084,1,0,-95,1,-95,-95,-95,-95,-95,-95,-95,-95,-95
1085,1,-95,-95,1,-95,-95,-95,-95,-95,-95,-95,-95,-95
1086,2,0,59.99,1,2,2,2,4,3,3,3,2,3
1087,2,-95,57.19,1,3,2,2,4,4,2,3,2,2
1088,1,-95,-95,0,-95,-95,-95,-95,-95,-95,-95,-95,-95
1089,2,-95,-98,1,-95,-95,-95,-95,-95,-95,-95,-95,-95
1090,1,0,-95,0,-95,-95,-95,-95,-95,-95,-95,-95,-95
1091,2,-95,-98,0,1,1,2,2,3,1,1,1,1
1092,2,0,-96,0,-98,-98,-98,-98,-98,-98,-98,-98,-98
1093,1,-95,-95,1,-95,-95,-95,-95,-95,-95,-95,-95,-95
1094,2,-95,43.35,1,3,4,3,3,4,3,1,1,1
1095,2,-95,75.61,0,1,1,1,2,4,2,1,1,1
1096,1,-95,-95,1,-95,-95,-95,-95,-95,-95,-95,-95,-95
1097,2,0,50.59,0,2,2,2,2,2,2,2,3,2
1098,1,0,-95,1,-95,-95,-95,-95,-95,-95,-95,-95,-95
1099,1,0,-95,1,-95,-95,-95,-95,-95,-95,-95,-95,-95
1100,1,0,-95,0,-95,-95,-95,-95,-95,-95,-95,-95,-95
1101,1,-95,-95,0,-95,-95,-95,-95,-95,-95,-95,-95,-95
1102,1,-95,-95,0,-95,-95,-95,-95,-95,-95,-95,-95,-95
1103,2,0,44.24,1,2,4,1,2,1,1,1,3,1
1104,2,0,68.58,1,3,1,1,3,4,2,2,2,3
1105,1,0,-95,1,-95,-95,-95,-95,-95,-95,-95,-95,-95
1106,1,-95,-95,0,-95,-95,-95,-95,-95,-95,-95,-95,-95
1107,1,0,-95,1,-95,-95,-95,-95,-95,-95,-95,-95,-95
1108,2,-95,73.83,1,2,3,2,3,3,2,3,3,2
1109,1,0,-95,1,-95,-95,-95,-95,-95,-95,-95,-95,-95
1110,1,0,-95,1,-95,-95,-95,-95,-95,-95,-95,-95,-95
1111,1,-95,-95,0,-95,-95,-95,-95,-95,-95,-95,-95,-95
1112,2,0,-98,1,2,3,2,4,4,3,2,3,3
1113,1,0,-95,1,-95,-95,-95,-95,-95,-95,-95,-95,-95
1114,1,0,-95,1,-95,-95,-95,-95,-95,-95,-95,-95,-95
1115,1,0,-95,1,-95,-95,-95,-95,-95,-95,-95,-95,-95
1116,2,-95,54.21,0,-95,-95,-95,-95,-95,-95,-95,-95,-95
1117,1,0,-95,1,-95,-95,-95,-95,-95,-95,-95,-95,-95
1118,1,0,-95,1,-95,-95,-95,-95,-95,-95,-95,-95,-95
1119,1,0,-95,0,-95,-95,-95,-95,-95,-95,-95,-95,-95
1120,1,0,-95,0,-95,-95,-95,-95,-95,-95,-95,-95,-95
1121,1,0,-95,0,-95,-95,-95,-95,-95,-95,-95,-95,-95
1122,1,0,-95,0,-95,-95,-95,-95,-95,-95,-95,-95,-95
1123,2,0,50.86,0,1,2,2,4,4,1,1,1,1
1124,2,0,73.38,0,-98,-98,-98,-98,-98,-98,-98,-98,-98
1125,1,1,-95,0,-95,-95,-95,-95,-95,-95,-95,-95,-95
1126,2,0,69.21,1,-95,-95,-95,-95,-95,-95,-95,-95,-95
1127,2,-95,40.46,0,-95,-95,-95,-95,-95,-95,-95,-95,-95
1128,1,0,-95,0,-95,-95,-95,-95,-95,-95,-95,-95,-95
1129,2,0,51.19,0,3,2,2,-98,4,-98,2,1,2
1130,1,-95,-95,1,-95,-95,-95,-95,-95,-95,-95,-95,-95
1131,1,0,-95,0,-95,-95,-95,-95,-95,-95,-95,-95,-95
1132,2,0,72.58,1,2,2,2,4,4,3,2,1,2
1133,1,-95,-95,0,-95,-95,-95,-95,-95,-95,-95,-95,-95
1134,2,0,68.62,0,2,2,2,4,4,2,2,2,2
1135,2,-95,50.7,0,1,1,1,5,5,1,1,1,1
1136,1,-95,-95,0,-95,-95,-95,-95,-95,-95,-95,-95,-95
1137,2,0,56.83,1,2,3,2,4,4,2,3,2,2
1138,2,-95,37.21,0,4,4,2,2,3,3,3,3,2
1139,1,0,-95,1,-95,-95,-95,-95,-95,-95,-95,-95,-95
1140,2,1,84.21,0,2,1,2,5,5,2,2,2,2
1141,1,0,-95,0,-95,-95,-95,-95,-95,-95,-95,-95,-95
1142,2,0,60.37,0,4,4,3,2,2,2,2,2,1
1143,1,0,-95,0,-95,-95,-95,-95,-95,-95,-95,-95,-95
1144,2,0,47.86,0,2,3,3,3,3,3,3,3,3
1145,2,-95,-98,0,4,4,2,4,4,3,3,1,2
1146,2,-95,-96,0,1,1,2,5,4,1,2,1,2
1147,1,0,-95,0,-95,-95,-95,-95,-95,-95,-95,-95,-95
1148,1,-95,-95,1,-95,-95,-95,-95,-95,-95,-95,-95,-95
1149,2,0,65.18,1,1,1,1,4,4,1,1,1,1
1150,2,-95,59.79,1,1,2,5,4,5,2,1,1,1
1151,2,0,-98,0,-95,-95,-95,-95,-95,-95,-95,-95,-95
1152,2,0,-98,0,-95,-95,-95,-95,-95,-95,-95,-95,-95
1153,2,0,39.99,1,5,5,2,4,5,2,1,2,2
1154,1,1,-95,1,-95,-95,-95,-95,-95,-95,-95,-95,-95
1155,2,0,60.8,0,2,2,2,2,2,2,2,1,3
1156,1,0,-95,1,-95,-95,-95,-95,-95,-95,-95,-95,-95
1157,1,0,-95,1,-95,-95,-95,-95,-95,-95,-95,-95,-95
1158,2,0,69.14,1,2,2,2,4,4,1,1,2,1
1159,2,0,-98,0,2,2,2,3,5,1,3,1,1
1160,1,0,-95,0,-95,-95,-95,-95,-95,-95,-95,-95,-95
1161,1,-95,-95,0,-95,-95,-95,-95,-95,-95,-95,-95,-95
1162,1,0,-95,0,-95,-95,-95,-95,-95,-95,-95,-95,-95
1163,2,0,72.54,0,-95,-95,-95,-95,-95,-95,-95,-95,-95
1164,1,0,-95,0,-95,-95,-95,-95,-95,-95,-95,-95,-95
1165,2,0,58.28,1,2,2,1,5,5,1,2,1,1
1166,1,0,-95,0,-95,-95,-95,-95,-95,-95,-95,-95,-95
1167,2,0,-96,0,2,2,2,2,5,1,1,1,2
1168,2,0,-98,0,-95,-95,-95,-95,-95,-95,-95,-95,-95
1169,2,0,-98,1,2,2,2,4,4,3,3,3,3
1170,2,0,36.31,1,-95,-95,-95,-95,-95,-95,-95,-95,-95
1171,1,-95,-95,1,-95,-95,-95,-95,-95,-95,-95,-95,-95
1172,2,0,-98,1,2,2,2,3,3,4,4,2,2
1173,2,1,61.06,0,2,2,2,4,4,1,1,2,2
1174,2,0,41.7,0,1,1,2,4,5,2,3,2,4
1175,2,0,67.08,1,1,1,1,4,5,2,2,1,2
1176,2,0,-98,0,-95,-95,-95,-95,-95,-95,-95,-95,-95
1177,2,-95,37.27,0,2,1,1,1,1,1,1,1,1
1178,2,0,-96,0,4,2,-98,4,5,2,3,1,3
1179,1,-95,-95,0,-95,-95,-95,-95,-95,-95,-95,-95,-95
1180,1,-95,-95,0,-95,-95,-95,-95,-95,-95,-95,-95,-95
1181,2,-95,56.39,0,2,3,1,4,5,2,2,2,2
1182,1,-95,-95,0,-95,-95,-95,-95,-95,-95,-95,-95,-95
1183,2,-95,47.33,1,2,4,3,5,3,1,3,1,2
1184,2,0,66.37,1,2,2,2,2,4,3,3,2,3
1185,1,0,-95,0,-95,-95,-95,-95,-95,-95,-95,-95,-95
1186,2,-95,-98,0,2,3,1,5,4,3,5,1,2
1187,1,-95,-95,0,-95,-95,-95,-95,-95,-95,-95,-95,-95
1188,1,0,-95,1,-95,-95,-95,-95,-95,-95,-95,-95,-95
1189,1,0,-95,0,-95,-95,-95,-95,-95,-95,-95,-95,-95
1190,2,0,81.51,0,1,1,1,3,5,1,1,1,1
1191,2,0,65.74,1,4,3,2,2,3,1,1,-98,1
1192,1,0,-95,1,-95,-95,-95,-95,-95,-95,-95,-95,-95
1193,2,0,50.59,0,1,1,1,3,5,1,2,3,1
1194,2,0,-98,1,1,2,2,5,4,2,3,1,2
1195,2,-95,-98,0,2,2,3,2,2,2,2,3,3
1196,2,0,71.6,0,4,4,3,3,3,3,3,3,3
1197,1,0,-95,0,-95,-95,-95,-95,-95,-95,-95,-95,-95
1198,2,0,51.22,0,4,5,4,3,4,3,4,1,2
1199,2,-95,-98,0,2,3,5,-96,3,4,2,4,2
1200,1,0,-95,1,-95,-95,-95,-95,-95,-95,-95,-95,-95
1201,1,0,-95,1,-95,-95,-95,-95,-95,-95,-95,-95,-95
1202,2,0,61.61,0,2,2,2,3,3,2,3,4,1
1203,1,0,-95,0,-95,-95,-95,-95,-95,-95,-95,-95,-95
1204,1,0,-95,1,-95,-95,-95,-95,-95,-95,-95,-95,-95
1205,1,-95,-95,0,-95,-95,-95,-95,-95,-95,-95,-95,-95
1206,1,-95,-95,0,-95,-95,-95,-95,-95,-95,-95,-95,-95
1207,1,0,-95,1,-95,-95,-95,-95,-95,-95,-95,-95,-95
1208,2,0,60.26,0,2,3,2,2,3,3,1,3,3
1209,2,0,76.85,1,2,2,2,4,4,2,2,2,2
1210,1,0,-95,0,-95,-95,-95,-95,-95,-95,-95,-95,-95
1211,2,-95,-98,1,3,3,4,3,5,-98,2,2,2
1212,2,0,-98,1,3,2,2,4,1,3,3,2,1
1213,1,0,-95,1,-95,-95,-95,-95,-95,-95,-95,-95,-95
1214,2,1,72.69,1,1,1,1,5,5,2,3,2,3
1215,1,0,-95,0,-95,-95,-95,-95,-95,-95,-95,-95,-95
1216,1,0,-95,1,-95,-95,-95,-95,-95,-95,-95,-95,-95
1217,2,-95,-98,0,-95,-95,-95,-95,-95,-95,-95,-95,-95
1218,2,-95,51.56,1,2,2,3,4,5,2,2,2,2
1219,2,0,63.89,1,2,2,2,5,5,3,3,1,3
1220,1,0,-95,0,-95,-95,-95,-95,-95,-95,-95,-95,-95
1221,1,0,-95,1,-95,-95,-95,-95,-95,-95,-95,-95,-95
1222,2,0,54.37,1,5,5,4,4,4,5,4,4,5
1223,2,1,-98,1,-95,-95,-95,-95,-95,-95,-95,-95,-95
1224,1,0,-95,1,-95,-95,-95,-95,-95,-95,-95,-95,-95
1225,2,0,72.07,0,3,2,1,4,4,2,3,2,2
1226,1,0,-95,0,-95,-95,-95,-95,-95,-95,-95,-95,-95
1227,2,-95,36.29,0,2,2,2,3,2,2,2,2,2
1228,2,-95,-98,1,5,5,5,2,3,1,4,1,2
1229,2,0,71.84,1,4,4,2,4,2,2,3,3,2
1230,1,0,-95,0,-95,-95,-95,-95,-95,-95,-95,-95,-95
1231,2,-95,-96,0,1,1,1,3,3,3,3,3,2
1232,2,0,83.73,0,1,1,1,3,4,1,1,1,1
1233,2,0,73.84,0,1,2,2,4,5,3,4,2,3
1234,2,-95,67.43,0,4,2,2,2,4,2,2,1,1
1235,2,-95,56.72,0,2,2,2,2,2,2,1,2,1
1236,2,-95,65.17,0,2,2,2,4,4,3,2,2,3
1237,1,0,-95,1,-95,-95,-95,-95,-95,-95,-95,-95,-95
1238,2,0,-98,1,1,2,2,4,4,3,2,1,2
1239,1,-95,-95,0,-95,-95,-95,-95,-95,-95,-95,-95,-95
1240,1,0,-95,0,-95,-95,-95,-95,-95,-95,-95,-95,-95
1241,1,-95,-95,0,-95,-95,-95,-95,-95,-95,-95,-95,-95
1242,2,0,57.25,1,2,2,2,4,4,2,3,3,3
1243,1,-95,-95,1,-95,-95,-95,-95,-95,-95,-95,-95,-95
1244,2,0,57.95,0,2,2,2,5,5,1,1,1,1
1245,2,0,42.47,0,4,4,5,2,3,1,2,1,2
1246,1,-95,-95,1,-95,-95,-95,-95,-95,-95,-95,-95,-95
1247,2,0,59.66,1,2,1,1,4,5,2,3,2,2
1248,1,0,-95,0,-95,-95,-95,-95,-95,-95,-95,-95,-95
1249,1,0,-95,0,-95,-95,-95,-95,-95,-95,-95,-95,-95
1250,2,0,42.83,1,2,4,2,4,4,1,2,2,2
1251,1,0,-95,0,-95,-95,-95,-95,-95,-95,-95,-95,-95
1252,2,0,-98,1,-95,-95,-95,-95,-95,-95,-95,-95,-95
1253,2,-95,-98,1,2,2,2,4,4,2,2,2,2
1254,2,-95,60.86,0,5,5,5,5,5,5,5,5,2
1255,1,0,-95,1,-95,-95,-95,-95,-95,-95,-95,-95,-95
1256,2,0,72.8,1,3,4,3,2,4,3,3,2,3
1257,2,0,-96,0,2,2,2,5,5,1,2,2,3
1258,1,-95,-95,1,-95,-95,-95,-95,-95,-95,-95,-95,-95
1259,2,-95,-98,0,1,1,1,5,5,2,2,2,2
1260,2,0,36.38,1,4,4,2,4,4,4,1,1,1
1261,2,0,62.18,1,4,4,3,2,2,3,3,3,3
1262,1,1,-95,0,-95,-95,-95,-95,-95,-95,-95,-95,-95
1263,1,-95,-95,1,-95,-95,-95,-95,-95,-95,-95,-95,-95
1264,1,-95,-95,0,-95,-95,-95,-95,-95,-95,-95,-95,-95
1265,1,-95,-95,1,-95,-95,-95,-95,-95,-95,-95,-95,-95
1266,2,-95,60.53,0,1,2,1,4,5,1,1,1,1
1267,1,1,-95,0,-95,-95,-95,-95,-95,-95,-95,-95,-95
1268,2,-95,-98,0,3,3,3,3,3,3,3,3,3
1269,1,0,-95,0,-95,-95,-95,-95,-95,-95,-95,-95,-95
1270,2,-95,-98,0,4,3,2,3,3,2,2,3,3
1271,1,0,-95,0,-95,-95,-95,-95,-95,-95,-95,-95,-95
1272,1,0,-95,1,-95,-95,-95,-95,-95,-95,-95,-95,-95
1273,1,-95,-95,1,-95,-95,-95,-95,-95,-95,-95,-95,-95
1274,2,0,-98,1,4,2,2,2,2,3,2,2,2
1275,1,0,-95,0,-95,-95,-95,-95,-95,-95,-95,-95,-95
1276,1,0,-95,1,-95,-95,-95,-95,-95,-95,-95,-95,-95
1277,1,-95,-95,0,-95,-95,-95,-95,-95,-95,-95,-95,-95
1278,1,0,-95,0,-95,-95,-95,-95,-95,-95,-95,-95,-95
1279,1,-95,-95,1,-95,-95,-95,-95,-95,-95,-95,-95,-95
1280,1,0,-95,0,-95,-95,-95,-95,-95,-95,-95,-95,-95
1281,2,0,-98,1,-95,-95,-95,-95,-95,-95,-95,-95,-95
1282,2,0,54.24,1,2,2,2,2,3,4,3,1,1
1283,1,0,-95,0,-95,-95,-95,-95,-95,-95,-95,-95,-95
1284,2,0,62.13,0,1,1,1,4,4,1,1,1,1
1285,2,0,-98,1,-95,-95,-95,-95,-95,-95,-95,-95,-95
1286,1,0,-95,1,-95,-95,-95,-95,-95,-95,-95,-95,-95
1287,2,1,67.43,0,1,1,1,5,5,1,1,1,1
1288,2,0,-96,1,2,1,1,4,4,2,2,1,2
1289,2,1,92.08,0,1,1,1,4,5,1,1,1,1
1290,1,0,-95,1,-95,-95,-95,-95,-95,-95,-95,-95,-95
1291,1,0,-95,0,-95,-95,-95,-95,-95,-95,-95,-95,-95
1292,2,0,-96,0,2,2,2,3,1,2,4,-96,-98
1293,1,-95,-95,1,-95,-95,-95,-95,-95,-95,-95,-95,-95
1294,1,0,-95,0,-95,-95,-95,-95,-95,-95,-95,-95,-95
1295,2,0,54.67,1,2,2,2,4,5,2,2,2,2
1296,2,0,52.73,1,1,1,1,5,5,1,1,1,1
1297,2,-95,45.17,0,1,1,1,1,2,1,1,1,3
1298,1,1,-95,0,-95,-95,-95,-95,-95,-95,-95,-95,-95
1299,1,0,-95,1,-95,-95,-95,-95,-95,-95,-95,-95,-95
1300,2,-95,-98,0,3,3,4,2,2,2,3,4,1
1301,2,-95,49.1,1,-95,-95,-95,-95,-95,-95,-95,-95,-95
1302,1,0,-95,1,-95,-95,-95,-95,-95,-95,-95,-95,-95
1303,2,0,-98,1,1,-98,2,3,5,4,3,1,2
1304,1,0,-95,0,-95,-95,-95,-95,-95,-95,-95,-95,-95
1305,2,0,67.09,0,1,1,1,4,4,2,2,1,2
1306,2,-95,65.99,0,2,2,2,4,4,3,1,1,1
1307,1,-95,-95,0,-95,-95,-95,-95,-95,-95,-95,-95,-95
1308,1,0,-95,1,-95,-95,-95,-95,-95,-95,-95,-95,-95
1309,2,-95,-98,0,1,1,1,4,4,1,1,1,1
1310,1,1,-95,0,-95,-95,-95,-95,-95,-95,-95,-95,-95
1311,1,0,-95,1,-95,-95,-95,-95,-95,-95,-95,-95,-95
1312,2,-95,-98,1,-95,-95,-95,-95,-95,-95,-95,-95,-95
1313,2,0,70.42,0,2,2,2,3,5,2,2,2,2
1314,1,0,-95,0,-95,-95,-95,-95,-95,-95,-95,-95,-95
1315,1,0,-95,1,-95,-95,-95,-95,-95,-95,-95,-95,-95
1316,2,0,48.16,0,3,2,2,3,4,2,2,2,4
1317,1,0,-95,1,-95,-95,-95,-95,-95,-95,-95,-95,-95
1318,1,-95,-95,1,-95,-95,-95,-95,-95,-95,-95,-95,-95
1319,2,-95,53.05,1,2,2,2,3,2,2,2,2,1
1320,2,1,-98,0,2,3,2,3,3,3,2,2,2
1321,2,0,43.26,1,2,4,1,5,4,2,1,2,2
1322,2,0,-98,0,4,3,3,4,4,3,2,1,3
1323,2,0,66.38,0,2,2,2,4,4,3,3,2,2
1324,2,-95,-98,0,1,1,1,2,2,2,2,-96,1
1325,2,0,-98,0,2,2,2,5,5,1,1,1,1
1326,1,0,-95,0,-95,-95,-95,-95,-95,-95,-95,-95,-95
1327,1,1,-95,1,-95,-95,-95,-95,-95,-95,-95,-95,-95
1328,1,-95,-95,0,-95,-95,-95,-95,-95,-95,-95,-95,-95
1329,2,0,36.2,1,2,3,2,2,4,2,2,2,3
1330,2,0,50.03,1,4,4,2,4,4,3,3,4,4
1331,2,0,-98,1,2,2,1,2,3,1,1,1,1
1332,2,0,-96,1,1,2,2,4,5,2,2,2,2
1333,1,-95,-95,1,-95,-95,-95,-95,-95,-95,-95,-95,-95
1334,1,0,-95,1,-95,-95,-95,-95,-95,-95,-95,-95,-95
1335,2,0,-98,1,-98,-98,-98,-98,-98,-98,-98,-98,-98
1336,1,0,-95,0,-95,-95,-95,-95,-95,-95,-95,-95,-95
1337,1,0,-95,0,-95,-95,-95,-95,-95,-95,-95,-95,-95
1338,1,1,-95,0,-95,-95,-95,-95,-95,-95,-95,-95,-95
1339,1,0,-95,0,-95,-95,-95,-95,-95,-95,-95,-95,-95
1340,1,0,-95,0,-95,-95,-95,-95,-95,-95,-95,-95,-95
1341,2,0,48.8,1,3,5,3,4,4,3,3,2,3
1342,2,0,61.48,1,2,2,2,3,5,1,1,1,1
1343,2,-95,52.55,1,2,3,2,2,2,2,3,3,3
1344,1,-95,-95,1,-95,-95,-95,-95,-95,-95,-95,-95,-95
1345,2,0,57.14,1,5,2,1,2,4,2,2,2,3
1346,2,0,71.27,0,4,2,2,3,5,2,2,2,2
1347,1,-95,-95,0,-95,-95,-95,-95,-95,-95,-95,-95,-95
1348,1,-95,-95,1,-95,-95,-95,-95,-95,-95,-95,-95,-95
1349,2,0,-96,1,4,4,3,3,4,2,2,2,2
1350,2,0,30.95,0,2,2,2,3,2,3,-98,2,3
1351,2,0,-98,0,2,3,1,3,2,3,3,1,2
1352,2,0,67.92,0,1,1,1,5,5,2,2,1,1
1353,1,0,-95,0,-95,-95,-95,-95,-95,-95,-95,-95,-95
1354,2,1,70.76,1,2,2,1,-98,1,2,3,2,2
1355,2,-95,77.93,0,4,2,2,2,4,3,3,-96,3
1356,2,-95,40.91,0,2,3,4,1,5,4,5,1,3
1357,1,0,-95,0,-95,-95,-95,-95,-95,-95,-95,-95,-95
1358,1,-95,-95,0,-95,-95,-95,-95,-95,-95,-95,-95,-95
1359,2,0,72.15,0,-98,-98,-98,-98,-98,-98,-98,-98,-98
1360,1,0,-95,0,-95,-95,-95,-95,-95,-95,-95,-95,-95
1361,1,-95,-95,1,-95,-95,-95,-95,-95,-95,-95,-95,-95
1362,2,0,55.52,1,2,2,2,2,4,1,3,1,1
1363,1,1,-95,1,-95,-95,-95,-95,-95,-95,-95,-95,-95
1364,2,0,65.49,0,2,2,2,3,4,3,3,3,2
1365,1,-95,-95,1,-95,-95,-95,-95,-95,-95,-95,-95,-95
1366,1,0,-95,1,-95,-95,-95,-95,-95,-95,-95,-95,-95
1367,1,0,-95,1,-95,-95,-95,-95,-95,-95,-95,-95,-95
1368,1,0,-95,0,-95,-95,-95,-95,-95,-95,-95,-95,-95
1369,2,0,71.76,1,2,2,2,5,5,3,2,2,3
1370,2,-95,44.5,1,4,3,5,4,3,4,3,3,5
1371,2,0,77.72,0,2,2,2,2,2,5,3,4,2
1372,1,1,-95,0,-95,-95,-95,-95,-95,-95,-95,-95,-95
1373,1,-95,-95,0,-95,-95,-95,-95,-95,-95,-95,-95,-95
1374,2,-95,29.63,1,2,1,2,4,5,3,3,2,3
1375,1,0,-95,0,-95,-95,-95,-95,-95,-95,-95,-95,-95
1376,1,0,-95,1,-95,-95,-95,-95,-95,-95,-95,-95,-95
1377,1,0,-95,0,-95,-95,-95,-95,-95,-95,-95,-95,-95
1378,2,-95,36.14,0,1,2,2,4,5,1,3,2,2
1379,2,0,65.49,0,-95,-95,-95,-95,-95,-95,-95,-95,-95
1380,2,-95,-98,0,4,2,2,5,4,3,3,3,3
1381,2,-95,42.81,1,1,1,1,5,5,1,1,1,1
1382,2,0,40.32,0,3,3,3,3,3,2,3,3,3
1383,2,-95,48.16,1,2,2,2,4,5,1,1,1,2
1384,1,0,-95,0,-95,-95,-95,-95,-95,-95,-95,-95,-95
1385,1,0,-95,1,-95,-95,-95,-95,-95,-95,-95,-95,-95
1386,2,0,62.46,1,4,3,2,5,5,1,3,1,1
1387,2,-95,-98,1,-95,-95,-95,-95,-95,-95,-95,-95,-95
1388,1,-95,-95,0,-95,-95,-95,-95,-95,-95,-95,-95,-95
1389,2,-95,45.16,0,5,4,4,2,5,2,2,2,3
1390,1,0,-95,1,-95,-95,-95,-95,-95,-95,-95,-95,-95
1391,2,0,46.55,1,3,4,3,5,5,2,2,3,3
1392,2,0,55.03,0,2,2,2,4,4,2,2,3,2
1393,1,0,-95,0,-95,-95,-95,-95,-95,-95,-95,-95,-95
1394,2,0,44.05,0,1,2,1,-98,3,1,1,1,1
1395,2,-95,45.06,0,2,2,2,3,2,2,2,2,2
1396,2,0,63.23,1,4,2,1,4,4,1,2,1,1
1397,2,0,44.98,1,4,4,4,4,4,2,3,2,2
1398,1,-95,-95,0,-95,-95,-95,-95,-95,-95,-95,-95,-95
1399,2,0,52.23,1,2,3,2,3,5,1,4,1,1
1400,2,-95,-98,0,2,3,2,2,4,2,2,2,1
1401,1,0,-95,0,-95,-95,-95,-95,-95,-95,-95,-95,-95
1402,2,0,59.21,1,2,2,2,5,5,1,1,1,1
1403,2,0,53.06,0,5,3,3,3,3,3,3,3,3
1404,2,0,-98,0,-95,-95,-95,-95,-95,-95,-95,-95,-95
1405,2,-95,-98,0,3,2,2,4,5,1,1,1,1
1406,2,0,-98,0,4,4,2,4,5,2,4,1,3
1407,2,0,82.51,0,2,2,3,5,4,2,2,3,1
1408,1,0,-95,1,-95,-95,-95,-95,-95,-95,-95,-95,-95
1409,1,0,-95,1,-95,-95,-95,-95,-95,-95,-95,-95,-95
1410,2,0,62.64,0,2,2,2,4,5,2,3,1,3
1411,1,0,-95,1,-95,-95,-95,-95,-95,-95,-95,-95,-95
1412,2,0,40.51,1,2,3,3,3,3,3,3,3,3
1413,2,0,69.17,1,1,2,1,4,4,2,3,1,2
1414,1,0,-95,1,-95,-95,-95,-95,-95,-95,-95,-95,-95
1415,1,0,-95,0,-95,-95,-95,-95,-95,-95,-95,-95,-95
1416,2,0,46.75,1,3,-98,3,2,4,1,1,1,1
1417,1,-95,-95,0,-95,-95,-95,-95,-95,-95,-95,-95,-95
1418,1,0,-95,0,-95,-95,-95,-95,-95,-95,-95,-95,-95
1419,2,-95,-98,1,2,2,3,3,4,3,2,2,3
1420,1,0,-95,0,-95,-95,-95,-95,-95,-95,-95,-95,-95
1421,1,0,-95,0,-95,-95,-95,-95,-95,-95,-95,-95,-95
1422,1,0,-95,1,-95,-95,-95,-95,-95,-95,-95,-95,-95
1423,1,-95,-95,0,-95,-95,-95,-95,-95,-95,-95,-95,-95
1424,1,-95,-95,1,-95,-95,-95,-95,-95,-95,-95,-95,-95
1425,2,0,64.63,1,1,1,1,5,5,1,2,1,1
1426,1,0,-95,0,-95,-95,-95,-95,-95,-95,-95,-95,-95
1427,1,0,-95,1,-95,-95,-95,-95,-95,-95,-95,-95,-95
1428,2,-95,53.14,1,1,1,1,5,2,2,2,2,3
1429,2,-95,-98,0,1,1,1,4,4,-98,1,1,1
1430,1,0,-95,0,-95,-95,-95,-95,-95,-95,-95,-95,-95
1431,2,0,83.87,0,1,3,2,4,4,5,3,3,3
1432,1,0,-95,1,-95,-95,-95,-95,-95,-95,-95,-95,-95
1433,2,0,57.68,0,2,2,2,5,5,2,3,3,2
1434,1,-95,-95,1,-95,-95,-95,-95,-95,-95,-95,-95,-95
1435,2,0,-98,1,2,3,2,4,4,4,2,2,3
1436,2,0,49.05,1,1,1,1,5,4,1,1,1,2
1437,1,0,-95,1,-95,-95,-95,-95,-95,-95,-95,-95,-95
1438,1,0,-95,0,-95,-95,-95,-95,-95,-95,-95,-95,-95
1439,2,0,73.1,1,2,3,2,3,5,2,3,1,2
1440,2,-95,66.26,0,3,3,2,3,4,3,2,3,3
1441,1,0,-95,1,-95,-95,-95,-95,-95,-95,-95,-95,-95
1442,2,0,-98,1,4,3,4,4,2,3,3,2,2
1443,2,0,84.76,1,-95,-95,-95,-95,-95,-95,-95,-95,-95
1444,1,0,-95,0,-95,-95,-95,-95,-95,-95,-95,-95,-95
1445,2,0,44.55,0,3,1,1,3,4,3,1,3,1
1446,1,-95,-95,0,-95,-95,-95,-95,-95,-95,-95,-95,-95
1447,2,-95,51.23,0,1,4,3,1,3,5,3,-98,4
1448,1,0,-95,0,-95,-95,-95,-95,-95,-95,-95,-95,-95
1449,2,0,55.07,1,2,2,4,4,2,1,1,1,1
1450,1,0,-95,1,-95,-95,-95,-95,-95,-95,-95,-95,-95
1451,1,0,-95,0,-95,-95,-95,-95,-95,-95,-95,-95,-95
1452,2,0,76.49,1,1,1,1,3,4,2,2,2,1
1453,1,0,-95,0,-95,-95,-95,-95,-95,-95,-95,-95,-95
1454,1,0,-95,1,-95,-95,-95,-95,-95,-95,-95,-95,-95
1455,1,0,-95,1,-95,-95,-95,-95,-95,-95,-95,-95,-95
1456,2,-95,-98,0,4,3,2,5,3,3,3,3,3
1457,2,0,60.47,1,4,2,2,4,4,2,2,2,2
1458,1,0,-95,1,-95,-95,-95,-95,-95,-95,-95,-95,-95
1459,1,0,-95,1,-95,-95,-95,-95,-95,-95,-95,-95,-95
1460,2,1,73.41,0,5,5,5,1,1,5,5,5,5
1461,1,0,-95,0,-95,-95,-95,-95,-95,-95,-95,-95,-95
1462,2,0,-98,0,3,3,3,3,3,3,3,3,3
1463,1,0,-95,1,-95,-95,-95,-95,-95,-95,-95,-95,-95
1464,2,0,64.11,0,2,2,2,3,3,1,2,2,3
1465,2,-95,55.18,0,2,2,2,4,4,2,2,2,2
1466,1,1,-95,0,-95,-95,-95,-95,-95,-95,-95,-95,-95
1467,1,-95,-95,1,-95,-95,-95,-95,-95,-95,-95,-95,-95
1468,1,0,-95,0,-95,-95,-95,-95,-95,-95,-95,-95,-95
1469,2,-95,37.99,0,1,2,3,5,3,2,1,3,4
1470,2,0,-98,0,3,4,2,2,3,1,1,2,1
1471,1,0,-95,0,-95,-95,-95,-95,-95,-95,-95,-95,-95
1472,2,-95,53.87,0,2,2,2,4,4,4,3,3,3
1473,2,0,68.69,1,1,2,2,5,5,2,2,2,2
1474,1,0,-95,0,-95,-95,-95,-95,-95,-95,-95,-95,-95
1475,1,-95,-95,0,-95,-95,-95,-95,-95,-95,-95,-95,-95
1476,2,0,74.36,0,4,3,3,2,4,2,2,3,3
1477,1,0,-95,1,-95,-95,-95,-95,-95,-95,-95,-95,-95
1478,1,-95,-95,0,-95,-95,-95,-95,-95,-95,-95,-95,-95
1479,2,0,61.2,0,2,2,2,4,4,2,2,2,1
1480,2,0,52.4,0,3,3,3,3,3,3,2,4,4
1481,1,0,-95,0,-95,-95,-95,-95,-95,-95,-95,-95,-95
1482,2,0,67.53,1,5,5,5,2,2,5,4,5,5
1483,2,0,58.78,1,5,3,2,4,5,2,2,2,2
1484,2,0,52.88,1,1,2,2,4,4,1,-98,2,2
1485,1,0,-95,0,-95,-95,-95,-95,-95,-95,-95,-95,-95
1486,1,-95,-95,1,-95,-95,-95,-95,-95,-95,-95,-95,-95
1487,2,0,64.6,1,4,4,4,2,2,1,1,2,2
1488,2,0,34,1,2,2,2,2,2,1,2,1,1
1489,1,0,-95,1,-95,-95,-95,-95,-95,-95,-95,-95,-95
1490,1,0,-95,0,-95,-95,-95,-95,-95,-95,-95,-95,-95
1491,2,0,-98,0,3,2,1,3,5,1,2,1,1
1492,2,0,-96,1,2,3,2,3,4,4,4,2,2
1493,2,0,73.64,0,1,1,-98,5,5,1,1,1,1
1494,2,0,60.28,0,1,1,1,5,5,1,1,1,1
1495,2,0,66,0,1,1,1,1,5,1,1,1,1
1496,1,0,-95,1,-95,-95,-95,-95,-95,-95,-95,-95,-95
1497,2,-95,-98,0,4,3,2,4,4,2,2,2,3
1498,2,-95,57.32,0,2,2,2,4,4,2,2,-98,-98
1499,1,0,-95,1,-95,-95,-95,-95,-95,-95,-95,-95,-95
1500,1,-95,-95,0,-95,-95,-95,-95,-95,-95,-95,-95,-95
1501,1,0,-95,1,-95,-95,-95,-95,-95,-95,-95,-95,-95
1502,1,-95,-95,0,-95,-95,-95,-95,-95,-95,-95,-95,-95
1503,1,-95,-95,1,-95,-95,-95,-95,-95,-95,-95,-95,-95
1504,2,0,49.5,0,2,2,2,3,3,3,3,3,3
1505,1,0,-95,1,-95,-95,-95,-95,-95,-95,-95,-95,-95
1506,2,0,70.63,1,2,3,3,4,3,2,2,2,2
1507,1,0,-95,0,-95,-95,-95,-95,-95,-95,-95,-95,-95
1508,1,0,-95,0,-95,-95,-95,-95,-95,-95,-95,-95,-95
1509,2,-95,-98,0,3,2,2,3,4,2,2,2,2
1510,2,0,50.59,1,4,3,4,5,5,4,5,4,5
1511,2,0,51.73,1,3,3,2,2,3,2,2,3,2
1512,2,0,80.46,0,-95,-95,-95,-95,-95,-95,-95,-95,-95
1513,1,-95,-95,0,-95,-95,-95,-95,-95,-95,-95,-95,-95
1514,1,0,-95,1,-95,-95,-95,-95,-95,-95,-95,-95,-95
1515,1,0,-95,1,-95,-95,-95,-95,-95,-95,-95,-95,-95
1516,1,0,-95,0,-95,-95,-95,-95,-95,-95,-95,-95,-95
1517,1,0,-95,1,-95,-95,-95,-95,-95,-95,-95,-95,-95
1518,2,0,-98,1,-95,-95,-95,-95,-95,-95,-95,-95,-95
1519,2,0,58.13,1,5,2,2,5,5,4,5,2,3
1520,2,-95,64.76,1,2,2,2,4,2,2,2,1,3
1521,2,-95,45.32,0,1,2,2,5,5,1,3,1,1
1522,2,0,67.58,0,-95,-95,-95,-95,-95,-95,-95,-95,-95
1523,1,0,-95,1,-95,-95,-95,-95,-95,-95,-95,-95,-95
1524,1,0,-95,0,-95,-95,-95,-95,-95,-95,-95,-95,-95
1525,1,0,-95,0,-95,-95,-95,-95,-95,-95,-95,-95,-95
1526,2,0,55.24,0,3,3,3,3,3,3,3,3,3
1527,2,0,66.39,0,-95,-95,-95,-95,-95,-95,-95,-95,-95
1528,1,0,-95,0,-95,-95,-95,-95,-95,-95,-95,-95,-95
1529,2,0,52.69,0,2,2,2,4,4,2,2,2,2
1530,1,0,-95,0,-95,-95,-95,-95,-95,-95,-95,-95,-95
1531,1,-95,-95,0,-95,-95,-95,-95,-95,-95,-95,-95,-95
1532,2,0,44.94,0,2,2,2,4,2,3,3,2,2
1533,2,-95,38.19,0,-95,-95,-95,-95,-95,-95,-95,-95,-95
1534,2,0,69.96,1,3,3,2,4,4,3,3,3,2
1535,2,0,68.82,1,1,2,1,4,5,2,3,2,2
1536,1,-95,-95,1,-95,-95,-95,-95,-95,-95,-95,-95,-95
1537,2,0,52.87,0,-95,-95,-95,-95,-95,-95,-95,-95,-95
1538,1,-95,-95,0,-95,-95,-95,-95,-95,-95,-95,-95,-95
1539,1,-95,-95,1,-95,-95,-95,-95,-95,-95,-95,-95,-95
1540,1,0,-95,1,-95,-95,-95,-95,-95,-95,-95,-95,-95
1541,2,-95,52.22,0,2,2,2,3,2,2,2,2,2
1542,2,0,56,1,2,4,2,4,5,2,2,1,3
1543,1,0,-95,0,-95,-95,-95,-95,-95,-95,-95,-95,-95
1544,1,0,-95,1,-95,-95,-95,-95,-95,-95,-95,-95,-95
1545,1,0,-95,0,-95,-95,-95,-95,-95,-95,-95,-95,-95
1546,2,0,-98,1,-95,-95,-95,-95,-95,-95,-95,-95,-95
1547,2,0,66.13,0,2,2,2,5,2,1,1,1,1
1548,1,-95,-95,0,-95,-95,-95,-95,-95,-95,-95,-95,-95
1549,2,0,69.92,0,3,4,2,3,5,2,3,1,1
1550,2,0,58.68,1,2,2,2,4,5,1,2,1,2
1551,2,0,57.43,1,1,1,1,5,5,1,1,1,1
1552,2,0,43.57,0,3,3,2,2,3,2,2,-98,2
1553,2,-95,-98,0,3,3,3,3,3,3,3,3,3
1554,1,0,-95,1,-95,-95,-95,-95,-95,-95,-95,-95,-95
1555,1,0,-95,1,-95,-95,-95,-95,-95,-95,-95,-95,-95
1556,1,-95,-95,1,-95,-95,-95,-95,-95,-95,-95,-95,-95
1557,1,1,-95,1,-95,-95,-95,-95,-95,-95,-95,-95,-95
1558,2,0,48.83,1,2,2,2,4,5,2,3,2,1
1559,1,0,-95,1,-95,-95,-95,-95,-95,-95,-95,-95,-95
1560,2,0,91.67,0,2,2,2,3,4,2,2,2,2
1561,1,0,-95,1,-95,-95,-95,-95,-95,-95,-95,-95,-95
1562,1,0,-95,0,-95,-95,-95,-95,-95,-95,-95,-95,-95
1563,1,-95,-95,1,-95,-95,-95,-95,-95,-95,-95,-95,-95
1564,1,0,-95,1,-95,-95,-95,-95,-95,-95,-95,-95,-95
1565,1,0,-95,1,-95,-95,-95,-95,-95,-95,-95,-95,-95
1566,2,-95,59.34,0,2,2,2,4,3,3,2,2,3
1567,1,0,-95,1,-95,-95,-95,-95,-95,-95,-95,-95,-95
1568,1,0,-95,1,-95,-95,-95,-95,-95,-95,-95,-95,-95
1569,1,0,-95,0,-95,-95,-95,-95,-95,-95,-95,-95,-95
1570,2,0,66.1,1,4,2,3,4,2,5,4,3,4
1571,1,-95,-95,1,-95,-95,-95,-95,-95,-95,-95,-95,-95
1572,2,0,49.64,1,3,4,2,2,4,1,3,3,3
1573,2,-95,66.23,0,1,1,1,5,5,1,1,1,1
1574,1,-95,-95,1,-95,-95,-95,-95,-95,-95,-95,-95,-95
1575,2,0,38.42,0,3,3,3,3,3,3,3,3,3
1576,2,0,51.36,1,1,2,1,5,5,1,1,1,1
1577,2,-95,44.11,1,4,4,5,2,4,2,2,1,2
1578,1,-95,-95,1,-95,-95,-95,-95,-95,-95,-95,-95,-95
1579,2,0,56.51,1,4,2,5,1,1,1,1,1,1
1580,2,-95,48.24,1,4,5,5,2,2,1,1,-98,1
1581,2,0,-98,0,3,3,2,4,5,1,4,1,3
1582,1,1,-95,0,-95,-95,-95,-95,-95,-95,-95,-95,-95
1583,1,0,-95,1,-95,-95,-95,-95,-95,-95,-95,-95,-95
1584,2,-95,32.75,0,4,4,3,3,3,3,3,2,2
1585,1,0,-95,0,-95,-95,-95,-95,-95,-95,-95,-95,-95
1586,2,0,42.11,0,5,3,2,2,3,3,3,3,3
1587,2,0,54.81,1,3,5,3,2,2,3,2,3,3
1588,2,-95,42.75,0,1,1,1,1,5,1,1,1,1
1589,1,-95,-95,0,-95,-95,-95,-95,-95,-95,-95,-95,-95
1590,2,0,-98,0,-95,-95,-95,-95,-95,-95,-95,-95,-95
1591,1,-95,-95,0,-95,-95,-95,-95,-95,-95,-95,-95,-95
1592,1,0,-95,1,-95,-95,-95,-95,-95,-95,-95,-95,-95
1593,1,0,-95,1,-95,-95,-95,-95,-95,-95,-95,-95,-95
1594,2,-95,-98,0,3,3,2,2,3,2,2,1,1
1595,2,0,72.66,0,-95,-95,-95,-95,-95,-95,-95,-95,-95
1596,1,0,-95,0,-95,-95,-95,-95,-95,-95,-95,-95,-95
1597,1,-95,-95,1,-95,-95,-95,-95,-95,-95,-95,-95,-95
1598,2,0,55.09,0,-95,-95,-95,-95,-95,-95,-95,-95,-95
1599,2,0,54.31,0,2,2,3,3,5,1,3,1,2
1600,1,-95,-95,0,-95,-95,-95,-95,-95,-95,-95,-95,-95
1601,1,0,-95,0,-95,-95,-95,-95,-95,-95,-95,-95,-95
1602,2,0,-98,1,2,2,2,5,5,2,2,2,2
1603,1,0,-95,1,-95,-95,-95,-95,-95,-95,-95,-95,-95
1604,1,-95,-95,1,-95,-95,-95,-95,-95,-95,-95,-95,-95
1605,1,0,-95,0,-95,-95,-95,-95,-95,-95,-95,-95,-95
1606,2,0,-98,1,2,2,2,4,4,2,3,2,2
1607,2,-95,48.16,0,2,3,2,3,3,2,2,1,2
1608,1,-95,-95,0,-95,-95,-95,-95,-95,-95,-95,-95,-95
1609,2,0,-98,0,2,2,2,2,2,2,2,2,3
1610,1,0,-95,1,-95,-95,-95,-95,-95,-95,-95,-95,-95
1611,1,0,-95,1,-95,-95,-95,-95,-95,-95,-95,-95,-95
1612,2,0,53.17,0,5,2,2,5,5,2,1,2,2
1613,1,0,-95,0,-95,-95,-95,-95,-95,-95,-95,-95,-95
1614,2,-95,36.58,0,3,2,3,3,4,3,3,3,3
1615,2,0,37,0,4,3,3,2,2,3,4,3,2
1616,1,-95,-95,0,-95,-95,-95,-95,-95,-95,-95,-95,-95
1617,2,-95,44.57,1,4,4,4,3,3,3,2,1,2
1618,2,0,67.4,1,1,2,1,5,5,3,2,1,2
1619,2,0,39.28,0,4,4,4,4,5,3,3,4,4
1620,1,0,-95,1,-95,-95,-95,-95,-95,-95,-95,-95,-95
1621,2,0,-96,0,2,2,2,4,4,2,3,2,2
1622,2,0,51.56,0,2,2,2,4,4,1,1,1,1
1623,2,-95,35.41,1,2,4,2,3,1,4,3,1,5
1624,1,1,-95,0,-95,-95,-95,-95,-95,-95,-95,-95,-95
1625,2,-95,-96,0,3,4,4,2,2,2,2,2,2
1626,2,0,74.78,0,2,1,1,5,4,1,1,1,1
1627,1,0,-95,0,-95,-95,-95,-95,-95,-95,-95,-95,-95
1628,1,-95,-95,0,-95,-95,-95,-95,-95,-95,-95,-95,-95
1629,2,0,43.5,1,3,2,2,5,5,2,2,3,3
1630,1,0,-95,1,-95,-95,-95,-95,-95,-95,-95,-95,-95
1631,1,1,-95,0,-95,-95,-95,-95,-95,-95,-95,-95,-95
1632,2,0,65.22,1,2,2,2,5,5,2,2,2,2
1633,1,1,-95,0,-95,-95,-95,-95,-95,-95,-95,-95,-95
1634,2,0,44.59,1,3,3,3,2,2,3,3,3,3
1635,1,0,-95,0,-95,-95,-95,-95,-95,-95,-95,-95,-95
1636,2,-95,52.62,0,1,2,3,4,2,1,2,4,5
1637,1,-95,-95,1,-95,-95,-95,-95,-95,-95,-95,-95,-95
1638,1,0,-95,1,-95,-95,-95,-95,-95,-95,-95,-95,-95
1639,2,0,46.18,0,2,3,2,4,5,1,2,2,2
1640,2,0,-98,1,1,1,2,4,4,2,2,2,3
1641,2,0,-96,1,2,2,2,4,4,2,2,2,2
1642,2,0,41.32,1,1,1,1,3,2,3,3,3,2
1643,2,0,71.79,1,2,2,2,3,4,4,3,2,3
1644,1,-95,-95,1,-95,-95,-95,-95,-95,-95,-95,-95,-95
1645,1,0,-95,0,-95,-95,-95,-95,-95,-95,-95,-95,-95
1646,2,-95,-98,0,2,1,1,5,4,3,2,1,2
1647,2,0,72.25,0,2,2,2,-98,4,1,3,3,2
1648,1,-95,-95,1,-95,-95,-95,-95,-95,-95,-95,-95,-95
1649,2,0,55.44,1,1,2,4,5,5,1,-96,1,1
1650,1,-95,-95,1,-95,-95,-95,-95,-95,-95,-95,-95,-95
1651,1,0,-95,1,-95,-95,-95,-95,-95,-95,-95,-95,-95
1652,1,0,-95,1,-95,-95,-95,-95,-95,-95,-95,-95,-95
1653,2,0,65.2,1,2,2,2,4,4,2,3,4,2
1654,2,1,72.25,1,2,2,1,5,5,2,2,1,3
1655,1,-95,-95,1,-95,-95,-95,-95,-95,-95,-95,-95,-95
1656,2,0,-96,1,1,1,1,5,5,1,1,1,1
1657,2,-95,-96,0,2,2,2,5,4,1,1,2,1
1658,2,0,78.7,0,2,1,2,4,4,4,3,2,3
1659,1,0,-95,1,-95,-95,-95,-95,-95,-95,-95,-95,-95
1660,2,0,63.61,1,2,3,2,4,4,2,2,3,2
1661,2,0,76.45,0,-95,-95,-95,-95,-95,-95,-95,-95,-95
1662,1,-95,-95,1,-95,-95,-95,-95,-95,-95,-95,-95,-95
1663,2,0,53.2,0,4,4,3,3,4,2,2,1,2
1664,1,-95,-95,1,-95,-95,-95,-95,-95,-95,-95,-95,-95
1665,2,0,62.48,1,2,1,2,5,5,1,3,1,3
1666,1,-95,-95,1,-95,-95,-95,-95,-95,-95,-95,-95,-95
1667,2,0,62.42,1,4,2,2,3,4,4,3,2,3
1668,2,0,75.73,0,2,2,2,4,4,1,1,2,1
1669,1,0,-95,1,-95,-95,-95,-95,-95,-95,-95,-95,-95
1670,2,-95,-98,0,2,2,3,4,4,3,4,2,2
1671,2,-95,72.94,1,2,2,2,4,4,2,3,3,2
1672,2,0,-98,0,1,1,1,1,1,1,1,1,1
1673,2,0,-98,0,1,1,1,5,5,1,1,1,1
1674,1,-95,-95,1,-95,-95,-95,-95,-95,-95,-95,-95,-95
1675,1,0,-95,1,-95,-95,-95,-95,-95,-95,-95,-95,-95
1676,1,0,-95,1,-95,-95,-95,-95,-95,-95,-95,-95,-95
1677,2,0,63.54,1,1,1,1,5,5,1,1,1,1
1678,2,-95,-96,0,4,4,2,3,4,3,2,4,5
1679,1,0,-95,1,-95,-95,-95,-95,-95,-95,-95,-95,-95
1680,1,0,-95,1,-95,-95,-95,-95,-95,-95,-95,-95,-95
1681,2,-95,-98,0,3,4,4,2,3,3,2,2,2
1682,2,0,-98,0,1,1,1,5,5,1,1,1,1
1683,1,0,-95,0,-95,-95,-95,-95,-95,-95,-95,-95,-95
1684,2,0,60.13,0,2,2,2,5,2,2,2,1,2
1685,2,0,70.41,1,2,2,2,3,4,3,2,2,2
1686,2,1,73.51,0,1,1,1,5,5,1,1,3,3
1687,1,0,-95,0,-95,-95,-95,-95,-95,-95,-95,-95,-95
1688,1,0,-95,0,-95,-95,-95,-95,-95,-95,-95,-95,-95
1689,1,-95,-95,1,-95,-95,-95,-95,-95,-95,-95,-95,-95
1690,2,-95,56.73,0,2,2,2,5,5,1,3,2,2
1691,1,0,-95,0,-95,-95,-95,-95,-95,-95,-95,-95,-95
1692,2,0,-98,1,-95,-95,-95,-95,-95,-95,-95,-95,-95
1693,2,-95,-98,1,-95,-95,-95,-95,-95,-95,-95,-95,-95
1694,2,-95,49.88,0,1,1,1,1,2,2,2,2,2
1695,2,0,49.41,0,3,2,3,2,1,2,2,1,2
1696,1,-95,-95,0,-95,-95,-95,-95,-95,-95,-95,-95,-95
1697,2,0,-98,0,2,1,4,2,3,5,3,4,2
1698,1,0,-95,1,-95,-95,-95,-95,-95,-95,-95,-95,-95
1699,1,0,-95,1,-95,-95,-95,-95,-95,-95,-95,-95,-95
1700,1,0,-95,1,-95,-95,-95,-95,-95,-95,-95,-95,-95
1701,2,0,68.36,0,2,1,2,5,4,4,2,3,3
1702,1,0,-95,1,-95,-95,-95,-95,-95,-95,-95,-95,-95
1703,1,-95,-95,1,-95,-95,-95,-95,-95,-95,-95,-95,-95
1704,1,0,-95,1,-95,-95,-95,-95,-95,-95,-95,-95,-95
1705,2,0,-98,0,1,1,1,4,5,1,1,3,1
1706,1,0,-95,1,-95,-95,-95,-95,-95,-95,-95,-95,-95
1707,1,-95,-95,0,-95,-95,-95,-95,-95,-95,-95,-95,-95
1708,2,0,-98,1,-95,-95,-95,-95,-95,-95,-95,-95,-95
1709,1,0,-95,1,-95,-95,-95,-95,-95,-95,-95,-95,-95
1710,1,0,-95,0,-95,-95,-95,-95,-95,-95,-95,-95,-95
1711,1,0,-95,1,-95,-95,-95,-95,-95,-95,-95,-95,-95
1712,1,0,-95,1,-95,-95,-95,-95,-95,-95,-95,-95,-95
1713,2,-95,55.27,1,-95,-95,-95,-95,-95,-95,-95,-95,-95
1714,2,0,50.19,1,5,1,1,5,5,-98,1,1,1
1715,1,0,-95,1,-95,-95,-95,-95,-95,-95,-95,-95,-95
1716,2,0,73.01,0,1,1,1,4,4,1,1,2,1
1717,2,0,-96,1,2,1,1,2,5,1,3,3,3
1718,1,0,-95,1,-95,-95,-95,-95,-95,-95,-95,-95,-95
1719,1,0,-95,0,-95,-95,-95,-95,-95,-95,-95,-95,-95
1720,2,-95,60.48,1,-95,-95,-95,-95,-95,-95,-95,-95,-95
1721,2,-95,-96,0,2,2,2,5,5,2,3,1,1
1722,1,0,-95,1,-95,-95,-95,-95,-95,-95,-95,-95,-95
1723,2,-95,36.86,0,1,2,2,4,5,3,3,4,2
1724,1,-95,-95,0,-95,-95,-95,-95,-95,-95,-95,-95,-95
1725,1,-95,-95,1,-95,-95,-95,-95,-95,-95,-95,-95,-95
1726,1,-95,-95,1,-95,-95,-95,-95,-95,-95,-95,-95,-95
1727,2,0,68.87,1,2,3,2,3,4,3,3,3,2
1728,1,0,-95,1,-95,-95,-95,-95,-95,-95,-95,-95,-95
1729,1,0,-95,1,-95,-95,-95,-95,-95,-95,-95,-95,-95
1730,2,0,63.75,1,4,4,4,3,3,3,3,2,3
1731,2,0,51.53,0,2,1,1,3,4,3,3,2,1
1732,1,0,-95,1,-95,-95,-95,-95,-95,-95,-95,-95,-95
1733,2,-95,-98,1,3,4,3,3,2,3,2,2,4
1734,2,0,78.1,0,2,2,2,4,4,2,2,1,1
1735,1,0,-95,0,-95,-95,-95,-95,-95,-95,-95,-95,-95
1736,1,1,-95,1,-95,-95,-95,-95,-95,-95,-95,-95,-95
1737,1,0,-95,0,-95,-95,-95,-95,-95,-95,-95,-95,-95
1738,2,0,59.63,0,2,2,2,4,4,2,2,3,2
1739,2,-95,56.86,1,2,2,2,4,5,3,3,3,3
1740,2,0,-96,1,-95,-95,-95,-95,-95,-95,-95,-95,-95
1741,2,0,40.28,1,2,4,2,4,4,1,1,1,1
1742,2,0,-98,0,2,2,2,3,2,2,1,2,2
1743,2,0,66.92,0,2,1,2,3,3,3,2,2,2
1744,1,0,-95,0,-95,-95,-95,-95,-95,-95,-95,-95,-95
1745,2,0,-96,0,3,2,2,3,1,3,3,3,3
1746,2,0,58.54,1,2,2,2,5,4,1,1,3,3
1747,1,0,-95,0,-95,-95,-95,-95,-95,-95,-95,-95,-95
1748,2,0,59.32,1,2,2,2,2,3,1,3,2,1
1749,2,-95,-96,1,3,2,3,3,4,2,1,2,3
1750,2,0,63.99,1,2,2,2,4,4,2,2,2,2
1751,1,0,-95,1,-95,-95,-95,-95,-95,-95,-95,-95,-95
1752,1,0,-95,0,-95,-95,-95,-95,-95,-95,-95,-95,-95
1753,2,-95,-98,0,-95,-95,-95,-95,-95,-95,-95,-95,-95
1754,2,0,72.03,1,5,5,5,4,2,1,1,1,1
1755,2,0,64.18,1,2,4,2,1,2,2,2,2,2
1756,2,0,-98,0,1,2,2,2,2,2,3,1,1
1757,2,-95,40.35,0,2,1,2,2,2,3,2,1,2
1758,2,0,-98,0,-95,-95,-95,-95,-95,-95,-95,-95,-95
1759,2,-95,-98,0,4,2,3,2,2,3,1,2,4
1760,2,0,63.77,1,2,2,2,4,5,2,2,3,3
1761,2,0,58.65,0,1,1,1,1,1,1,1,1,1
1762,2,0,-96,0,2,2,1,3,2,1,2,2,1
1763,1,0,-95,0,-95,-95,-95,-95,-95,-95,-95,-95,-95
1764,2,0,51.35,0,-95,-95,-95,-95,-95,-95,-95,-95,-95
1765,1,-95,-95,0,-95,-95,-95,-95,-95,-95,-95,-95,-95
1766,1,0,-95,1,-95,-95,-95,-95,-95,-95,-95,-95,-95
1767,1,0,-95,0,-95,-95,-95,-95,-95,-95,-95,-95,-95
1768,1,-95,-95,0,-95,-95,-95,-95,-95,-95,-95,-95,-95
1769,2,0,-96,1,5,4,4,2,2,3,2,2,2
1770,1,0,-95,1,-95,-95,-95,-95,-95,-95,-95,-95,-95
1771,1,-95,-95,1,-95,-95,-95,-95,-95,-95,-95,-95,-95
1772,1,0,-95,0,-95,-95,-95,-95,-95,-95,-95,-95,-95
1773,2,-95,62.93,1,4,2,1,2,5,3,3,1,3
1774,2,-95,-98,0,2,3,2,2,4,3,1,5,3
1775,2,-95,68.26,0,5,5,5,2,3,1,4,1,1
1776,2,0,41.1,0,2,3,3,2,3,2,3,1,1
1777,2,-95,47.48,0,3,2,1,2,4,5,2,1,4
1778,2,-95,50.19,0,4,2,2,3,5,3,3,2,3
1779,2,0,56.26,1,3,2,2,2,2,2,2,3,2
1780,2,0,48.46,0,-98,-98,-98,-98,-98,-98,-98,-98,-98
1781,2,0,79.07,1,1,1,1,1,3,1,1,3,1
1782,2,0,-98,1,1,1,1,3,3,2,4,3,2
1783,1,-95,-95,0,-95,-95,-95,-95,-95,-95,-95,-95,-95
1784,1,0,-95,1,-95,-95,-95,-95,-95,-95,-95,-95,-95
1785,1,0,-95,1,-95,-95,-95,-95,-95,-95,-95,-95,-95
1786,1,0,-95,0,-95,-95,-95,-95,-95,-95,-95,-95,-95
1787,1,0,-95,1,-95,-95,-95,-95,-95,-95,-95,-95,-95
1788,2,0,-98,1,-95,-95,-95,-95,-95,-95,-95,-95,-95
1789,1,-95,-95,1,-95,-95,-95,-95,-95,-95,-95,-95,-95
1790,2,-95,-98,0,-95,-95,-95,-95,-95,-95,-95,-95,-95
1791,2,-95,34.76,0,2,2,3,4,3,1,3,1,5
1792,2,1,-98,1,-95,-95,-95,-95,-95,-95,-95,-95,-95
1793,2,0,60.65,1,2,2,3,3,3,2,3,2,3
1794,2,-95,54.11,0,-95,-95,-95,-95,-95,-95,-95,-95,-95
1795,1,-95,-95,0,-95,-95,-95,-95,-95,-95,-95,-95,-95
1796,1,0,-95,1,-95,-95,-95,-95,-95,-95,-95,-95,-95
1797,2,-95,-98,0,2,3,3,4,4,2,3,2,2
1798,2,1,62.23,0,3,3,3,3,3,3,3,3,3
1799,2,0,64.75,1,2,2,2,4,4,2,2,3,2
1800,2,1,75.75,1,3,3,3,2,4,1,2,1,2
1801,1,0,-95,1,-95,-95,-95,-95,-95,-95,-95,-95,-95
1802,2,0,74.12,1,2,2,2,4,5,2,1,2,2
1803,2,0,36.64,1,2,3,2,2,1,2,2,3,2
1804,2,0,71.32,1,2,2,2,4,4,1,2,2,2
1805,1,0,-95,1,-95,-95,-95,-95,-95,-95,-95,-95,-95
1806,2,0,66.53,0,1,1,2,4,5,3,2,2,3
1807,2,0,-96,1,2,2,2,4,4,1,2,2,2
1808,2,0,-98,0,2,2,2,2,3,3,2,2,4
1809,2,0,66.86,1,2,2,2,2,2,3,2,2,2
1810,1,-95,-95,1,-95,-95,-95,-95,-95,-95,-95,-95,-95
1811,2,0,-98,1,4,3,2,3,4,3,4,3,3
1812,1,-95,-95,0,-95,-95,-95,-95,-95,-95,-95,-95,-95
1813,1,0,-95,0,-95,-95,-95,-95,-95,-95,-95,-95,-95
1814,2,0,52.26,0,4,4,4,3,4,3,2,3,4
1815,1,0,-95,0,-95,-95,-95,-95,-95,-95,-95,-95,-95
1816,1,0,-95,0,-95,-95,-95,-95,-95,-95,-95,-95,-95
1817,2,0,73.32,1,2,2,3,4,5,2,2,1,3
1818,1,-95,-95,1,-95,-95,-95,-95,-95,-95,-95,-95,-95
1819,1,0,-95,1,-95,-95,-95,-95,-95,-95,-95,-95,-95
1820,2,0,-96,0,1,2,1,4,4,2,2,2,1
1821,2,0,61.91,1,3,3,2,3,4,3,3,1,3
1822,1,0,-95,1,-95,-95,-95,-95,-95,-95,-95,-95,-95
1823,2,-95,58.42,0,1,1,1,5,5,1,1,1,1
1824,2,0,42.58,1,3,4,2,2,4,2,4,2,2
1825,1,0,-95,0,-95,-95,-95,-95,-95,-95,-95,-95,-95
1826,2,0,-98,1,3,2,2,5,5,3,2,2,3
1827,2,0,-98,1,4,3,2,4,4,5,5,5,5
1828,2,0,63.4,1,2,2,2,5,4,2,2,1,1
1829,1,0,-95,0,-95,-95,-95,-95,-95,-95,-95,-95,-95
1830,2,1,80.43,0,3,1,2,2,3,2,1,2,2
1831,2,-95,53.97,1,4,5,5,5,5,1,1,1,1
1832,2,-95,-98,1,3,3,3,3,3,3,3,3,3
1833,1,0,-95,1,-95,-95,-95,-95,-95,-95,-95,-95,-95
1834,2,0,74.01,1,1,1,2,4,4,2,2,1,1
1835,2,0,73.29,0,-95,-95,-95,-95,-95,-95,-95,-95,-95
1836,2,-95,43.79,0,4,2,2,4,4,3,-98,3,1
1837,1,-95,-95,1,-95,-95,-95,-95,-95,-95,-95,-95,-95
1838,1,0,-95,1,-95,-95,-95,-95,-95,-95,-95,-95,-95
1839,2,-95,68.31,1,1,2,2,4,4,1,1,1,2
1840,2,-95,54.61,0,2,1,1,5,5,1,1,3,1
1841,1,0,-95,1,-95,-95,-95,-95,-95,-95,-95,-95,-95
1842,1,0,-95,0,-95,-95,-95,-95,-95,-95,-95,-95,-95
1843,1,1,-95,0,-95,-95,-95,-95,-95,-95,-95,-95,-95
1844,2,0,78.01,0,1,2,2,4,4,1,2,1,1
1845,1,0,-95,0,-95,-95,-95,-95,-95,-95,-95,-95,-95
1846,2,-95,55.19,0,4,1,1,5,1,1,3,1,1
1847,1,0,-95,1,-95,-95,-95,-95,-95,-95,-95,-95,-95
1848,2,1,61.89,0,3,3,2,3,2,2,3,2,2
1849,1,0,-95,1,-95,-95,-95,-95,-95,-95,-95,-95,-95
1850,2,0,61.66,0,4,3,4,2,1,3,5,2,3
1851,1,-95,-95,1,-95,-95,-95,-95,-95,-95,-95,-95,-95
1852,1,0,-95,1,-95,-95,-95,-95,-95,-95,-95,-95,-95
1853,1,0,-95,1,-95,-95,-95,-95,-95,-95,-95,-95,-95
1854,1,0,-95,0,-95,-95,-95,-95,-95,-95,-95,-95,-95
1855,1,0,-95,1,-95,-95,-95,-95,-95,-95,-95,-95,-95
1856,2,-95,-98,0,2,2,3,1,1,1,1,1,1
1857,1,0,-95,0,-95,-95,-95,-95,-95,-95,-95,-95,-95
1858,1,0,-95,0,-95,-95,-95,-95,-95,-95,-95,-95,-95
1859,2,-95,37.35,1,1,2,3,2,3,2,3,2,1
1860,1,0,-95,1,-95,-95,-95,-95,-95,-95,-95,-95,-95
1861,2,-95,72.22,1,2,2,2,4,4,3,4,1,2
1862,1,0,-95,0,-95,-95,-95,-95,-95,-95,-95,-95,-95
1863,1,0,-95,1,-95,-95,-95,-95,-95,-95,-95,-95,-95
1864,2,0,-98,1,1,1,1,2,2,2,2,2,2
1865,2,0,37.77,0,2,2,2,5,5,2,2,2,2
1866,1,0,-95,0,-95,-95,-95,-95,-95,-95,-95,-95,-95
1867,2,-95,-98,1,-95,-95,-95,-95,-95,-95,-95,-95,-95
1868,2,0,76.84,0,3,2,2,4,4,3,3,3,3
1869,1,0,-95,0,-95,-95,-95,-95,-95,-95,-95,-95,-95
1870,1,0,-95,1,-95,-95,-95,-95,-95,-95,-95,-95,-95
1871,2,-95,-98,1,2,4,4,4,3,1,1,1,1
1872,2,0,43.12,0,-95,-95,-95,-95,-95,-95,-95,-95,-95
1873,2,0,74.33,1,2,2,2,4,3,2,2,1,2
1874,2,0,84.94,1,2,2,2,4,4,1,1,1,1
1875,1,-95,-95,0,-95,-95,-95,-95,-95,-95,-95,-95,-95
1876,2,0,39.66,1,1,1,1,5,4,1,1,3,1
1877,2,1,-98,0,1,1,1,5,5,2,1,1,1
1878,1,0,-95,1,-95,-95,-95,-95,-95,-95,-95,-95,-95
1879,2,0,70.41,1,1,1,1,5,5,2,2,2,2
1880,1,0,-95,0,-95,-95,-95,-95,-95,-95,-95,-95,-95
1881,2,0,68.34,1,2,2,2,5,5,2,2,2,2
1882,1,-95,-95,0,-95,-95,-95,-95,-95,-95,-95,-95,-95
1883,2,-95,-98,0,-95,-95,-95,-95,-95,-95,-95,-95,-95
1884,1,0,-95,1,-95,-95,-95,-95,-95,-95,-95,-95,-95
1885,2,0,48.33,1,5,2,5,2,5,3,1,3,3
1886,1,0,-95,1,-95,-95,-95,-95,-95,-95,-95,-95,-95
1887,1,0,-95,1,-95,-95,-95,-95,-95,-95,-95,-95,-95
1888,2,0,29.29,0,3,3,3,3,3,3,3,3,3
1889,2,-95,-96,0,-98,-98,-98,-98,-98,-98,-98,-98,-98
1890,2,0,37.79,0,2,3,2,2,2,3,2,3,3
1891,1,0,-95,1,-95,-95,-95,-95,-95,-95,-95,-95,-95
1892,2,-95,-98,0,2,1,2,2,2,1,3,4,1
1893,2,-95,-96,0,1,1,1,1,1,1,1,1,1
1894,1,-95,-95,0,-95,-95,-95,-95,-95,-95,-95,-95,-95
1895,2,0,54.29,1,2,4,2,2,4,2,2,2,2
1896,1,0,-95,1,-95,-95,-95,-95,-95,-95,-95,-95,-95
1897,2,1,58.33,1,4,2,2,4,4,2,2,2,2
1898,2,0,-98,0,4,1,1,5,5,2,3,1,3
1899,2,0,56.1,0,5,4,2,3,4,2,2,1,1
1900,2,0,-98,1,4,4,4,2,2,2,2,2,3
1901,2,-95,44.83,0,1,2,1,3,2,1,1,1,1
1902,2,-95,66.85,1,4,3,-96,1,5,2,3,3,3
1903,2,0,50.8,0,3,3,3,3,3,2,3,3,2
1904,2,0,64.88,1,1,1,1,2,-98,-96,1,1,1
1905,2,0,68.05,1,2,2,4,4,4,2,2,1,1
1906,1,0,-95,1,-95,-95,-95,-95,-95,-95,-95,-95,-95
1907,1,-95,-95,1,-95,-95,-95,-95,-95,-95,-95,-95,-95
1908,2,0,38.04,0,3,3,3,3,3,3,3,3,3
1909,1,0,-95,1,-95,-95,-95,-95,-95,-95,-95,-95,-95
1910,2,0,-96,0,3,2,2,4,4,2,2,2,2
1911,1,0,-95,1,-95,-95,-95,-95,-95,-95,-95,-95,-95
1912,1,0,-95,1,-95,-95,-95,-95,-95,-95,-95,-95,-95
1913,1,0,-95,0,-95,-95,-95,-95,-95,-95,-95,-95,-95
1914,1,0,-95,0,-95,-95,-95,-95,-95,-95,-95,-95,-95
1915,2,0,66.99,1,2,2,2,4,4,2,2,3,2
1916,2,0,60.91,0,1,1,1,5,5,1,1,1,1
1917,1,0,-95,1,-95,-95,-95,-95,-95,-95,-95,-95,-95
1918,2,-95,56.09,0,1,2,2,4,2,2,3,2,3
1919,2,0,64.17,0,2,2,2,5,3,2,2,2,2
1920,2,0,43.5,0,2,1,1,4,5,1,3,3,2
1921,2,0,-98,1,5,5,5,5,1,2,5,1,1
1922,1,-95,-95,0,-95,-95,-95,-95,-95,-95,-95,-95,-95
1923,1,0,-95,1,-95,-95,-95,-95,-95,-95,-95,-95,-95
1924,2,0,63.07,1,1,1,1,5,5,1,1,1,1
1925,1,0,-95,1,-95,-95,-95,-95,-95,-95,-95,-95,-95
1926,1,-95,-95,1,-95,-95,-95,-95,-95,-95,-95,-95,-95
1927,2,-95,28.65,0,1,2,3,1,4,5,4,1,3
1928,2,0,-96,0,2,2,2,4,5,1,3,2,1
1929,2,-95,43.94,0,5,1,1,3,4,3,2,4,5
1930,1,0,-95,1,-95,-95,-95,-95,-95,-95,-95,-95,-95
1931,2,0,55.29,0,2,2,2,4,4,1,2,1,1
1932,1,0,-95,0,-95,-95,-95,-95,-95,-95,-95,-95,-95
1933,2,0,47.35,0,4,3,3,3,2,-98,2,2,2
1934,1,0,-95,1,-95,-95,-95,-95,-95,-95,-95,-95,-95
1935,1,0,-95,1,-95,-95,-95,-95,-95,-95,-95,-95,-95
1936,1,0,-95,0,-95,-95,-95,-95,-95,-95,-95,-95,-95
1937,2,0,54.77,1,1,1,1,3,5,1,3,1,1
1938,1,0,-95,0,-95,-95,-95,-95,-95,-95,-95,-95,-95
1939,1,0,-95,1,-95,-95,-95,-95,-95,-95,-95,-95,-95
1940,1,0,-95,1,-95,-95,-95,-95,-95,-95,-95,-95,-95
1941,1,0,-95,0,-95,-95,-95,-95,-95,-95,-95,-95,-95
1942,2,0,54.78,1,3,4,2,3,3,1,2,2,2
1943,1,-95,-95,1,-95,-95,-95,-95,-95,-95,-95,-95,-95
1944,2,1,80.21,1,1,2,2,4,5,3,2,2,2
1945,2,-95,50.83,0,4,2,2,5,5,4,-98,-98,4
1946,2,0,-98,0,4,4,4,2,1,1,3,1,1
1947,1,0,-95,1,-95,-95,-95,-95,-95,-95,-95,-95,-95
1948,1,0,-95,0,-95,-95,-95,-95,-95,-95,-95,-95,-95
1949,1,-95,-95,0,-95,-95,-95,-95,-95,-95,-95,-95,-95
1950,2,0,38.09,0,3,4,2,3,4,3,2,3,3
1951,1,0,-95,1,-95,-95,-95,-95,-95,-95,-95,-95,-95
1952,2,0,35.86,0,4,4,5,2,2,4,5,2,2
1953,2,0,67.13,0,2,2,2,4,4,3,2,3,2
1954,2,0,59.36,1,2,2,-96,4,4,1,2,1,2
1955,2,0,63.08,1,3,3,2,4,3,4,4,3,4
1956,1,0,-95,1,-95,-95,-95,-95,-95,-95,-95,-95,-95
1957,2,0,-96,1,4,2,3,4,4,1,1,1,1
1958,2,0,34.75,0,4,4,4,4,4,4,4,4,4
1959,1,0,-95,0,-95,-95,-95,-95,-95,-95,-95,-95,-95
1960,1,-95,-95,0,-95,-95,-95,-95,-95,-95,-95,-95,-95
1961,2,-95,34.54,1,4,5,4,2,2,3,3,2,3
1962,2,-95,-96,1,1,1,1,4,4,1,1,1,1
1963,2,-95,49.55,0,2,1,1,4,5,3,3,4,3
1964,2,-95,44.56,0,-98,-98,-98,-98,-98,-98,-98,-98,-98
1965,1,0,-95,0,-95,-95,-95,-95,-95,-95,-95,-95,-95
1966,1,0,-95,0,-95,-95,-95,-95,-95,-95,-95,-95,-95
1967,2,-95,82.33,0,3,3,2,4,4,4,4,4,4
1968,1,-95,-95,1,-95,-95,-95,-95,-95,-95,-95,-95,-95
1969,1,0,-95,0,-95,-95,-95,-95,-95,-95,-95,-95,-95
1970,1,-95,-95,1,-95,-95,-95,-95,-95,-95,-95,-95,-95
1971,1,0,-95,1,-95,-95,-95,-95,-95,-95,-95,-95,-95
1972,1,0,-95,0,-95,-95,-95,-95,-95,-95,-95,-95,-95
1973,2,0,62.16,1,4,5,3,4,2,2,2,3,2
1974,2,0,-98,0,-95,-95,-95,-95,-95,-95,-95,-95,-95
1975,1,-95,-95,0,-95,-95,-95,-95,-95,-95,-95,-95,-95
1976,2,0,46.36,0,2,2,2,4,4,1,3,1,2
1977,1,-95,-95,1,-95,-95,-95,-95,-95,-95,-95,-95,-95
1978,2,0,-98,1,2,2,2,4,3,3,2,1,3
1979,1,0,-95,1,-95,-95,-95,-95,-95,-95,-95,-95,-95
1980,2,0,70.72,0,4,2,2,2,1,3,2,2,2
1981,2,0,44.35,1,5,3,2,2,4,2,3,5,2
1982,1,-95,-95,0,-95,-95,-95,-95,-95,-95,-95,-95,-95
1983,1,0,-95,0,-95,-95,-95,-95,-95,-95,-95,-95,-95
1984,1,0,-95,1,-95,-95,-95,-95,-95,-95,-95,-95,-95
1985,1,-95,-95,1,-95,-95,-95,-95,-95,-95,-95,-95,-95
1986,2,0,-96,0,4,2,2,2,2,2,2,2,2
1987,2,-95,43.18,0,1,1,1,5,5,4,2,1,1
1988,2,0,55.01,0,-95,-95,-95,-95,-95,-95,-95,-95,-95
1989,1,1,-95,1,-95,-95,-95,-95,-95,-95,-95,-95,-95
1990,1,0,-95,1,-95,-95,-95,-95,-95,-95,-95,-95,-95
1991,2,0,49.77,1,3,2,2,2,4,2,2,2,2
1992,1,-95,-95,1,-95,-95,-95,-95,-95,-95,-95,-95,-95
1993,1,0,-95,1,-95,-95,-95,-95,-95,-95,-95,-95,-95
1994,2,-95,-98,0,-95,-95,-95,-95,-95,-95,-95,-95,-95
1995,2,0,-98,1,2,2,2,5,5,2,2,3,2
1996,1,0,-95,0,-95,-95,-95,-95,-95,-95,-95,-95,-95
1997,2,0,46.18,0,2,3,1,4,4,1,1,1,1
1998,1,0,-95,0,-95,-95,-95,-95,-95,-95,-95,-95,-95
1999,2,0,54.83,0,2,2,2,1,4,2,4,4,2
2000,1,0,-95,0,-95,-95,-95,-95,-95,-95,-95,-95,-95
2001,2,-95,-98,0,4,1,2,5,5,4,4,2,2
2002,1,-95,-95,0,-95,-95,-95,-95,-95,-95,-95,-95,-95
2003,1,0,-95,0,-95,-95,-95,-95,-95,-95,-95,-95,-95
2004,2,0,70.74,1,5,1,3,3,5,2,3,3,3
2005,2,0,-98,0,-95,-95,-95,-95,-95,-95,-95,-95,-95
2006,2,0,-96,0,3,3,2,3,5,2,2,1,1
2007,2,0,-98,1,-95,-95,-95,-95,-95,-95,-95,-95,-95
2008,2,-95,69.74,1,2,2,2,4,4,3,3,2,2
2009,1,0,-95,1,-95,-95,-95,-95,-95,-95,-95,-95,-95
2010,2,-95,71.99,0,3,3,3,3,3,3,3,3,3
2011,2,0,-96,0,1,2,2,5,4,2,2,2,2
2012,1,-95,-95,0,-95,-95,-95,-95,-95,-95,-95,-95,-95
2013,1,0,-95,1,-95,-95,-95,-95,-95,-95,-95,-95,-95
2014,2,0,73.46,1,2,3,2,4,5,4,2,3,3
2015,1,0,-95,0,-95,-95,-95,-95,-95,-95,-95,-95,-95
2016,2,0,55.95,1,2,2,4,3,4,3,3,3,3
2017,2,0,-98,1,1,3,2,1,2,3,4,2,3
2018,1,0,-95,0,-95,-95,-95,-95,-95,-95,-95,-95,-95
2019,2,-95,42.28,0,1,1,1,4,2,1,1,1,1
2020,2,0,-98,0,-95,-95,-95,-95,-95,-95,-95,-95,-95
2021,2,0,69.71,1,1,1,1,5,5,1,1,1,1
2022,1,0,-95,0,-95,-95,-95,-95,-95,-95,-95,-95,-95
2023,2,0,57.1,1,1,1,1,5,5,1,1,1,1
2024,1,0,-95,0,-95,-95,-95,-95,-95,-95,-95,-95,-95
2025,1,0,-95,0,-95,-95,-95,-95,-95,-95,-95,-95,-95
2026,1,0,-95,1,-95,-95,-95,-95,-95,-95,-95,-95,-95
2027,1,0,-95,1,-95,-95,-95,-95,-95,-95,-95,-95,-95
2028,1,1,-95,1,-95,-95,-95,-95,-95,-95,-95,-95,-95
2029,2,0,37,1,3,2,2,4,4,2,3,5,2
2030,1,0,-95,1,-95,-95,-95,-95,-95,-95,-95,-95,-95
2031,1,-95,-95,1,-95,-95,-95,-95,-95,-95,-95,-95,-95
2032,2,0,47.24,1,2,2,2,3,4,3,2,2,2
2033,1,0,-95,0,-95,-95,-95,-95,-95,-95,-95,-95,-95
2034,2,0,53.49,0,-95,-95,-95,-95,-95,-95,-95,-95,-95
2035,1,0,-95,0,-95,-95,-95,-95,-95,-95,-95,-95,-95
2036,1,-95,-95,0,-95,-95,-95,-95,-95,-95,-95,-95,-95
2037,1,0,-95,0,-95,-95,-95,-95,-95,-95,-95,-95,-95
2038,1,0,-95,0,-95,-95,-95,-95,-95,-95,-95,-95,-95
2039,1,0,-95,0,-95,-95,-95,-95,-95,-95,-95,-95,-95
2040,1,-95,-95,1,-95,-95,-95,-95,-95,-95,-95,-95,-95
2041,2,0,59.9,0,1,1,2,4,4,2,2,1,2
2042,2,0,-98,1,-95,-95,-95,-95,-95,-95,-95,-95,-95
2043,1,0,-95,1,-95,-95,-95,-95,-95,-95,-95,-95,-95
2044,2,0,-98,1,2,2,2,2,1,2,2,2,2
2045,2,1,64.92,0,2,2,2,4,5,1,1,1,1
2046,1,0,-95,0,-95,-95,-95,-95,-95,-95,-95,-95,-95
2047,1,0,-95,1,-95,-95,-95,-95,-95,-95,-95,-95,-95
2048,2,-95,-98,1,3,4,2,4,4,2,-98,2,3
2049,2,-95,-98,1,-95,-95,-95,-95,-95,-95,-95,-95,-95
2050,1,0,-95,0,-95,-95,-95,-95,-95,-95,-95,-95,-95
2051,2,-95,62.78,1,1,1,1,4,4,1,1,1,1
2052,2,0,80.91,0,1,2,2,4,4,2,1,2,1
2053,2,0,45.47,0,2,2,2,4,4,2,2,2,2
2054,1,0,-95,0,-95,-95,-95,-95,-95,-95,-95,-95,-95
2055,1,0,-95,0,-95,-95,-95,-95,-95,-95,-95,-95,-95
2056,1,-95,-95,1,-95,-95,-95,-95,-95,-95,-95,-95,-95
2057,1,0,-95,0,-95,-95,-95,-95,-95,-95,-95,-95,-95
2058,2,-95,61.53,0,2,2,2,4,4,2,2,2,2
2059,1,0,-95,1,-95,-95,-95,-95,-95,-95,-95,-95,-95
2060,2,0,32.15,0,4,2,5,2,2,3,4,2,3
2061,1,0,-95,1,-95,-95,-95,-95,-95,-95,-95,-95,-95
2062,2,0,56.6,0,3,2,2,2,4,2,2,2,3
2063,2,-95,49.24,1,2,2,2,3,1,1,2,1,1
2064,1,0,-95,1,-95,-95,-95,-95,-95,-95,-95,-95,-95
2065,1,-95,-95,1,-95,-95,-95,-95,-95,-95,-95,-95,-95
2066,2,0,68.43,1,2,1,1,5,5,1,1,2,1
2067,1,-95,-95,1,-95,-95,-95,-95,-95,-95,-95,-95,-95
2068,2,0,-96,0,3,3,2,3,4,2,3,3,3
2069,1,-95,-95,0,-95,-95,-95,-95,-95,-95,-95,-95,-95
2070,2,0,-98,1,2,2,2,5,5,2,2,2,2
2071,1,-95,-95,0,-95,-95,-95,-95,-95,-95,-95,-95,-95
2072,2,-95,44.7,0,2,2,2,2,2,2,2,2,2
2073,1,0,-95,1,-95,-95,-95,-95,-95,-95,-95,-95,-95
2074,2,0,51.17,1,2,3,4,4,4,-98,2,1,2
2075,2,0,55.53,0,2,1,1,4,2,2,2,2,2
2076,2,-95,66.38,1,4,3,2,2,3,2,1,2,3
2077,2,-95,-96,0,4,4,2,4,4,3,2,2,2
2078,2,0,67.24,0,1,1,4,5,5,2,2,1,2
2079,1,0,-95,1,-95,-95,-95,-95,-95,-95,-95,-95,-95
2080,1,1,-95,1,-95,-95,-95,-95,-95,-95,-95,-95,-95
2081,2,0,-96,0,2,2,2,2,3,2,1,2,1
2082,1,0,-95,0,-95,-95,-95,-95,-95,-95,-95,-95,-95
2083,1,0,-95,0,-95,-95,-95,-95,-95,-95,-95,-95,-95
2084,1,0,-95,1,-95,-95,-95,-95,-95,-95,-95,-95,-95
2085,2,0,-98,1,2,1,2,4,2,3,3,3,3
2086,2,0,39.17,0,4,2,2,2,4,2,2,1,1
2087,2,-95,63.61,1,2,2,3,2,4,1,2,1,1
2088,2,0,34.75,0,2,4,4,2,3,3,5,1,1
2089,2,0,51.5,0,1,1,1,5,5,3,3,4,1
2090,2,-95,38.17,0,2,3,3,3,3,3,3,3,3
2091,1,0,-95,1,-95,-95,-95,-95,-95,-95,-95,-95,-95
2092,1,-95,-95,0,-95,-95,-95,-95,-95,-95,-95,-95,-95
2093,2,1,-98,0,1,1,1,4,5,2,1,2,2
2094,2,0,55.13,0,3,3,3,3,3,3,3,3,3
2095,2,0,54.49,0,2,3,3,3,3,3,2,3,2
2096,2,0,65.09,0,3,3,3,2,3,2,4,1,2
2097,2,-95,-98,0,-95,-95,-95,-95,-95,-95,-95,-95,-95
2098,2,0,76.24,1,2,3,2,5,5,3,2,2,3
2099,2,0,86.37,0,2,1,2,5,5,2,2,2,2
2100,1,1,-95,0,-95,-95,-95,-95,-95,-95,-95,-95,-95
2101,1,0,-95,1,-95,-95,-95,-95,-95,-95,-95,-95,-95
2102,1,0,-95,0,-95,-95,-95,-95,-95,-95,-95,-95,-95
2103,1,-95,-95,0,-95,-95,-95,-95,-95,-95,-95,-95,-95
2104,1,-95,-95,0,-95,-95,-95,-95,-95,-95,-95,-95,-95
2105,1,0,-95,1,-95,-95,-95,-95,-95,-95,-95,-95,-95
2106,2,0,66.72,1,2,2,2,4,4,1,1,1,1
2107,1,0,-95,1,-95,-95,-95,-95,-95,-95,-95,-95,-95
2108,1,0,-95,1,-95,-95,-95,-95,-95,-95,-95,-95,-95
2109,2,-95,42.38,0,3,3,3,3,4,2,4,2,2
2110,1,0,-95,1,-95,-95,-95,-95,-95,-95,-95,-95,-95
2111,2,0,52.12,1,2,3,4,4,4,2,3,3,2
2112,1,-95,-95,0,-95,-95,-95,-95,-95,-95,-95,-95,-95
2113,2,0,42.11,1,4,4,4,1,3,2,2,1,2
2114,1,0,-95,1,-95,-95,-95,-95,-95,-95,-95,-95,-95
2115,1,-95,-95,1,-95,-95,-95,-95,-95,-95,-95,-95,-95
2116,2,-95,58.55,1,2,2,2,4,4,2,2,1,1
2117,2,0,62.99,0,3,3,3,3,3,3,3,3,3
2118,2,0,68.44,0,5,2,4,2,4,4,3,4,4
2119,1,0,-95,1,-95,-95,-95,-95,-95,-95,-95,-95,-95
2120,1,-95,-95,0,-95,-95,-95,-95,-95,-95,-95,-95,-95
2121,1,-95,-95,1,-95,-95,-95,-95,-95,-95,-95,-95,-95
2122,1,-95,-95,1,-95,-95,-95,-95,-95,-95,-95,-95,-95
2123,2,0,80.73,0,2,3,2,2,5,2,2,2,2
2124,1,-95,-95,0,-95,-95,-95,-95,-95,-95,-95,-95,-95
2125,2,-95,-98,1,-95,-95,-95,-95,-95,-95,-95,-95,-95
2126,2,0,61.99,1,2,2,2,4,4,2,2,2,2
2127,2,-95,57.82,1,2,2,1,5,5,2,3,1,1
2128,2,-95,-98,0,1,2,1,4,4,1,2,1,3
2129,1,1,-95,0,-95,-95,-95,-95,-95,-95,-95,-95,-95
2130,2,-95,-98,0,-95,-95,-95,-95,-95,-95,-95,-95,-95
2131,2,0,37.71,0,2,2,2,2,2,2,2,2,2
2132,2,0,32.96,1,-96,1,2,2,1,1,1,1,2
2133,2,-95,-96,0,1,1,1,2,5,1,1,1,1
2134,1,-95,-95,1,-95,-95,-95,-95,-95,-95,-95,-95,-95
2135,2,-95,-98,1,2,2,2,2,4,3,2,1,1
2136,2,-95,44,0,3,3,2,3,2,1,1,3,2
2137,2,0,67.33,0,1,1,1,4,3,3,4,2,5
2138,1,0,-95,0,-95,-95,-95,-95,-95,-95,-95,-95,-95
2139,1,0,-95,1,-95,-95,-95,-95,-95,-95,-95,-95,-95
2140,1,0,-95,1,-95,-95,-95,-95,-95,-95,-95,-95,-95
2141,2,1,72.39,0,2,2,2,4,4,2,1,2,1
2142,2,0,-98,1,2,2,2,3,4,2,2,1,1
2143,1,-95,-95,1,-95,-95,-95,-95,-95,-95,-95,-95,-95
2144,2,0,90.18,0,1,1,1,4,4,1,1,1,1
2145,1,0,-95,1,-95,-95,-95,-95,-95,-95,-95,-95,-95
2146,2,-95,-98,0,-95,-95,-95,-95,-95,-95,-95,-95,-95
2147,1,0,-95,1,-95,-95,-95,-95,-95,-95,-95,-95,-95
2148,1,-95,-95,0,-95,-95,-95,-95,-95,-95,-95,-95,-95
2149,2,0,49.78,1,2,2,2,4,3,2,2,1,2
2150,2,-95,43.16,0,1,1,1,1,1,1,1,1,1
2151,2,0,77.12,0,-95,-95,-95,-95,-95,-95,-95,-95,-95
2152,1,0,-95,1,-95,-95,-95,-95,-95,-95,-95,-95,-95
2153,1,-95,-95,1,-95,-95,-95,-95,-95,-95,-95,-95,-95
2154,1,0,-95,0,-95,-95,-95,-95,-95,-95,-95,-95,-95
2155,2,-95,-98,0,1,3,5,4,3,1,2,4,3
2156,1,1,-95,0,-95,-95,-95,-95,-95,-95,-95,-95,-95
2157,2,0,60.65,1,2,2,2,4,4,1,1,2,2
2158,2,-99,59.04,0,3,2,3,4,4,2,4,3,2
2159,1,0,-95,0,-95,-95,-95,-95,-95,-95,-95,-95,-95
2160,1,0,-95,1,-95,-95,-95,-95,-95,-95,-95,-95,-95
2161,1,0,-95,0,-95,-95,-95,-95,-95,-95,-95,-95,-95
2162,2,0,65.41,0,2,2,1,4,5,2,2,1,2
2163,1,0,-95,1,-95,-95,-95,-95,-95,-95,-95,-95,-95
2164,2,0,42.07,1,2,3,2,2,4,2,2,3,2
2165,1,0,-95,1,-95,-95,-95,-95,-95,-95,-95,-95,-95
2166,1,0,-95,0,-95,-95,-95,-95,-95,-95,-95,-95,-95
2167,2,0,59.45,1,2,2,2,4,4,2,2,2,2
2168,2,0,51.86,1,1,1,1,1,1,1,1,1,1
2169,2,-95,56.46,0,2,2,2,4,4,2,2,2,3
2170,1,-95,-95,0,-95,-95,-95,-95,-95,-95,-95,-95,-95
2171,1,0,-95,0,-95,-95,-95,-95,-95,-95,-95,-95,-95
2172,1,-95,-95,1,-95,-95,-95,-95,-95,-95,-95,-95,-95
2173,1,0,-95,0,-95,-95,-95,-95,-95,-95,-95,-95,-95
2174,2,0,51.49,0,5,5,5,5,5,5,5,5,5
2175,2,0,39.26,0,2,2,2,-98,2,5,5,5,5
2176,2,1,-98,1,-95,-95,-95,-95,-95,-95,-95,-95,-95
2177,1,0,-95,0,-95,-95,-95,-95,-95,-95,-95,-95,-95
2178,1,0,-95,1,-95,-95,-95,-95,-95,-95,-95,-95,-95
2179,2,-95,36.26,0,2,3,1,2,2,1,1,1,1
2180,1,-95,-95,0,-95,-95,-95,-95,-95,-95,-95,-95,-95
2181,1,-95,-95,0,-95,-95,-95,-95,-95,-95,-95,-95,-95
2182,2,1,71.13,0,2,2,2,5,4,2,2,1,1
2183,2,0,-96,0,1,1,1,2,2,1,1,1,1
2184,1,-95,-95,0,-95,-95,-95,-95,-95,-95,-95,-95,-95
2185,2,0,74.34,0,4,2,2,5,5,1,2,1,4
2186,1,0,-95,1,-95,-95,-95,-95,-95,-95,-95,-95,-95
2187,2,0,53.15,0,5,4,3,1,4,1,3,1,1
2188,2,0,43.89,1,1,1,1,2,2,1,1,1,2
2189,2,0,72.92,1,1,1,1,4,4,2,2,1,1
2190,1,0,-95,1,-95,-95,-95,-95,-95,-95,-95,-95,-95
2191,2,0,-98,1,3,3,3,3,3,3,3,3,3
2192,2,0,84.63,0,1,1,1,5,4,2,1,1,1
2193,1,0,-95,0,-95,-95,-95,-95,-95,-95,-95,-95,-95
2194,2,-95,57.42,1,2,2,2,4,4,2,2,1,1
2195,2,-95,26.6,0,1,3,2,1,1,1,3,1,1
2196,2,-95,51.34,0,1,1,1,4,4,4,1,1,1
2197,1,0,-95,0,-95,-95,-95,-95,-95,-95,-95,-95,-95
2198,2,0,67.37,0,2,1,2,4,4,1,1,1,1
2199,2,0,70.04,1,2,3,2,3,3,3,2,3,3
2200,2,-95,29.84,1,3,3,3,3,3,3,3,3,3
2201,1,0,-95,1,-95,-95,-95,-95,-95,-95,-95,-95,-95
2202,1,0,-95,0,-95,-95,-95,-95,-95,-95,-95,-95,-95
2203,2,-95,52.78,0,2,1,2,2,3,1,2,1,1
2204,2,0,-98,1,4,5,4,1,2,3,3,4,4
2205,1,0,-95,1,-95,-95,-95,-95,-95,-95,-95,-95,-95
2206,1,-95,-95,0,-95,-95,-95,-95,-95,-95,-95,-95,-95
2207,2,-95,72.91,0,4,3,4,4,5,3,4,3,3
2208,1,0,-95,1,-95,-95,-95,-95,-95,-95,-95,-95,-95
2209,2,0,64.69,1,4,3,2,2,2,2,2,1,1
2210,1,-95,-95,0,-95,-95,-95,-95,-95,-95,-95,-95,-95
2211,1,0,-95,1,-95,-95,-95,-95,-95,-95,-95,-95,-95
2212,2,0,-98,0,-95,-95,-95,-95,-95,-95,-95,-95,-95
2213,1,0,-95,0,-95,-95,-95,-95,-95,-95,-95,-95,-95
2214,1,-95,-95,1,-95,-95,-95,-95,-95,-95,-95,-95,-95
2215,1,1,-95,0,-95,-95,-95,-95,-95,-95,-95,-95,-95
2216,1,0,-95,1,-95,-95,-95,-95,-95,-95,-95,-95,-95
2217,1,0,-95,1,-95,-95,-95,-95,-95,-95,-95,-95,-95
2218,1,-95,-95,0,-95,-95,-95,-95,-95,-95,-95,-95,-95
2219,1,-95,-95,1,-95,-95,-95,-95,-95,-95,-95,-95,-95
2220,1,0,-95,0,-95,-95,-95,-95,-95,-95,-95,-95,-95
2221,2,0,-98,1,-95,-95,-95,-95,-95,-95,-95,-95,-95
2222,1,0,-95,1,-95,-95,-95,-95,-95,-95,-95,-95,-95
2223,1,0,-95,1,-95,-95,-95,-95,-95,-95,-95,-95,-95
2224,2,0,-98,0,1,2,3,5,4,3,2,1,2
2225,1,0,-95,0,-95,-95,-95,-95,-95,-95,-95,-95,-95
2226,2,0,-98,1,2,2,1,4,4,2,2,2,2
2227,2,-95,51.78,0,1,2,2,3,5,1,2,1,1
2228,2,0,43.65,0,2,2,2,3,3,2,3,3,3
2229,2,-95,38.43,1,3,4,2,2,4,2,3,2,2
2230,2,1,78.33,0,2,2,2,3,3,2,2,2,2
2231,1,0,-95,1,-95,-95,-95,-95,-95,-95,-95,-95,-95
2232,2,0,59.61,1,4,5,5,5,3,1,4,1,1
2233,2,0,73.92,0,3,2,2,3,4,3,3,2,2
2234,2,1,73.72,0,2,2,2,5,5,1,1,1,1
2235,2,0,91.57,0,1,1,1,5,5,1,1,2,1
2236,2,0,44.38,1,-95,-95,-95,-95,-95,-95,-95,-95,-95
2237,1,1,-95,1,-95,-95,-95,-95,-95,-95,-95,-95,-95
2238,1,0,-95,1,-95,-95,-95,-95,-95,-95,-95,-95,-95
2239,2,0,60.45,0,2,4,4,3,2,3,5,4,2
2240,1,0,-95,1,-95,-95,-95,-95,-95,-95,-95,-95,-95
2241,1,0,-95,0,-95,-95,-95,-95,-95,-95,-95,-95,-95
2242,1,0,-95,1,-95,-95,-95,-95,-95,-95,-95,-95,-95
2243,2,0,76.41,0,1,1,1,2,5,2,1,1,1
2244,2,0,57.31,1,4,4,2,1,4,2,3,1,1
2245,2,0,78.71,1,1,1,2,4,5,2,1,2,3
2246,2,0,-98,1,-95,-95,-95,-95,-95,-95,-95,-95,-95
2247,2,-95,44.08,0,3,3,2,3,3,4,2,5,3
2248,1,0,-95,1,-95,-95,-95,-95,-95,-95,-95,-95,-95
2249,1,0,-95,0,-95,-95,-95,-95,-95,-95,-95,-95,-95
2250,2,1,84.05,1,1,2,2,4,4,2,2,2,2
2251,1,0,-95,1,-95,-95,-95,-95,-95,-95,-95,-95,-95
2252,1,0,-95,0,-95,-95,-95,-95,-95,-95,-95,-95,-95
2253,1,0,-95,0,-95,-95,-95,-95,-95,-95,-95,-95,-95
2254,2,0,45.95,0,4,2,2,4,4,5,5,3,4
2255,1,0,-95,0,-95,-95,-95,-95,-95,-95,-95,-95,-95
2256,1,0,-95,1,-95,-95,-95,-95,-95,-95,-95,-95,-95
2257,2,0,-98,0,-95,-95,-95,-95,-95,-95,-95,-95,-95
2258,1,0,-95,1,-95,-95,-95,-95,-95,-95,-95,-95,-95
2259,1,0,-95,1,-95,-95,-95,-95,-95,-95,-95,-95,-95
2260,1,-95,-95,1,-95,-95,-95,-95,-95,-95,-95,-95,-95
2261,2,0,71.62,0,2,2,2,4,4,2,2,1,2
2262,1,0,-95,1,-95,-95,-95,-95,-95,-95,-95,-95,-95
2263,1,0,-95,0,-95,-95,-95,-95,-95,-95,-95,-95,-95
2264,1,0,-95,0,-95,-95,-95,-95,-95,-95,-95,-95,-95
2265,2,-95,50.91,1,3,4,2,4,3,1,3,3,2
2266,2,0,62.74,0,-95,-95,-95,-95,-95,-95,-95,-95,-95
2267,1,0,-95,1,-95,-95,-95,-95,-95,-95,-95,-95,-95
2268,2,0,52.69,1,1,1,1,3,4,2,2,3,2
2269,1,-95,-95,1,-95,-95,-95,-95,-95,-95,-95,-95,-95
2270,1,0,-95,1,-95,-95,-95,-95,-95,-95,-95,-95,-95
2271,1,1,-95,0,-95,-95,-95,-95,-95,-95,-95,-95,-95
2272,2,0,63.7,1,4,5,2,3,3,1,1,1,1
2273,1,0,-95,1,-95,-95,-95,-95,-95,-95,-95,-95,-95
2274,2,0,45.32,1,3,3,2,3,4,2,3,2,3
2275,1,0,-95,0,-95,-95,-95,-95,-95,-95,-95,-95,-95
2276,1,-95,-95,0,-95,-95,-95,-95,-95,-95,-95,-95,-95
2277,1,0,-95,0,-95,-95,-95,-95,-95,-95,-95,-95,-95
2278,2,0,54.32,1,2,2,2,1,4,2,2,1,1
2279,2,-95,-96,0,1,2,2,1,2,1,1,1,3
2280,2,-95,61.75,0,2,3,2,4,4,2,2,2,2
2281,2,0,45.32,0,5,5,3,-98,4,2,3,4,3
2282,1,0,-95,1,-95,-95,-95,-95,-95,-95,-95,-95,-95
2283,1,0,-95,0,-95,-95,-95,-95,-95,-95,-95,-95,-95
2284,1,1,-95,1,-95,-95,-95,-95,-95,-95,-95,-95,-95
2285,1,0,-95,1,-95,-95,-95,-95,-95,-95,-95,-95,-95
2286,2,-95,-96,0,2,2,2,4,4,2,2,2,2
2287,2,0,-98,1,3,3,2,1,1,4,2,1,-98
2288,2,0,-98,0,-95,-95,-95,-95,-95,-95,-95,-95,-95
2289,1,0,-95,0,-95,-95,-95,-95,-95,-95,-95,-95,-95
2290,1,0,-95,0,-95,-95,-95,-95,-95,-95,-95,-95,-95
2291,1,0,-95,0,-95,-95,-95,-95,-95,-95,-95,-95,-95
2292,2,0,40.47,1,4,5,3,2,1,1,2,2,1
2293,2,-95,71.6,0,2,2,1,3,4,2,3,2,2
2294,2,0,72.32,1,3,2,2,4,3,1,2,2,2
2295,2,0,-98,0,-95,-95,-95,-95,-95,-95,-95,-95,-95
2296,2,-95,66.7,0,2,2,3,4,2,2,1,2,2
2297,1,0,-95,0,-95,-95,-95,-95,-95,-95,-95,-95,-95
2298,1,0,-95,1,-95,-95,-95,-95,-95,-95,-95,-95,-95
2299,2,0,63.33,1,2,2,2,3,4,2,2,2,2
2300,1,0,-95,0,-95,-95,-95,-95,-95,-95,-95,-95,-95
2301,2,0,75.07,1,2,2,2,5,5,2,2,2,2
2302,1,-95,-95,1,-95,-95,-95,-95,-95,-95,-95,-95,-95
2303,2,0,76.56,0,1,1,1,5,4,2,2,2,1
2304,1,0,-95,1,-95,-95,-95,-95,-95,-95,-95,-95,-95
2305,2,1,-98,0,1,1,1,5,4,1,1,1,1
2306,2,0,50.79,0,1,1,1,1,3,1,1,1,1
2307,1,0,-95,1,-95,-95,-95,-95,-95,-95,-95,-95,-95
2308,2,0,59.39,1,-98,-98,-98,-98,-98,-98,-98,-98,-98
2309,1,0,-95,0,-95,-95,-95,-95,-95,-95,-95,-95,-95
2310,2,0,48,1,4,2,2,4,4,2,2,2,2
2311,2,-95,-98,0,-95,-95,-95,-95,-95,-95,-95,-95,-95
2312,2,0,-96,1,4,2,2,-98,4,3,2,4,4
2313,2,0,72.7,1,2,1,1,5,5,2,3,2,1
2314,1,0,-95,1,-95,-95,-95,-95,-95,-95,-95,-95,-95
2315,1,-95,-95,0,-95,-95,-95,-95,-95,-95,-95,-95,-95
2316,2,0,61.55,0,2,1,5,-98,5,1,1,1,1
2317,2,0,55.52,1,2,2,2,5,5,3,2,2,2
2318,2,-95,-98,0,-95,-95,-95,-95,-95,-95,-95,-95,-95
2319,2,0,-98,0,-95,-95,-95,-95,-95,-95,-95,-95,-95
2320,1,0,-95,0,-95,-95,-95,-95,-95,-95,-95,-95,-95
2321,2,0,52.96,1,2,4,3,2,4,3,4,2,3
2322,2,0,47.59,0,3,2,2,4,4,2,4,2,2
2323,2,0,42.9,1,2,2,2,2,2,3,3,2,3
2324,1,-95,-95,0,-95,-95,-95,-95,-95,-95,-95,-95,-95
2325,2,0,54.44,1,2,2,2,4,5,1,2,1,1
2326,2,0,57.43,0,1,1,1,5,5,1,1,1,1
2327,1,1,-95,1,-95,-95,-95,-95,-95,-95,-95,-95,-95
2328,1,-95,-95,0,-95,-95,-95,-95,-95,-95,-95,-95,-95
2329,2,0,48.19,1,2,3,2,4,2,4,2,1,1
2330,2,-95,48.1,0,2,4,3,2,2,2,1,1,2
2331,1,0,-95,0,-95,-95,-95,-95,-95,-95,-95,-95,-95
2332,2,0,39.08,1,4,4,4,2,3,4,4,3,3
2333,2,0,56.65,0,1,1,2,2,3,2,4,1,2
2334,1,0,-95,1,-95,-95,-95,-95,-95,-95,-95,-95,-95
2335,2,0,61.99,0,2,2,2,4,4,2,2,2,2
2336,1,0,-95,0,-95,-95,-95,-95,-95,-95,-95,-95,-95
2337,2,0,68.99,0,5,5,5,5,1,5,5,5,5
2338,2,0,77.85,1,2,2,2,3,3,2,2,3,2
2339,2,0,59.91,1,2,3,3,4,4,3,3,2,2
2340,2,-95,47.52,0,3,4,3,3,2,2,3,1,2
2341,2,0,60.52,1,3,2,2,3,2,5,2,3,2
2342,1,0,-95,0,-95,-95,-95,-95,-95,-95,-95,-95,-95
2343,1,0,-95,1,-95,-95,-95,-95,-95,-95,-95,-95,-95
2344,1,0,-95,1,-95,-95,-95,-95,-95,-95,-95,-95,-95
2345,2,0,57.28,1,4,4,2,2,4,3,3,3,2
2346,1,1,-95,1,-95,-95,-95,-95,-95,-95,-95,-95,-95
2347,1,0,-95,0,-95,-95,-95,-95,-95,-95,-95,-95,-95
2348,2,-95,-98,0,5,5,5,5,5,5,5,5,5
2349,1,0,-95,0,-95,-95,-95,-95,-95,-95,-95,-95,-95
2350,2,0,60.23,1,2,2,2,2,5,4,5,3,3
2351,1,1,-95,0,-95,-95,-95,-95,-95,-95,-95,-95,-95
2352,2,0,75.21,1,-95,-95,-95,-95,-95,-95,-95,-95,-95
2353,1,0,-95,1,-95,-95,-95,-95,-95,-95,-95,-95,-95
2354,1,-95,-95,1,-95,-95,-95,-95,-95,-95,-95,-95,-95
2355,1,-95,-95,1,-95,-95,-95,-95,-95,-95,-95,-95,-95
2356,2,0,57.86,1,4,2,2,5,5,3,3,3,4
2357,1,0,-95,0,-95,-95,-95,-95,-95,-95,-95,-95,-95
2358,1,-95,-95,0,-95,-95,-95,-95,-95,-95,-95,-95,-95
2359,1,0,-95,1,-95,-95,-95,-95,-95,-95,-95,-95,-95
2360,1,0,-95,1,-95,-95,-95,-95,-95,-95,-95,-95,-95
2361,2,0,-96,1,1,1,1,5,5,5,5,1,1
2362,2,0,-98,0,2,2,2,5,5,1,1,2,1
2363,2,0,72.24,0,2,1,1,5,4,2,2,1,1
2364,1,0,-95,1,-95,-95,-95,-95,-95,-95,-95,-95,-95
2365,2,0,72.33,1,2,1,1,5,5,1,1,1,1
2366,1,0,-95,1,-95,-95,-95,-95,-95,-95,-95,-95,-95
2367,1,0,-95,0,-95,-95,-95,-95,-95,-95,-95,-95,-95
2368,1,-95,-95,0,-95,-95,-95,-95,-95,-95,-95,-95,-95
2369,1,0,-95,1,-95,-95,-95,-95,-95,-95,-95,-95,-95
2370,2,0,57.27,1,-96,4,4,2,4,3,3,3,3
2371,1,-95,-95,0,-95,-95,-95,-95,-95,-95,-95,-95,-95
2372,1,1,-95,1,-95,-95,-95,-95,-95,-95,-95,-95,-95
2373,1,0,-95,1,-95,-95,-95,-95,-95,-95,-95,-95,-95
2374,1,0,-95,1,-95,-95,-95,-95,-95,-95,-95,-95,-95
2375,1,-95,-95,0,-95,-95,-95,-95,-95,-95,-95,-95,-95
2376,2,-95,70.39,0,1,1,1,4,5,2,3,2,3
2377,1,-95,-95,0,-95,-95,-95,-95,-95,-95,-95,-95,-95
2378,1,0,-95,1,-95,-95,-95,-95,-95,-95,-95,-95,-95
2379,2,0,43.26,0,2,2,3,4,4,2,2,2,2
2380,1,0,-95,1,-95,-95,-95,-95,-95,-95,-95,-95,-95
2381,2,0,55.39,0,2,2,2,4,5,2,1,1,1
2382,2,-95,-98,0,4,4,5,4,3,4,2,2,3
2383,1,0,-95,0,-95,-95,-95,-95,-95,-95,-95,-95,-95
2384,2,0,57.25,1,1,1,1,4,4,1,4,1,1
2385,1,0,-95,1,-95,-95,-95,-95,-95,-95,-95,-95,-95
2386,2,0,61.28,1,-95,-95,-95,-95,-95,-95,-95,-95,-95
2387,2,0,73.67,0,-95,-95,-95,-95,-95,-95,-95,-95,-95
2388,2,0,-96,0,1,2,2,4,4,1,3,1,1
2389,1,0,-95,0,-95,-95,-95,-95,-95,-95,-95,-95,-95
2390,2,0,56.28,0,2,3,2,4,4,2,2,1,2
2391,2,0,55.77,1,2,2,2,4,3,2,3,2,2
2392,1,0,-95,1,-95,-95,-95,-95,-95,-95,-95,-95,-95
2393,1,1,-95,0,-95,-95,-95,-95,-95,-95,-95,-95,-95
2394,2,0,63.23,0,4,4,2,2,4,2,4,2,2
2395,1,0,-95,1,-95,-95,-95,-95,-95,-95,-95,-95,-95
2396,2,0,-98,0,3,3,2,2,4,4,4,1,1
2397,1,0,-95,0,-95,-95,-95,-95,-95,-95,-95,-95,-95
2398,1,0,-95,0,-95,-95,-95,-95,-95,-95,-95,-95,-95
2399,1,0,-95,1,-95,-95,-95,-95,-95,-95,-95,-95,-95
2400,2,0,57.12,1,4,3,2,3,4,3,3,3,3
2401,2,0,50.61,1,2,1,1,4,4,2,3,1,1
2402,1,0,-95,0,-95,-95,-95,-95,-95,-95,-95,-95,-95
2403,2,0,65.2,1,2,2,2,3,4,2,3,3,2
2404,2,-95,52.7,1,4,2,2,5,4,2,2,2,2
2405,2,-95,66.77,0,2,2,2,4,4,2,2,2,1
2406,1,0,-95,1,-95,-95,-95,-95,-95,-95,-95,-95,-95
2407,2,0,-98,1,2,2,2,5,5,2,3,1,1
2408,1,0,-95,0,-95,-95,-95,-95,-95,-95,-95,-95,-95
2409,1,0,-95,1,-95,-95,-95,-95,-95,-95,-95,-95,-95
2410,1,0,-95,1,-95,-95,-95,-95,-95,-95,-95,-95,-95
2411,2,-95,-98,1,1,1,1,3,4,2,2,2,2
2412,2,-95,70.57,1,1,1,1,4,3,2,2,2,3
2413,1,-95,-95,0,-95,-95,-95,-95,-95,-95,-95,-95,-95
2414,2,0,67.39,0,2,2,4,2,4,4,2,3,3
2415,1,0,-95,1,-95,-95,-95,-95,-95,-95,-95,-95,-95
2416,1,0,-95,0,-95,-95,-95,-95,-95,-95,-95,-95,-95
2417,2,0,55.66,1,2,2,2,4,4,1,3,2,1
2418,2,0,43.02,0,-95,-95,-95,-95,-95,-95,-95,-95,-95
2419,2,0,57.39,0,3,2,-96,2,4,3,3,4,3
2420,2,-95,40.79,1,2,2,3,3,3,2,3,3,2
2421,1,0,-95,0,-95,-95,-95,-95,-95,-95,-95,-95,-95
2422,2,-95,-98,0,-95,-95,-95,-95,-95,-95,-95,-95,-95
2423,1,-95,-95,0,-95,-95,-95,-95,-95,-95,-95,-95,-95
2424,2,0,68.1,1,1,1,2,4,4,1,1,1,1
2425,1,0,-95,1,-95,-95,-95,-95,-95,-95,-95,-95,-95
2426,2,0,-96,1,4,3,2,4,4,1,2,1,2
2427,2,-95,46.73,1,1,2,2,5,5,4,3,3,3
2428,1,0,-95,1,-95,-95,-95,-95,-95,-95,-95,-95,-95
2429,2,0,44.28,1,2,2,2,2,2,1,1,2,3
2430,1,0,-95,0,-95,-95,-95,-95,-95,-95,-95,-95,-95
2431,1,0,-95,0,-95,-95,-95,-95,-95,-95,-95,-95,-95
2432,1,0,-95,1,-95,-95,-95,-95,-95,-95,-95,-95,-95
2433,1,0,-95,1,-95,-95,-95,-95,-95,-95,-95,-95,-95
2434,2,0,60.78,0,1,1,1,4,4,4,2,3,3
2435,2,0,40.87,0,3,3,3,3,3,3,3,3,3
2436,2,0,53.84,1,1,2,2,3,3,1,1,1,1
2437,2,0,75.89,1,2,2,2,3,4,2,2,1,2
2438,2,0,-98,1,2,2,2,2,3,3,2,2,3
2439,2,0,72.56,0,2,2,2,4,4,4,4,2,4
2440,1,0,-95,1,-95,-95,-95,-95,-95,-95,-95,-95,-95
2441,2,0,-98,1,-95,-95,-95,-95,-95,-95,-95,-95,-95
2442,1,-95,-95,1,-95,-95,-95,-95,-95,-95,-95,-95,-95
2443,2,0,42.1,1,4,2,1,5,5,1,1,1,1
2444,2,-95,-98,1,-95,-95,-95,-95,-95,-95,-95,-95,-95
2445,1,0,-95,0,-95,-95,-95,-95,-95,-95,-95,-95,-95
2446,2,0,53.36,1,3,4,2,1,2,1,1,1,1
2447,2,-95,60.41,1,4,4,2,4,5,2,2,2,2
2448,1,0,-95,0,-95,-95,-95,-95,-95,-95,-95,-95,-95
2449,1,1,-95,0,-95,-95,-95,-95,-95,-95,-95,-95,-95
2450,2,0,38.46,0,4,1,2,-98,5,1,1,1,1
2451,1,0,-95,0,-95,-95,-95,-95,-95,-95,-95,-95,-95
2452,2,-95,-98,0,2,2,2,4,4,1,-96,2,2
2453,2,0,-96,1,3,3,2,3,2,1,2,2,3
2454,1,-95,-95,0,-95,-95,-95,-95,-95,-95,-95,-95,-95
2455,1,-95,-95,1,-95,-95,-95,-95,-95,-95,-95,-95,-95
2456,1,0,-95,0,-95,-95,-95,-95,-95,-95,-95,-95,-95
2457,2,0,77.68,1,3,3,3,3,3,3,3,3,3
2458,2,-95,-98,0,4,3,4,4,2,4,3,1,4
2459,2,-95,62.69,0,-95,-95,-95,-95,-95,-95,-95,-95,-95
2460,2,-95,-98,1,4,5,2,2,3,2,2,3,2
2461,1,0,-95,0,-95,-95,-95,-95,-95,-95,-95,-95,-95
2462,1,0,-95,1,-95,-95,-95,-95,-95,-95,-95,-95,-95
2463,2,-95,47.8,1,2,2,3,4,2,1,2,3,1
2464,2,-95,-96,1,5,5,5,5,5,3,2,2,1
2465,2,-95,-98,0,2,2,2,3,3,2,2,-98,3
2466,2,0,63.33,0,2,2,3,1,1,2,2,1,2
2467,2,0,66.84,0,4,2,2,4,4,2,2,2,2
2468,1,0,-95,1,-95,-95,-95,-95,-95,-95,-95,-95,-95
2469,2,0,67.67,1,2,2,2,4,4,-98,3,2,2
2470,1,-95,-95,0,-95,-95,-95,-95,-95,-95,-95,-95,-95
2471,2,0,-98,1,1,1,1,1,5,4,1,2,3
2472,1,0,-95,0,-95,-95,-95,-95,-95,-95,-95,-95,-95
2473,1,0,-95,1,-95,-95,-95,-95,-95,-95,-95,-95,-95
2474,2,0,59.36,1,2,2,1,5,4,5,5,1,2
2475,1,-95,-95,0,-95,-95,-95,-95,-95,-95,-95,-95,-95
2476,2,0,-98,1,2,3,-96,4,4,2,2,2,2
2477,1,1,-95,1,-95,-95,-95,-95,-95,-95,-95,-95,-95
2478,1,0,-95,1,-95,-95,-95,-95,-95,-95,-95,-95,-95
2479,1,0,-95,1,-95,-95,-95,-95,-95,-95,-95,-95,-95
2480,1,0,-95,0,-95,-95,-95,-95,-95,-95,-95,-95,-95
2481,1,-95,-95,0,-95,-95,-95,-95,-95,-95,-95,-95,-95
2482,2,0,49.61,1,5,4,4,3,2,2,2,2,3
2483,1,-95,-95,0,-95,-95,-95,-95,-95,-95,-95,-95,-95
2484,1,0,-95,1,-95,-95,-95,-95,-95,-95,-95,-95,-95
2485,2,0,33.21,1,1,1,1,1,1,1,1,1,1
2486,1,-95,-95,0,-95,-95,-95,-95,-95,-95,-95,-95,-95
2487,2,0,55.67,0,3,3,3,3,3,3,3,3,3
2488,2,0,52.18,0,3,3,2,4,4,2,3,3,3
2489,2,0,66.26,1,-95,-95,-95,-95,-95,-95,-95,-95,-95
2490,2,-95,82.65,0,-95,-95,-95,-95,-95,-95,-95,-95,-95
2491,1,0,-95,0,-95,-95,-95,-95,-95,-95,-95,-95,-95
2492,1,-95,-95,0,-95,-95,-95,-95,-95,-95,-95,-95,-95
2493,1,0,-95,0,-95,-95,-95,-95,-95,-95,-95,-95,-95
2494,2,0,47.48,1,-95,-95,-95,-95,-95,-95,-95,-95,-95
2495,2,-95,-98,1,1,1,1,4,4,3,3,3,3
2496,1,-95,-95,1,-95,-95,-95,-95,-95,-95,-95,-95,-95
2497,1,0,-95,0,-95,-95,-95,-95,-95,-95,-95,-95,-95
2498,2,0,40.62,0,3,2,2,4,5,2,3,2,2
2499,1,-95,-95,0,-95,-95,-95,-95,-95,-95,-95,-95,-95
2500,2,0,58.25,1,2,2,2,4,4,2,3,2,3
2501,2,0,-98,1,2,2,2,4,4,2,2,2,2
2502,2,1,80.03,0,4,2,2,3,3,2,2,2,2
2503,1,0,-95,1,-95,-95,-95,-95,-95,-95,-95,-95,-95
2504,1,-95,-95,0,-95,-95,-95,-95,-95,-95,-95,-95,-95
2505,1,1,-95,1,-95,-95,-95,-95,-95,-95,-95,-95,-95
2506,1,0,-95,1,-95,-95,-95,-95,-95,-95,-95,-95,-95
2507,1,-95,-95,1,-95,-95,-95,-95,-95,-95,-95,-95,-95
2508,2,0,62.89,1,2,2,2,3,3,3,3,2,2
2509,1,0,-95,0,-95,-95,-95,-95,-95,-95,-95,-95,-95
2510,2,0,71.43,1,2,2,2,4,4,2,2,2,2
2511,2,0,-98,0,2,1,1,1,1,1,1,1,1
2512,1,1,-95,0,-95,-95,-95,-95,-95,-95,-95,-95,-95
2513,1,-99,-95,0,-95,-95,-95,-95,-95,-95,-95,-95,-95
2514,2,0,59.01,0,2,1,2,2,1,1,1,2,1
2515,1,0,-95,0,-95,-95,-95,-95,-95,-95,-95,-95,-95
2516,1,0,-95,1,-95,-95,-95,-95,-95,-95,-95,-95,-95
2517,1,0,-95,1,-95,-95,-95,-95,-95,-95,-95,-95,-95
2518,1,0,-95,1,-95,-95,-95,-95,-95,-95,-95,-95,-95
2519,1,0,-95,1,-95,-95,-95,-95,-95,-95,-95,-95,-95
2520,1,0,-95,1,-95,-95,-95,-95,-95,-95,-95,-95,-95
2521,1,0,-95,1,-95,-95,-95,-95,-95,-95,-95,-95,-95
2522,2,0,60.41,0,-95,-95,-95,-95,-95,-95,-95,-95,-95
2523,1,0,-95,1,-95,-95,-95,-95,-95,-95,-95,-95,-95
2524,2,0,60.74,1,1,1,1,4,5,1,1,1,1
2525,2,0,71.8,1,1,2,2,2,4,2,2,2,2
2526,1,0,-95,0,-95,-95,-95,-95,-95,-95,-95,-95,-95
2527,2,0,40.44,0,2,3,2,2,3,2,2,2,2
2528,2,0,55.68,1,1,1,1,5,1,1,1,1,1
2529,1,-95,-95,0,-95,-95,-95,-95,-95,-95,-95,-95,-95
2530,1,-95,-95,0,-95,-95,-95,-95,-95,-95,-95,-95,-95
2531,2,0,50.99,0,2,4,2,5,4,2,3,1,2
2532,1,1,-95,1,-95,-95,-95,-95,-95,-95,-95,-95,-95
2533,1,0,-95,1,-95,-95,-95,-95,-95,-95,-95,-95,-95
2534,2,0,77.43,0,2,1,1,3,4,2,2,2,2
2535,2,0,55.92,1,2,4,2,1,5,2,1,2,2
2536,1,0,-95,0,-95,-95,-95,-95,-95,-95,-95,-95,-95
2537,1,0,-95,1,-95,-95,-95,-95,-95,-95,-95,-95,-95
2538,1,0,-95,1,-95,-95,-95,-95,-95,-95,-95,-95,-95
2539,2,0,55.58,0,1,1,1,3,5,1,1,1,1
2540,2,0,-98,0,1,1,5,-98,5,5,1,1,1
2541,1,0,-95,0,-95,-95,-95,-95,-95,-95,-95,-95,-95
2542,2,0,54.45,0,4,2,2,5,5,2,3,2,3
2543,2,-95,-98,0,1,2,2,2,-98,2,-98,-98,3
2544,2,0,48.89,0,-95,-95,-95,-95,-95,-95,-95,-95,-95
2545,2,0,59.99,0,2,1,1,-98,2,1,1,1,1
2546,1,-95,-95,0,-95,-95,-95,-95,-95,-95,-95,-95,-95
2547,2,0,40.04,0,3,2,3,3,2,3,3,1,4
2548,2,0,-96,0,2,2,2,4,2,2,3,4,3
2549,1,-95,-95,1,-95,-95,-95,-95,-95,-95,-95,-95,-95
2550,1,-95,-95,1,-95,-95,-95,-95,-95,-95,-95,-95,-95
2551,1,0,-95,0,-95,-95,-95,-95,-95,-95,-95,-95,-95
2552,2,0,63.25,0,2,4,2,4,4,2,3,1,2
2553,2,-95,-98,0,-95,-95,-95,-95,-95,-95,-95,-95,-95
2554,2,0,73.82,1,4,2,2,4,4,4,2,4,4
2555,2,0,63.6,0,-95,-95,-95,-95,-95,-95,-95,-95,-95
2556,2,0,55.81,0,5,1,2,2,2,2,1,2,-98
2557,1,0,-95,1,-95,-95,-95,-95,-95,-95,-95,-95,-95
2558,2,0,-96,0,2,1,2,3,5,2,3,2,2
2559,2,1,79.37,0,2,2,2,4,2,2,2,2,2
2560,1,0,-95,1,-95,-95,-95,-95,-95,-95,-95,-95,-95
2561,2,0,46.69,1,2,4,1,4,4,1,2,1,1
2562,1,0,-95,0,-95,-95,-95,-95,-95,-95,-95,-95,-95
2563,2,0,52.52,0,2,3,2,4,4,2,3,1,3
2564,2,-95,46.61,0,2,1,1,3,4,1,1,1,1
2565,1,0,-95,1,-95,-95,-95,-95,-95,-95,-95,-95,-95
2566,2,0,55.01,0,4,4,4,2,4,2,3,2,2
2567,1,0,-95,0,-95,-95,-95,-95,-95,-95,-95,-95,-95
2568,2,0,72.01,1,2,2,2,4,4,1,1,1,1
2569,2,-95,41.48,0,4,4,4,4,4,4,4,4,4
2570,1,0,-95,0,-95,-95,-95,-95,-95,-95,-95,-95,-95
2571,1,0,-95,1,-95,-95,-95,-95,-95,-95,-95,-95,-95
2572,1,0,-95,0,-95,-95,-95,-95,-95,-95,-95,-95,-95
2573,2,0,72.35,1,3,2,1,4,5,1,1,1,1
2574,1,-95,-95,0,-95,-95,-95,-95,-95,-95,-95,-95,-95
2575,2,0,55.19,0,2,3,3,2,3,2,2,4,3
2576,2,0,70.8,1,2,2,2,3,5,2,3,2,2
2577,2,-95,-98,0,-95,-95,-95,-95,-95,-95,-95,-95,-95
2578,2,0,77.42,0,-95,-95,-95,-95,-95,-95,-95,-95,-95
2579,1,0,-95,1,-95,-95,-95,-95,-95,-95,-95,-95,-95
2580,2,0,46.4,1,2,2,2,3,2,1,3,1,1
2581,2,-95,-98,0,-95,-95,-95,-95,-95,-95,-95,-95,-95
2582,1,0,-95,0,-95,-95,-95,-95,-95,-95,-95,-95,-95
2583,2,0,67.34,0,1,2,2,4,5,2,2,1,3
2584,2,0,-98,0,2,2,2,4,4,2,2,2,2
2585,1,0,-95,0,-95,-95,-95,-95,-95,-95,-95,-95,-95
2586,2,0,65.79,0,2,2,2,4,4,2,3,2,2
2587,1,0,-95,1,-95,-95,-95,-95,-95,-95,-95,-95,-95
2588,1,0,-95,0,-95,-95,-95,-95,-95,-95,-95,-95,-95
2589,1,0,-95,1,-95,-95,-95,-95,-95,-95,-95,-95,-95
2590,2,0,45.41,0,1,1,1,2,2,3,2,2,2
2591,1,0,-95,0,-95,-95,-95,-95,-95,-95,-95,-95,-95
2592,1,0,-95,0,-95,-95,-95,-95,-95,-95,-95,-95,-95
2593,2,0,61.33,1,4,4,2,5,5,2,2,3,2
2594,1,0,-95,0,-95,-95,-95,-95,-95,-95,-95,-95,-95
2595,1,0,-95,1,-95,-95,-95,-95,-95,-95,-95,-95,-95
2596,2,0,56.33,0,-95,-95,-95,-95,-95,-95,-95,-95,-95
2597,2,0,59.53,1,2,3,4,2,2,2,3,3,3
2598,2,0,83.13,0,1,1,1,5,4,2,2,2,2
2599,2,0,74.23,1,2,2,2,4,4,2,2,2,2
2600,1,0,-95,1,-95,-95,-95,-95,-95,-95,-95,-95,-95
2601,2,-95,-98,1,-95,-95,-95,-95,-95,-95,-95,-95,-95
2602,1,-95,-95,0,-95,-95,-95,-95,-95,-95,-95,-95,-95
2603,1,0,-95,0,-95,-95,-95,-95,-95,-95,-95,-95,-95
2604,2,0,-98,0,1,1,1,1,5,1,2,1,1
2605,2,-95,66.83,1,2,2,2,4,4,-98,2,2,2
2606,2,0,29.53,0,5,2,3,3,3,3,3,3,3
2607,1,-95,-95,0,-95,-95,-95,-95,-95,-95,-95,-95,-95
2608,1,0,-95,1,-95,-95,-95,-95,-95,-95,-95,-95,-95
2609,2,-95,53.31,1,2,2,2,4,3,2,2,2,1
2610,2,-95,-98,1,2,2,2,5,4,2,3,4,3
2611,1,0,-95,1,-95,-95,-95,-95,-95,-95,-95,-95,-95
2612,1,0,-95,1,-95,-95,-95,-95,-95,-95,-95,-95,-95
2613,1,0,-95,0,-95,-95,-95,-95,-95,-95,-95,-95,-95
2614,2,-95,47.97,0,2,2,3,4,4,2,2,2,2
2615,1,0,-95,1,-95,-95,-95,-95,-95,-95,-95,-95,-95
2616,2,-95,55.98,0,2,3,4,3,2,2,2,3,4
2617,2,0,56.37,0,5,2,2,2,1,2,2,3,3
2618,2,0,-96,0,1,1,1,5,5,2,2,1,1
2619,2,0,63.98,1,5,5,2,2,2,2,5,1,2
2620,2,0,-96,1,4,4,4,2,3,2,3,2,2
2621,2,0,70.82,0,3,2,1,3,5,2,3,3,3
2622,2,0,69.42,1,3,4,3,2,3,1,2,1,1
2623,2,0,56.56,1,3,3,4,3,3,-98,2,2,3
2624,1,0,-95,1,-95,-95,-95,-95,-95,-95,-95,-95,-95
2625,2,0,54.76,0,4,2,2,2,5,1,3,1,2
2626,2,0,-98,0,-95,-95,-95,-95,-95,-95,-95,-95,-95
2627,2,0,40.13,1,2,3,2,2,2,2,2,1,2
2628,2,-95,40.34,0,2,3,2,4,4,3,1,1,2
2629,1,0,-95,0,-95,-95,-95,-95,-95,-95,-95,-95,-95
2630,2,-95,60.27,1,2,2,3,4,4,2,3,2,2
2631,1,-95,-95,1,-95,-95,-95,-95,-95,-95,-95,-95,-95
2632,2,0,-96,1,2,2,4,1,5,2,2,2,1
2633,1,0,-95,0,-95,-95,-95,-95,-95,-95,-95,-95,-95
2634,2,-95,62.85,1,1,1,1,5,5,3,3,1,1
2635,2,0,-98,1,2,2,2,5,5,1,2,2,1
2636,2,0,51.43,0,4,4,4,4,2,2,2,2,2
2637,2,0,65.03,1,2,2,2,4,4,2,2,2,3
2638,2,0,63.68,1,2,2,2,4,5,2,2,2,3
2639,1,0,-95,1,-95,-95,-95,-95,-95,-95,-95,-95,-95
2640,1,0,-95,1,-95,-95,-95,-95,-95,-95,-95,-95,-95
2641,2,1,67.7,0,1,1,2,4,5,3,3,3,3
2642,2,0,65.43,1,2,2,2,4,4,3,3,2,2
2643,2,0,65.02,1,-95,-95,-95,-95,-95,-95,-95,-95,-95
2644,1,0,-95,0,-95,-95,-95,-95,-95,-95,-95,-95,-95
2645,2,0,78.7,1,2,2,4,2,4,2,2,4,3
2646,1,0,-95,1,-95,-95,-95,-95,-95,-95,-95,-95,-95
2647,2,-95,-98,0,5,4,3,1,2,-98,3,4,5
2648,1,0,-95,1,-95,-95,-95,-95,-95,-95,-95,-95,-95
2649,1,-95,-95,0,-95,-95,-95,-95,-95,-95,-95,-95,-95
2650,2,-95,67.86,0,4,3,2,4,4,1,2,2,3
2651,2,0,46.25,1,4,4,4,4,2,2,2,2,4
2652,2,0,64.28,1,2,2,2,4,4,2,2,2,2
2653,2,0,-98,0,-95,-95,-95,-95,-95,-95,-95,-95,-95
2654,1,0,-95,0,-95,-95,-95,-95,-95,-95,-95,-95,-95
2655,1,0,-95,1,-95,-95,-95,-95,-95,-95,-95,-95,-95
2656,1,0,-95,1,-95,-95,-95,-95,-95,-95,-95,-95,-95
2657,2,0,70.53,0,4,2,2,3,4,5,3,3,2
2658,2,0,41.09,0,2,2,2,3,3,1,1,1,1
2659,2,-95,-98,0,3,3,3,3,3,3,3,3,3
2660,1,0,-95,1,-95,-95,-95,-95,-95,-95,-95,-95,-95
2661,2,-95,65.15,0,-95,-95,-95,-95,-95,-95,-95,-95,-95
2662,2,0,-98,1,5,5,5,5,2,2,2,1,2
2663,2,0,37.2,0,3,2,4,5,2,3,4,4,3
2664,2,0,57.36,1,2,4,4,3,4,3,3,2,2
2665,2,0,-98,0,-95,-95,-95,-95,-95,-95,-95,-95,-95
2666,1,-95,-95,1,-95,-95,-95,-95,-95,-95,-95,-95,-95
2667,1,0,-95,0,-95,-95,-95,-95,-95,-95,-95,-95,-95
2668,1,0,-95,0,-95,-95,-95,-95,-95,-95,-95,-95,-95
2669,2,0,53.81,0,4,4,4,4,4,4,4,4,4
2670,1,0,-95,0,-95,-95,-95,-95,-95,-95,-95,-95,-95
2671,2,-95,31.67,0,-95,-95,-95,-95,-95,-95,-95,-95,-95
2672,2,0,54,1,1,2,2,4,4,2,3,1,2
2673,2,0,68.52,1,2,2,2,4,5,2,2,4,3
2674,2,0,56.63,0,4,3,2,2,5,2,3,4,1
2675,1,0,-95,0,-95,-95,-95,-95,-95,-95,-95,-95,-95
2676,2,1,42.34,0,3,5,3,3,5,1,2,1,1
2677,2,-95,54.72,1,2,2,2,4,3,1,3,2,2
2678,1,0,-95,1,-95,-95,-95,-95,-95,-95,-95,-95,-95
2679,2,0,71.44,0,1,2,2,4,4,2,2,2,1
2680,2,0,64.57,1,2,2,4,4,4,3,4,2,2
2681,1,0,-95,0,-95,-95,-95,-95,-95,-95,-95,-95,-95
2682,2,0,-98,0,-95,-95,-95,-95,-95,-95,-95,-95,-95
2683,2,0,56.6,0,3,4,3,3,4,3,3,5,4
2684,1,-95,-95,0,-95,-95,-95,-95,-95,-95,-95,-95,-95
2685,1,0,-95,1,-95,-95,-95,-95,-95,-95,-95,-95,-95
2686,1,0,-95,1,-95,-95,-95,-95,-95,-95,-95,-95,-95
2687,2,0,-98,1,2,2,2,5,5,2,3,2,2
2688,1,0,-95,1,-95,-95,-95,-95,-95,-95,-95,-95,-95
2689,2,0,73.58,0,2,2,2,5,3,4,3,2,2
2690,1,1,-95,1,-95,-95,-95,-95,-95,-95,-95,-95,-95
2691,2,0,46.1,0,-98,-98,-98,-98,-98,-98,-98,-98,-98
2692,2,-95,-96,0,2,2,3,4,2,2,2,4,1
2693,2,0,53.92,1,4,2,2,4,4,2,2,3,3
2694,2,0,-98,1,-95,-95,-95,-95,-95,-95,-95,-95,-95
2695,2,-95,50.25,1,2,2,3,4,4,3,2,2,2
2696,1,0,-95,1,-95,-95,-95,-95,-95,-95,-95,-95,-95
2697,2,0,74.41,0,4,2,2,2,4,2,1,2,2
2698,1,0,-95,0,-95,-95,-95,-95,-95,-95,-95,-95,-95
2699,2,0,41.88,0,2,2,2,2,2,2,2,2,2
2700,1,0,-95,1,-95,-95,-95,-95,-95,-95,-95,-95,-95
2701,2,0,-98,1,1,2,2,3,4,2,2,2,2
2702,1,0,-95,1,-95,-95,-95,-95,-95,-95,-95,-95,-95
2703,2,0,41.71,0,-95,-95,-95,-95,-95,-95,-95,-95,-95
2704,1,0,-95,1,-95,-95,-95,-95,-95,-95,-95,-95,-95
2705,1,0,-95,1,-95,-95,-95,-95,-95,-95,-95,-95,-95
2706,1,0,-95,1,-95,-95,-95,-95,-95,-95,-95,-95,-95
2707,2,-95,57.95,0,3,3,3,3,3,3,3,3,3
2708,2,0,39.38,1,3,2,3,4,2,4,3,1,2
2709,2,0,58.95,0,3,3,3,2,2,2,2,3,1
2710,2,-95,-98,0,-95,-95,-95,-95,-95,-95,-95,-95,-95
2711,1,0,-95,1,-95,-95,-95,-95,-95,-95,-95,-95,-95
2712,1,-95,-95,1,-95,-95,-95,-95,-95,-95,-95,-95,-95
2713,1,-99,-95,1,-95,-95,-95,-95,-95,-95,-95,-95,-95
2714,1,0,-95,1,-95,-95,-95,-95,-95,-95,-95,-95,-95
2715,1,-95,-95,1,-95,-95,-95,-95,-95,-95,-95,-95,-95
2716,2,1,74.97,0,1,1,1,-98,4,1,1,1,1
2717,1,0,-95,1,-95,-95,-95,-95,-95,-95,-95,-95,-95
2718,2,0,52.63,1,5,4,4,1,4,1,1,1,1
2719,2,0,71.4,1,4,4,2,4,4,2,2,2,3
2720,2,0,44.41,1,2,3,4,4,4,2,4,2,2
2721,2,0,-96,1,1,1,1,5,5,3,5,2,2
2722,2,0,-98,1,5,4,3,1,3,3,2,3,3
2723,2,0,48.64,1,2,3,3,3,4,2,2,2,2
2724,2,-95,-98,0,1,2,2,4,4,2,3,2,2
2725,1,0,-95,1,-95,-95,-95,-95,-95,-95,-95,-95,-95
2726,2,-95,-98,0,-96,3,2,2,2,2,2,2,3
2727,1,-95,-95,1,-95,-95,-95,-95,-95,-95,-95,-95,-95
2728,1,0,-95,1,-95,-95,-95,-95,-95,-95,-95,-95,-95
2729,2,0,78.67,1,2,1,2,5,5,1,1,2,1
2730,1,0,-95,0,-95,-95,-95,-95,-95,-95,-95,-95,-95
2731,2,0,74.32,1,3,3,5,3,2,4,3,2,2
2732,2,-95,79.27,1,4,3,4,4,2,2,4,2,3
2733,1,0,-95,0,-95,-95,-95,-95,-95,-95,-95,-95,-95
2734,2,0,-98,1,-95,-95,-95,-95,-95,-95,-95,-95,-95
2735,1,0,-95,1,-95,-95,-95,-95,-95,-95,-95,-95,-95
2736,1,0,-95,0,-95,-95,-95,-95,-95,-95,-95,-95,-95
2737,2,0,63.87,1,2,3,2,2,4,3,2,3,3
2738,2,0,49.44,1,2,2,2,5,5,1,3,1,1
2739,1,-95,-95,0,-95,-95,-95,-95,-95,-95,-95,-95,-95
2740,2,0,41.14,0,1,1,1,1,1,1,1,1,1
2741,2,1,-98,1,-95,-95,-95,-95,-95,-95,-95,-95,-95
2742,2,0,50.62,1,-95,-95,-95,-95,-95,-95,-95,-95,-95
2743,1,0,-95,1,-95,-95,-95,-95,-95,-95,-95,-95,-95
2744,1,0,-95,0,-95,-95,-95,-95,-95,-95,-95,-95,-95
2745,1,-95,-95,0,-95,-95,-95,-95,-95,-95,-95,-95,-95
2746,2,0,41.74,1,5,5,5,5,5,3,3,2,2
2747,2,0,-98,0,-95,-95,-95,-95,-95,-95,-95,-95,-95
2748,2,0,-98,1,-95,-95,-95,-95,-95,-95,-95,-95,-95
2749,1,0,-95,1,-95,-95,-95,-95,-95,-95,-95,-95,-95
2750,2,0,60.26,0,2,2,2,3,4,2,3,2,2
2751,1,0,-95,0,-95,-95,-95,-95,-95,-95,-95,-95,-95
2752,2,0,54.72,0,3,3,3,3,3,3,3,3,3
2753,1,0,-95,1,-95,-95,-95,-95,-95,-95,-95,-95,-95
2754,1,1,-95,0,-95,-95,-95,-95,-95,-95,-95,-95,-95
2755,2,0,67.34,0,2,2,2,4,4,2,3,2,2
2756,1,0,-95,1,-95,-95,-95,-95,-95,-95,-95,-95,-95
2757,2,-95,-98,0,2,3,2,4,4,2,1,1,2
2758,1,0,-95,0,-95,-95,-95,-95,-95,-95,-95,-95,-95
2759,2,0,54.97,1,4,4,4,4,4,2,2,2,3
2760,1,0,-95,1,-95,-95,-95,-95,-95,-95,-95,-95,-95
2761,2,0,64.6,0,2,2,2,4,5,2,1,2,3
2762,1,0,-95,0,-95,-95,-95,-95,-95,-95,-95,-95,-95
2763,2,0,67.98,0,2,2,2,4,4,2,2,2,2
2764,1,-95,-95,0,-95,-95,-95,-95,-95,-95,-95,-95,-95
2765,2,0,-96,1,5,5,5,1,1,1,1,5,5
2766,2,0,76.92,1,2,1,1,1,5,2,1,1,1
2767,1,0,-95,0,-95,-95,-95,-95,-95,-95,-95,-95,-95
2768,2,-95,59.23,0,-95,-95,-95,-95,-95,-95,-95,-95,-95
2769,1,0,-95,1,-95,-95,-95,-95,-95,-95,-95,-95,-95
2770,1,0,-95,1,-95,-95,-95,-95,-95,-95,-95,-95,-95
2771,1,-95,-95,1,-95,-95,-95,-95,-95,-95,-95,-95,-95
2772,1,0,-95,1,-95,-95,-95,-95,-95,-95,-95,-95,-95
2773,2,0,81.39,0,1,1,1,5,5,2,2,3,3
2774,1,-95,-95,1,-95,-95,-95,-95,-95,-95,-95,-95,-95
2775,2,-95,38.56,0,2,2,2,-96,4,2,2,1,2
2776,2,-95,36.44,0,5,2,5,3,3,5,5,5,5
2777,1,-95,-95,0,-95,-95,-95,-95,-95,-95,-95,-95,-95
2778,1,-95,-95,1,-95,-95,-95,-95,-95,-95,-95,-95,-95
2779,2,0,-98,1,-95,-95,-95,-95,-95,-95,-95,-95,-95
2780,1,-95,-95,1,-95,-95,-95,-95,-95,-95,-95,-95,-95
2781,1,0,-95,1,-95,-95,-95,-95,-95,-95,-95,-95,-95
2782,1,0,-95,1,-95,-95,-95,-95,-95,-95,-95,-95,-95
2783,2,0,53.1,1,3,3,3,2,2,3,2,1,2
2784,2,-95,-98,0,-95,-95,-95,-95,-95,-95,-95,-95,-95
2785,1,0,-95,0,-95,-95,-95,-95,-95,-95,-95,-95,-95
2786,1,0,-95,0,-95,-95,-95,-95,-95,-95,-95,-95,-95
2787,1,-95,-95,1,-95,-95,-95,-95,-95,-95,-95,-95,-95
2788,2,0,65.14,0,2,2,2,4,4,2,2,2,2
2789,1,0,-95,0,-95,-95,-95,-95,-95,-95,-95,-95,-95
2790,1,0,-95,1,-95,-95,-95,-95,-95,-95,-95,-95,-95
2791,1,0,-95,1,-95,-95,-95,-95,-95,-95,-95,-95,-95
2792,2,0,76.91,1,2,2,2,2,4,3,2,2,2
2793,2,0,42.22,1,1,1,1,4,5,2,1,1,1
2794,1,0,-95,1,-95,-95,-95,-95,-95,-95,-95,-95,-95
2795,2,0,63.38,1,3,2,2,3,4,2,2,3,2
2796,1,0,-95,0,-95,-95,-95,-95,-95,-95,-95,-95,-95
2797,2,0,81.71,1,4,2,3,4,3,3,2,2,2
2798,2,0,63.5,0,3,3,3,3,4,1,1,1,2
2799,2,-95,45.37,0,2,1,1,3,5,4,3,1,2
2800,2,0,66.7,1,2,2,2,4,4,2,2,2,2
2801,1,-95,-95,0,-95,-95,-95,-95,-95,-95,-95,-95,-95
2802,1,0,-95,1,-95,-95,-95,-95,-95,-95,-95,-95,-95
2803,1,0,-95,1,-95,-95,-95,-95,-95,-95,-95,-95,-95
2804,2,0,62.32,0,-96,4,4,4,4,3,2,3,2
2805,1,-95,-95,1,-95,-95,-95,-95,-95,-95,-95,-95,-95
2806,2,0,61.39,0,4,4,3,3,2,4,1,5,4
2807,1,0,-95,0,-95,-95,-95,-95,-95,-95,-95,-95,-95
2808,2,-95,-98,0,-95,-95,-95,-95,-95,-95,-95,-95,-95
2809,1,0,-95,1,-95,-95,-95,-95,-95,-95,-95,-95,-95
2810,2,0,63.13,0,2,2,2,5,4,2,2,2,2
2811,1,0,-95,1,-95,-95,-95,-95,-95,-95,-95,-95,-95
2812,1,0,-95,1,-95,-95,-95,-95,-95,-95,-95,-95,-95
2813,1,0,-95,0,-95,-95,-95,-95,-95,-95,-95,-95,-95
2814,1,0,-95,1,-95,-95,-95,-95,-95,-95,-95,-95,-95
2815,2,-95,50.4,0,1,3,3,3,3,3,3,3,3
2816,2,-95,47.48,0,3,4,4,3,4,4,4,3,2
2817,1,0,-95,1,-95,-95,-95,-95,-95,-95,-95,-95,-95
2818,2,0,37.84,0,2,2,2,3,2,1,1,2,1
2819,1,0,-95,0,-95,-95,-95,-95,-95,-95,-95,-95,-95
2820,2,0,58.42,1,3,3,2,4,5,1,2,1,1
2821,2,-95,57.16,1,1,1,1,1,1,1,1,1,1
2822,2,-95,-98,0,1,4,2,5,5,1,5,4,3
2823,1,0,-95,0,-95,-95,-95,-95,-95,-95,-95,-95,-95
2824,1,0,-95,0,-95,-95,-95,-95,-95,-95,-95,-95,-95
2825,2,0,61.14,1,1,2,1,5,5,2,2,1,1
2826,1,-95,-95,1,-95,-95,-95,-95,-95,-95,-95,-95,-95
2827,2,0,-96,0,2,3,-98,4,2,1,2,4,5
2828,1,-95,-95,0,-95,-95,-95,-95,-95,-95,-95,-95,-95
2829,1,0,-95,1,-95,-95,-95,-95,-95,-95,-95,-95,-95
2830,2,1,73.16,0,2,1,1,5,4,2,2,2,1
2831,2,-95,-98,0,2,2,1,1,5,1,2,1,1
2832,2,0,59.15,1,2,1,1,5,5,1,1,1,1
2833,2,-95,50.05,0,2,2,2,3,4,3,3,2,3
2834,2,0,36.6,1,1,3,5,-98,5,1,1,1,1
2835,1,-95,-95,0,-95,-95,-95,-95,-95,-95,-95,-95,-95
2836,2,0,41.22,0,3,2,2,4,4,2,2,1,2
2837,1,0,-95,0,-95,-95,-95,-95,-95,-95,-95,-95,-95
2838,1,0,-95,1,-95,-95,-95,-95,-95,-95,-95,-95,-95
2839,2,0,72.15,1,4,2,2,5,5,3,2,2,2
2840,2,0,69.82,1,4,3,2,2,5,1,1,2,1
2841,2,-95,46.68,0,2,2,2,4,4,1,3,1,3
2842,2,0,42.41,0,5,2,2,4,4,2,3,1,3
2843,1,0,-95,1,-95,-95,-95,-95,-95,-95,-95,-95,-95
2844,2,0,50.38,1,3,2,3,3,3,4,3,3,4
2845,1,0,-95,0,-95,-95,-95,-95,-95,-95,-95,-95,-95
2846,1,0,-95,0,-95,-95,-95,-95,-95,-95,-95,-95,-95
2847,2,-95,-98,0,2,1,4,4,4,2,3,2,3
2848,2,1,66.38,0,2,3,2,2,4,2,2,4,3
2849,2,0,-98,0,2,2,2,4,1,1,1,1,1
2850,2,-95,75.16,0,1,2,1,2,2,3,3,-98,2
2851,2,-95,45.89,0,4,4,4,4,-98,4,2,2,4
2852,1,-95,-95,0,-95,-95,-95,-95,-95,-95,-95,-95,-95
2853,2,0,75.09,1,2,2,2,5,5,2,2,1,1
2854,2,-95,-96,0,1,2,1,5,4,2,2,1,1
2855,1,0,-95,0,-95,-95,-95,-95,-95,-95,-95,-95,-95
2856,1,0,-95,1,-95,-95,-95,-95,-95,-95,-95,-95,-95
2857,1,0,-95,1,-95,-95,-95,-95,-95,-95,-95,-95,-95
2858,2,0,55.59,1,2,2,2,3,3,1,2,2,1
2859,1,0,-95,0,-95,-95,-95,-95,-95,-95,-95,-95,-95
2860,2,0,69.71,1,1,1,1,4,5,1,1,1,1
2861,2,0,52.4,0,2,2,2,3,3,2,3,3,4
2862,2,0,51.95,1,5,5,4,2,2,2,2,3,2
2863,2,0,-98,1,2,2,2,3,3,3,3,3,2
2864,2,0,78.79,0,4,1,1,4,5,2,2,1,2
2865,1,0,-95,1,-95,-95,-95,-95,-95,-95,-95,-95,-95
2866,2,0,69.7,0,1,1,2,5,4,2,2,2,2
2867,2,0,63.47,0,1,1,1,1,5,1,1,1,1
2868,1,0,-95,1,-95,-95,-95,-95,-95,-95,-95,-95,-95
2869,1,0,-95,1,-95,-95,-95,-95,-95,-95,-95,-95,-95
2870,2,0,50.55,0,2,3,2,3,3,2,2,2,2
2871,1,-95,-95,0,-95,-95,-95,-95,-95,-95,-95,-95,-95
2872,2,1,67.09,0,2,2,2,4,5,2,2,2,2
2873,2,-95,-96,0,-98,-98,-98,-98,-98,-98,-98,-98,-98
2874,2,0,-98,1,2,3,2,3,3,1,1,1,1
2875,1,0,-95,1,-95,-95,-95,-95,-95,-95,-95,-95,-95
2876,1,0,-95,0,-95,-95,-95,-95,-95,-95,-95,-95,-95
2877,1,0,-95,0,-95,-95,-95,-95,-95,-95,-95,-95,-95
2878,2,-95,53.41,0,2,2,2,4,4,2,2,2,2
2879,2,0,78.19,1,2,2,2,4,4,2,2,2,2
2880,1,1,-95,0,-95,-95,-95,-95,-95,-95,-95,-95,-95
2881,1,-95,-95,0,-95,-95,-95,-95,-95,-95,-95,-95,-95
2882,1,-95,-95,1,-95,-95,-95,-95,-95,-95,-95,-95,-95
2883,1,0,-95,1,-95,-95,-95,-95,-95,-95,-95,-95,-95
2884,1,0,-95,0,-95,-95,-95,-95,-95,-95,-95,-95,-95
2885,2,0,57.55,1,1,1,1,5,4,1,2,2,2
2886,2,0,76.09,1,4,4,2,2,3,2,4,4,3
2887,1,-95,-95,1,-95,-95,-95,-95,-95,-95,-95,-95,-95
2888,2,-95,-98,1,-95,-95,-95,-95,-95,-95,-95,-95,-95
2889,1,-95,-95,0,-95,-95,-95,-95,-95,-95,-95,-95,-95
2890,1,0,-95,1,-95,-95,-95,-95,-95,-95,-95,-95,-95
2891,1,0,-95,1,-95,-95,-95,-95,-95,-95,-95,-95,-95
2892,1,0,-95,1,-95,-95,-95,-95,-95,-95,-95,-95,-95
2893,2,-95,-98,1,-95,-95,-95,-95,-95,-95,-95,-95,-95
2894,2,0,47.59,0,4,2,2,3,4,3,3,3,2
2895,1,-95,-95,1,-95,-95,-95,-95,-95,-95,-95,-95,-95
2896,1,-95,-95,0,-95,-95,-95,-95,-95,-95,-95,-95,-95
2897,2,-95,48.71,1,-95,-95,-95,-95,-95,-95,-95,-95,-95
2898,1,0,-95,0,-95,-95,-95,-95,-95,-95,-95,-95,-95
2899,1,0,-95,0,-95,-95,-95,-95,-95,-95,-95,-95,-95
2900,1,0,-95,1,-95,-95,-95,-95,-95,-95,-95,-95,-95
2901,2,0,74.36,0,2,2,2,4,5,2,1,3,3
2902,1,0,-95,0,-95,-95,-95,-95,-95,-95,-95,-95,-95
2903,2,0,69.17,1,1,1,1,5,5,3,2,2,2
2904,2,1,73.44,1,2,2,2,3,5,2,2,2,2
2905,1,0,-95,0,-95,-95,-95,-95,-95,-95,-95,-95,-95
2906,1,0,-95,0,-95,-95,-95,-95,-95,-95,-95,-95,-95
2907,1,-95,-95,0,-95,-95,-95,-95,-95,-95,-95,-95,-95
2908,2,-95,63.21,1,2,3,3,4,5,2,2,2,2
2909,2,0,-96,0,1,1,1,1,1,1,1,1,1
2910,1,-95,-95,0,-95,-95,-95,-95,-95,-95,-95,-95,-95
2911,2,0,48.31,1,2,1,1,4,5,2,2,3,2
2912,2,-95,-98,1,-98,-98,-98,-98,-98,-98,-98,-98,-98
2913,2,0,-98,1,4,2,2,2,5,2,4,2,2
2914,2,1,65.44,0,3,1,1,1,1,1,1,1,1
2915,1,0,-95,1,-95,-95,-95,-95,-95,-95,-95,-95,-95
2916,2,-95,-98,1,2,3,2,4,4,3,3,3,3
2917,1,1,-95,0,-95,-95,-95,-95,-95,-95,-95,-95,-95
2918,2,0,78.34,0,1,1,1,2,5,1,1,1,1
2919,1,0,-95,1,-95,-95,-95,-95,-95,-95,-95,-95,-95
2920,1,0,-95,1,-95,-95,-95,-95,-95,-95,-95,-95,-95
2921,2,0,48.23,1,2,3,2,3,4,2,3,3,3
2922,1,0,-95,0,-95,-95,-95,-95,-95,-95,-95,-95,-95
2923,1,-95,-95,1,-95,-95,-95,-95,-95,-95,-95,-95,-95
2924,2,1,-98,0,1,1,1,4,5,1,3,2,1
2925,1,-95,-95,0,-95,-95,-95,-95,-95,-95,-95,-95,-95
2926,2,0,-98,1,1,1,1,5,4,2,2,3,2
2927,2,-95,-96,0,2,2,2,4,4,3,3,2,3
2928,2,0,82.89,0,4,2,2,3,4,1,2,1,1
2929,1,0,-95,0,-95,-95,-95,-95,-95,-95,-95,-95,-95
2930,1,0,-95,0,-95,-95,-95,-95,-95,-95,-95,-95,-95
2931,2,-95,-98,0,5,3,5,1,5,3,5,3,1
2932,1,0,-95,0,-95,-95,-95,-95,-95,-95,-95,-95,-95
2933,1,1,-95,0,-95,-95,-95,-95,-95,-95,-95,-95,-95
2934,1,-95,-95,0,-95,-95,-95,-95,-95,-95,-95,-95,-95
2935,2,0,73.73,0,2,2,2,4,4,2,2,4,3
2936,2,1,64.53,1,2,2,2,4,4,1,2,1,1
2937,2,-95,-98,1,-95,-95,-95,-95,-95,-95,-95,-95,-95
2938,1,1,-95,0,-95,-95,-95,-95,-95,-95,-95,-95,-95
2939,2,0,56.74,1,3,2,2,5,4,2,2,2,3
2940,2,0,59.54,1,5,4,2,4,4,2,3,2,2
2941,2,-95,-98,0,1,1,2,2,2,2,2,1,1
2942,1,0,-95,0,-95,-95,-95,-95,-95,-95,-95,-95,-95
2943,1,0,-95,1,-95,-95,-95,-95,-95,-95,-95,-95,-95
2944,2,0,49.71,1,1,2,2,4,4,-98,1,1,1
2945,1,0,-95,0,-95,-95,-95,-95,-95,-95,-95,-95,-95
2946,1,-95,-95,1,-95,-95,-95,-95,-95,-95,-95,-95,-95
2947,2,0,51.69,1,2,4,2,1,2,1,3,1,1
2948,1,0,-95,0,-95,-95,-95,-95,-95,-95,-95,-95,-95
2949,1,0,-95,1,-95,-95,-95,-95,-95,-95,-95,-95,-95
2950,1,0,-95,1,-95,-95,-95,-95,-95,-95,-95,-95,-95
2951,1,0,-95,1,-95,-95,-95,-95,-95,-95,-95,-95,-95
2952,1,0,-95,0,-95,-95,-95,-95,-95,-95,-95,-95,-95
2953,2,-95,80.21,0,3,2,2,4,4,2,3,2,2
2954,1,0,-95,0,-95,-95,-95,-95,-95,-95,-95,-95,-95
2955,2,1,68.65,0,2,2,2,4,4,1,2,2,2
2956,2,0,66.48,0,2,2,3,-98,4,2,2,2,2
2957,2,0,73.47,0,2,2,2,2,4,1,2,2,2
2958,1,0,-95,1,-95,-95,-95,-95,-95,-95,-95,-95,-95
2959,1,0,-95,1,-95,-95,-95,-95,-95,-95,-95,-95,-95
2960,1,0,-95,1,-95,-95,-95,-95,-95,-95,-95,-95,-95
2961,1,-95,-95,0,-95,-95,-95,-95,-95,-95,-95,-95,-95
2962,2,0,63.6,0,2,2,2,2,4,1,1,1,1
2963,1,0,-95,0,-95,-95,-95,-95,-95,-95,-95,-95,-95
2964,1,0,-95,0,-95,-95,-95,-95,-95,-95,-95,-95,-95
2965,1,0,-95,0,-95,-95,-95,-95,-95,-95,-95,-95,-95
2966,1,1,-95,0,-95,-95,-95,-95,-95,-95,-95,-95,-95
2967,2,0,47.95,0,3,2,3,3,3,3,3,3,3
2968,1,0,-95,1,-95,-95,-95,-95,-95,-95,-95,-95,-95
2969,2,0,41,1,1,3,2,3,3,1,1,1,1
2970,2,0,45.11,0,2,3,2,2,2,3,3,2,2
2971,1,-95,-95,1,-95,-95,-95,-95,-95,-95,-95,-95,-95
2972,2,0,-98,1,5,5,5,2,4,2,2,1,2
2973,1,0,-95,0,-95,-95,-95,-95,-95,-95,-95,-95,-95
2974,1,-95,-95,1,-95,-95,-95,-95,-95,-95,-95,-95,-95
2975,2,0,-98,0,2,3,2,3,4,1,3,3,2
2976,2,0,54.01,1,3,3,3,2,2,3,4,4,3
2977,2,1,60.82,1,-95,-95,-95,-95,-95,-95,-95,-95,-95
2978,2,0,65.24,0,2,1,2,5,2,2,3,1,2
2979,1,0,-95,1,-95,-95,-95,-95,-95,-95,-95,-95,-95
2980,1,-95,-95,0,-95,-95,-95,-95,-95,-95,-95,-95,-95
2981,1,-95,-95,1,-95,-95,-95,-95,-95,-95,-95,-95,-95
2982,2,0,-98,1,4,3,3,2,4,4,3,2,5
2983,1,-95,-95,1,-95,-95,-95,-95,-95,-95,-95,-95,-95
2984,2,-95,-98,1,2,2,2,4,4,3,2,2,2
2985,2,0,57.19,0,1,1,1,5,5,3,1,2,1
2986,2,0,-98,1,1,2,2,4,4,1,3,2,2
2987,1,0,-95,1,-95,-95,-95,-95,-95,-95,-95,-95,-95
2988,1,0,-95,1,-95,-95,-95,-95,-95,-95,-95,-95,-95
2989,1,0,-95,1,-95,-95,-95,-95,-95,-95,-95,-95,-95
2990,1,0,-95,0,-95,-95,-95,-95,-95,-95,-95,-95,-95
2991,2,0,55.69,1,4,2,2,5,5,3,3,2,3
2992,1,-95,-95,1,-95,-95,-95,-95,-95,-95,-95,-95,-95
2993,1,0,-95,1,-95,-95,-95,-95,-95,-95,-95,-95,-95
2994,1,0,-95,1,-95,-95,-95,-95,-95,-95,-95,-95,-95
2995,1,0,-95,0,-95,-95,-95,-95,-95,-95,-95,-95,-95
2996,1,0,-95,1,-95,-95,-95,-95,-95,-95,-95,-95,-95
2997,1,-95,-95,1,-95,-95,-95,-95,-95,-95,-95,-95,-95
2998,1,-95,-95,1,-95,-95,-95,-95,-95,-95,-95,-95,-95
2999,2,0,-98,1,5,5,5,4,5,2,3,3,1
3000,2,-95,33.79,0,3,2,3,3,-98,1,2,3,2
3001,1,0,-95,1,-95,-95,-95,-95,-95,-95,-95,-95,-95
3002,1,-95,-95,1,-95,-95,-95,-95,-95,-95,-95,-95,-95
3003,1,0,-95,1,-95,-95,-95,-95,-95,-95,-95,-95,-95
3004,2,0,-98,1,2,2,2,4,4,1,1,1,1
3005,1,0,-95,1,-95,-95,-95,-95,-95,-95,-95,-95,-95
3006,1,-95,-95,1,-95,-95,-95,-95,-95,-95,-95,-95,-95
3007,2,0,65.61,1,2,2,2,4,5,2,-98,1,2
3008,2,-95,43.33,1,1,1,1,-98,5,1,3,1,1
3009,1,1,-95,0,-95,-95,-95,-95,-95,-95,-95,-95,-95
3010,2,0,-98,1,-95,-95,-95,-95,-95,-95,-95,-95,-95
3011,1,-95,-95,1,-95,-95,-95,-95,-95,-95,-95,-95,-95
3012,2,1,66.72,1,1,1,1,4,5,2,2,2,2
3013,2,0,-98,1,-95,-95,-95,-95,-95,-95,-95,-95,-95
3014,2,-95,-98,0,-95,-95,-95,-95,-95,-95,-95,-95,-95
3015,2,0,52.5,1,2,2,2,2,4,2,2,1,3
3016,2,0,55.61,1,3,3,2,3,3,3,-98,1,1
3017,1,0,-95,1,-95,-95,-95,-95,-95,-95,-95,-95,-95
3018,2,0,69.08,0,1,1,1,4,4,1,1,2,1
3019,1,0,-95,1,-95,-95,-95,-95,-95,-95,-95,-95,-95
3020,1,0,-95,1,-95,-95,-95,-95,-95,-95,-95,-95,-95
3021,2,0,68.99,1,3,2,2,4,4,2,2,3,2
3022,2,0,46.32,0,2,2,2,4,4,3,3,2,2
3023,1,0,-95,0,-95,-95,-95,-95,-95,-95,-95,-95,-95
3024,2,0,44.67,0,2,2,2,3,3,2,3,1,3
3025,1,0,-95,1,-95,-95,-95,-95,-95,-95,-95,-95,-95
3026,2,0,74.83,1,4,2,2,5,5,2,2,1,1
3027,1,0,-95,0,-95,-95,-95,-95,-95,-95,-95,-95,-95
3028,1,-95,-95,0,-95,-95,-95,-95,-95,-95,-95,-95,-95
3029,1,-95,-95,1,-95,-95,-95,-95,-95,-95,-95,-95,-95
3030,2,0,68.93,0,2,2,2,4,4,2,2,2,2
3031,1,0,-95,0,-95,-95,-95,-95,-95,-95,-95,-95,-95
3032,2,-95,-98,1,-95,-95,-95,-95,-95,-95,-95,-95,-95
3033,2,-95,50.99,1,2,2,2,4,4,2,2,2,2
3034,2,0,-98,1,1,1,1,5,5,5,3,1,1
3035,2,0,53.34,1,1,2,2,4,4,2,3,2,2
3036,1,-95,-95,1,-95,-95,-95,-95,-95,-95,-95,-95,-95
3037,2,-95,-98,1,3,3,2,3,2,1,2,1,1
3038,1,0,-95,1,-95,-95,-95,-95,-95,-95,-95,-95,-95
3039,2,0,69.68,0,-95,-95,-95,-95,-95,-95,-95,-95,-95
3040,1,0,-95,0,-95,-95,-95,-95,-95,-95,-95,-95,-95
3041,2,-95,60.3,1,2,3,2,4,4,3,-98,3,3
3042,1,0,-95,0,-95,-95,-95,-95,-95,-95,-95,-95,-95
3043,2,-95,-98,1,2,4,3,5,3,2,1,2,2
3044,2,0,-98,1,1,1,1,5,4,1,2,1,1
3045,2,1,-98,1,-95,-95,-95,-95,-95,-95,-95,-95,-95
3046,2,-95,-98,0,1,2,2,2,3,-98,3,4,3
3047,2,0,78.55,0,2,2,2,4,4,2,3,2,2
3048,2,0,72.04,0,2,2,2,4,5,3,3,2,3
3049,1,-95,-95,1,-95,-95,-95,-95,-95,-95,-95,-95,-95
3050,1,0,-95,0,-95,-95,-95,-95,-95,-95,-95,-95,-95
3051,2,0,55.35,1,2,2,2,4,3,2,3,1,1
3052,1,0,-95,0,-95,-95,-95,-95,-95,-95,-95,-95,-95
3053,2,0,-96,1,1,2,2,3,2,2,2,1,1
3054,1,-95,-95,0,-95,-95,-95,-95,-95,-95,-95,-95,-95
3055,1,0,-95,1,-95,-95,-95,-95,-95,-95,-95,-95,-95
3056,2,0,58.4,0,5,4,4,2,2,2,3,3,3
3057,1,-95,-95,1,-95,-95,-95,-95,-95,-95,-95,-95,-95
3058,1,0,-95,1,-95,-95,-95,-95,-95,-95,-95,-95,-95
3059,2,0,57.27,0,2,2,2,4,5,1,2,1,2
3060,1,0,-95,1,-95,-95,-95,-95,-95,-95,-95,-95,-95
3061,2,1,78.51,0,2,2,2,4,4,2,1,1,1
3062,1,-95,-95,1,-95,-95,-95,-95,-95,-95,-95,-95,-95
3063,1,-95,-95,1,-95,-95,-95,-95,-95,-95,-95,-95,-95
3064,1,0,-95,1,-95,-95,-95,-95,-95,-95,-95,-95,-95
3065,2,0,47.44,0,3,2,2,5,5,2,2,1,1
3066,1,0,-95,0,-95,-95,-95,-95,-95,-95,-95,-95,-95
3067,1,0,-95,1,-95,-95,-95,-95,-95,-95,-95,-95,-95
3068,2,0,50.33,0,1,1,1,1,3,1,3,2,3
3069,1,-95,-95,1,-95,-95,-95,-95,-95,-95,-95,-95,-95
3070,2,0,57.41,0,1,1,1,5,5,1,1,1,1
3071,1,0,-95,1,-95,-95,-95,-95,-95,-95,-95,-95,-95
3072,2,0,63.61,0,2,3,2,4,4,1,3,2,1
3073,2,0,66.74,1,4,2,2,4,4,2,2,1,2
3074,2,0,73.86,1,3,4,4,2,2,2,2,2,3
3075,1,0,-95,0,-95,-95,-95,-95,-95,-95,-95,-95,-95
3076,2,0,62.05,1,2,2,2,2,2,3,3,1,1
3077,2,0,44.24,1,4,2,2,4,4,4,4,3,3
3078,2,0,40.17,0,1,2,2,2,2,1,1,2,1
3079,1,0,-95,1,-95,-95,-95,-95,-95,-95,-95,-95,-95
3080,2,0,-98,1,2,2,2,4,4,3,3,2,2
3081,1,-95,-95,0,-95,-95,-95,-95,-95,-95,-95,-95,-95
3082,1,0,-95,0,-95,-95,-95,-95,-95,-95,-95,-95,-95
3083,2,-95,53.31,0,2,2,2,4,3,2,2,1,2
3084,1,0,-95,0,-95,-95,-95,-95,-95,-95,-95,-95,-95
3085,2,0,67.1,1,1,2,2,4,4,2,3,2,3
3086,1,0,-95,0,-95,-95,-95,-95,-95,-95,-95,-95,-95
3087,1,0,-95,1,-95,-95,-95,-95,-95,-95,-95,-95,-95
3088,1,-95,-95,0,-95,-95,-95,-95,-95,-95,-95,-95,-95
3089,1,0,-95,1,-95,-95,-95,-95,-95,-95,-95,-95,-95
3090,2,0,61.12,1,2,2,1,5,5,1,1,5,5
3091,1,0,-95,1,-95,-95,-95,-95,-95,-95,-95,-95,-95
3092,2,0,60.75,1,3,3,2,4,4,1,3,3,1
3093,2,0,66.83,0,4,2,2,4,4,2,2,2,2
3094,2,0,44.47,0,1,1,1,5,5,1,3,1,3
3095,2,0,60.23,0,4,2,3,5,5,2,3,2,2
3096,1,0,-95,0,-95,-95,-95,-95,-95,-95,-95,-95,-95
3097,2,1,84.74,1,1,1,1,5,5,1,1,1,1
3098,2,0,72.04,0,2,2,4,5,4,3,2,2,3
3099,2,-95,38.85,0,1,1,1,5,5,1,1,1,1
3100,1,0,-95,1,-95,-95,-95,-95,-95,-95,-95,-95,-95
3101,1,-95,-95,0,-95,-95,-95,-95,-95,-95,-95,-95,-95
3102,2,0,51.01,1,2,2,4,4,5,2,3,2,2
3103,1,-95,-95,0,-95,-95,-95,-95,-95,-95,-95,-95,-95
3104,2,-95,-98,1,1,1,1,4,4,2,2,2,2
3105,2,-95,42.41,1,3,3,3,3,3,3,3,3,3
3106,2,-95,64.59,0,2,3,2,4,5,3,2,1,1
3107,2,-95,50.5,1,1,1,2,3,3,-98,2,2,3
3108,2,0,64.42,0,1,1,1,5,5,1,1,1,1
3109,1,-95,-95,0,-95,-95,-95,-95,-95,-95,-95,-95,-95
3110,2,0,44.76,1,2,4,4,2,3,2,2,1,3
3111,2,0,66.71,0,3,2,3,4,2,2,2,2,3
3112,1,0,-95,0,-95,-95,-95,-95,-95,-95,-95,-95,-95
3113,1,0,-95,1,-95,-95,-95,-95,-95,-95,-95,-95,-95
3114,2,-95,-96,1,2,2,2,5,5,3,2,1,3
3115,1,0,-95,1,-95,-95,-95,-95,-95,-95,-95,-95,-95
3116,1,-95,-95,0,-95,-95,-95,-95,-95,-95,-95,-95,-95
3117,1,0,-95,1,-95,-95,-95,-95,-95,-95,-95,-95,-95
3118,2,0,-98,1,4,4,3,5,5,5,5,4,3
3119,1,-95,-95,0,-95,-95,-95,-95,-95,-95,-95,-95,-95
3120,2,0,59.34,0,1,1,2,2,1,2,1,1,2
3121,2,0,80.54,1,1,2,3,4,4,2,2,1,1
3122,2,0,55.42,1,3,3,3,4,4,2,3,2,2
3123,1,-95,-95,1,-95,-95,-95,-95,-95,-95,-95,-95,-95
3124,2,0,45.89,0,2,2,2,4,4,2,2,2,2
3125,2,0,-96,1,-95,-95,-95,-95,-95,-95,-95,-95,-95
3126,1,-95,-95,0,-95,-95,-95,-95,-95,-95,-95,-95,-95
3127,2,-95,-98,1,3,4,3,2,4,1,1,1,-96
3128,1,0,-95,1,-95,-95,-95,-95,-95,-95,-95,-95,-95
3129,2,1,76.63,0,1,1,1,5,4,1,1,1,1
3130,2,-95,53.86,0,2,2,2,5,5,1,3,1,1
3131,2,0,77.13,1,2,2,2,2,4,1,1,1,1
3132,1,-95,-95,1,-95,-95,-95,-95,-95,-95,-95,-95,-95
3133,2,0,58.55,1,5,5,3,5,4,2,2,2,2
3134,2,0,56.55,0,4,3,2,3,3,2,2,2,2
3135,2,0,66.12,1,5,5,5,1,1,1,1,1,1
3136,1,0,-95,0,-95,-95,-95,-95,-95,-95,-95,-95,-95
3137,2,0,53.15,1,3,2,3,3,4,3,4,3,3
3138,2,0,-96,1,2,1,2,2,5,4,1,4,3
3139,1,-95,-95,0,-95,-95,-95,-95,-95,-95,-95,-95,-95
3140,1,0,-95,1,-95,-95,-95,-95,-95,-95,-95,-95,-95
3141,1,0,-95,0,-95,-95,-95,-95,-95,-95,-95,-95,-95
3142,1,0,-95,1,-95,-95,-95,-95,-95,-95,-95,-95,-95
3143,1,0,-95,0,-95,-95,-95,-95,-95,-95,-95,-95,-95
3144,1,0,-95,1,-95,-95,-95,-95,-95,-95,-95,-95,-95
3145,1,0,-95,1,-95,-95,-95,-95,-95,-95,-95,-95,-95
3146,1,0,-95,0,-95,-95,-95,-95,-95,-95,-95,-95,-95
3147,2,-95,55.74,1,4,2,2,5,4,3,2,2,1
3148,1,0,-95,1,-95,-95,-95,-95,-95,-95,-95,-95,-95
3149,2,0,63.85,1,4,3,3,-98,3,2,2,1,2
3150,1,-95,-95,1,-95,-95,-95,-95,-95,-95,-95,-95,-95
3151,2,0,-98,0,4,3,3,3,3,3,3,3,3
3152,1,-95,-95,1,-95,-95,-95,-95,-95,-95,-95,-95,-95
3153,1,0,-95,0,-95,-95,-95,-95,-95,-95,-95,-95,-95
3154,2,0,68.97,1,2,2,2,4,4,2,2,2,2
3155,1,0,-95,1,-95,-95,-95,-95,-95,-95,-95,-95,-95
3156,1,-95,-95,0,-95,-95,-95,-95,-95,-95,-95,-95,-95
3157,1,-95,-95,1,-95,-95,-95,-95,-95,-95,-95,-95,-95
3158,1,0,-95,0,-95,-95,-95,-95,-95,-95,-95,-95,-95
3159,1,0,-95,0,-95,-95,-95,-95,-95,-95,-95,-95,-95
3160,1,-95,-95,0,-95,-95,-95,-95,-95,-95,-95,-95,-95
3161,2,1,81.04,0,3,2,2,3,4,2,2,1,1
3162,1,1,-95,1,-95,-95,-95,-95,-95,-95,-95,-95,-95
3163,2,-95,-98,1,-95,-95,-95,-95,-95,-95,-95,-95,-95
3164,1,0,-95,1,-95,-95,-95,-95,-95,-95,-95,-95,-95
3165,2,-95,29.33,0,4,4,4,4,4,4,4,4,4
3166,2,-95,52.41,1,2,2,2,2,2,2,3,3,3
3167,2,0,62.59,1,2,3,3,5,5,3,2,2,1
3168,1,-95,-95,1,-95,-95,-95,-95,-95,-95,-95,-95,-95
3169,2,0,62.28,1,3,2,1,4,4,2,2,1,2
3170,1,0,-95,1,-95,-95,-95,-95,-95,-95,-95,-95,-95
3171,2,0,66.29,0,1,1,1,5,4,2,3,2,2
3172,1,0,-95,0,-95,-95,-95,-95,-95,-95,-95,-95,-95
3173,2,0,47.94,0,2,2,2,5,2,1,3,2,2
3174,2,-95,41.7,0,1,2,2,4,5,2,3,2,3
3175,1,1,-95,0,-95,-95,-95,-95,-95,-95,-95,-95,-95
3176,2,0,65.43,1,2,2,2,4,4,3,-98,2,1
3177,1,-95,-95,0,-95,-95,-95,-95,-95,-95,-95,-95,-95
3178,1,0,-95,1,-95,-95,-95,-95,-95,-95,-95,-95,-95
3179,2,0,61.54,1,1,1,1,3,4,2,2,1,2
3180,1,0,-95,1,-95,-95,-95,-95,-95,-95,-95,-95,-95
3181,1,-95,-95,1,-95,-95,-95,-95,-95,-95,-95,-95,-95
3182,1,-95,-95,1,-95,-95,-95,-95,-95,-95,-95,-95,-95
3183,2,0,60.7,0,2,2,1,4,4,2,2,1,1
3184,2,0,66.91,1,4,4,3,2,2,2,2,2,3
3185,2,0,76.64,0,2,2,1,3,2,1,1,1,1
3186,2,0,40.69,1,4,2,2,4,4,2,2,3,2
3187,2,0,39.48,1,5,5,5,1,5,5,1,1,1
3188,1,1,-95,0,-95,-95,-95,-95,-95,-95,-95,-95,-95
3189,2,-95,-98,0,5,3,3,3,4,2,2,2,3
3190,1,0,-95,0,-95,-95,-95,-95,-95,-95,-95,-95,-95
3191,1,0,-95,1,-95,-95,-95,-95,-95,-95,-95,-95,-95
3192,1,-95,-95,1,-95,-95,-95,-95,-95,-95,-95,-95,-95
3193,1,0,-95,0,-95,-95,-95,-95,-95,-95,-95,-95,-95
3194,2,0,64.24,0,3,2,2,4,3,3,2,1,1
3195,1,0,-95,1,-95,-95,-95,-95,-95,-95,-95,-95,-95
3196,1,0,-95,1,-95,-95,-95,-95,-95,-95,-95,-95,-95
3197,1,-95,-95,1,-95,-95,-95,-95,-95,-95,-95,-95,-95
3198,1,0,-95,1,-95,-95,-95,-95,-95,-95,-95,-95,-95
3199,2,0,53.1,0,2,2,1,5,5,3,3,3,1
3200,1,1,-95,1,-95,-95,-95,-95,-95,-95,-95,-95,-95
3201,1,0,-95,0,-95,-95,-95,-95,-95,-95,-95,-95,-95
3202,2,0,74.25,0,3,2,2,3,4,2,3,2,1
3203,2,0,64.44,0,4,4,3,3,4,4,4,2,3
3204,2,-95,-98,1,1,2,2,5,5,1,1,1,1
3205,2,0,-98,0,-95,-95,-95,-95,-95,-95,-95,-95,-95
3206,2,0,74.87,1,2,2,2,4,4,2,2,2,2
3207,2,0,37.23,0,2,2,2,4,4,2,2,2,2
3208,2,1,-98,1,2,1,2,2,5,5,1,1,3
3209,2,-95,33.46,0,4,4,2,4,4,2,2,2,2
3210,1,-95,-95,1,-95,-95,-95,-95,-95,-95,-95,-95,-95
3211,2,0,75.85,1,2,3,2,2,4,1,1,2,1
3212,2,0,42.59,0,1,1,1,3,4,1,1,1,1
3213,2,0,69.2,0,2,1,2,3,2,1,2,1,2
3214,2,0,57.96,1,4,3,2,2,4,3,3,2,3
3215,1,-95,-95,0,-95,-95,-95,-95,-95,-95,-95,-95,-95
3216,2,0,35.98,0,5,5,5,4,4,4,4,-96,1
3217,2,0,63.41,0,-98,-98,-98,-98,-98,-98,-98,-98,-98
3218,2,0,41.79,1,3,3,1,4,5,2,2,5,3
3219,2,0,64.88,0,2,2,2,4,4,3,2,1,1
3220,1,0,-95,0,-95,-95,-95,-95,-95,-95,-95,-95,-95
3221,1,-95,-95,0,-95,-95,-95,-95,-95,-95,-95,-95,-95
3222,1,-95,-95,0,-95,-95,-95,-95,-95,-95,-95,-95,-95
3223,2,-95,-98,0,4,2,2,5,4,2,2,2,1
3224,1,-95,-95,0,-95,-95,-95,-95,-95,-95,-95,-95,-95
3225,1,0,-95,1,-95,-95,-95,-95,-95,-95,-95,-95,-95
3226,1,0,-95,1,-95,-95,-95,-95,-95,-95,-95,-95,-95
3227,1,0,-95,0,-95,-95,-95,-95,-95,-95,-95,-95,-95
3228,1,0,-95,0,-95,-95,-95,-95,-95,-95,-95,-95,-95
3229,2,0,54.15,1,3,4,2,1,2,2,2,1,3
3230,2,0,42.75,0,-95,-95,-95,-95,-95,-95,-95,-95,-95
3231,2,-95,-98,0,4,2,2,4,4,2,-98,2,2
3232,2,0,73.45,1,2,1,2,3,2,2,2,2,2
3233,2,-95,44.79,0,1,2,1,2,4,2,3,3,1
3234,2,-95,-98,0,3,3,3,3,3,3,3,3,3
3235,2,0,68.98,1,2,2,5,4,4,1,1,1,1
3236,2,-95,-98,1,2,4,3,3,4,2,3,2,3
3237,2,0,70.73,1,4,2,2,4,4,3,2,2,2
3238,2,0,56.56,1,1,1,1,5,5,2,2,1,1
3239,1,0,-95,0,-95,-95,-95,-95,-95,-95,-95,-95,-95
3240,2,-95,55.23,0,1,1,1,4,4,4,3,3,3
3241,2,0,44.87,1,4,3,-98,3,3,2,3,4,3
3242,2,-95,-98,1,-95,-95,-95,-95,-95,-95,-95,-95,-95
3243,2,0,63.43,1,5,5,2,2,4,4,4,2,3
3244,2,0,74.47,1,2,3,2,4,4,2,2,2,1
3245,2,-95,68.49,0,1,1,1,3,2,1,1,1,1
3246,1,0,-95,0,-95,-95,-95,-95,-95,-95,-95,-95,-95
3247,1,0,-95,0,-95,-95,-95,-95,-95,-95,-95,-95,-95
3248,1,0,-95,0,-95,-95,-95,-95,-95,-95,-95,-95,-95
3249,1,0,-95,1,-95,-95,-95,-95,-95,-95,-95,-95,-95
3250,2,0,-98,1,1,2,2,5,5,1,1,1,1
3251,2,0,68.88,1,4,2,2,4,4,2,2,1,2
3252,2,0,-98,0,-95,-95,-95,-95,-95,-95,-95,-95,-95
3253,2,-95,39.58,0,1,1,1,4,3,2,4,2,4
3254,1,0,-95,1,-95,-95,-95,-95,-95,-95,-95,-95,-95
3255,2,0,68.68,1,2,2,2,4,4,2,1,2,1
3256,2,0,57.32,1,2,2,2,5,5,3,3,3,3
3257,2,0,74.03,0,2,2,2,-98,4,2,2,2,1
3258,1,0,-95,1,-95,-95,-95,-95,-95,-95,-95,-95,-95
3259,2,0,-98,0,-95,-95,-95,-95,-95,-95,-95,-95,-95
3260,1,-95,-95,0,-95,-95,-95,-95,-95,-95,-95,-95,-95
3261,1,0,-95,0,-95,-95,-95,-95,-95,-95,-95,-95,-95
3262,1,0,-95,1,-95,-95,-95,-95,-95,-95,-95,-95,-95
3263,2,-95,50.97,0,3,3,1,2,3,3,1,1,1
3264,1,-95,-95,0,-95,-95,-95,-95,-95,-95,-95,-95,-95
3265,2,-95,38.89,0,3,3,3,2,3,3,5,4,2
3266,1,0,-95,1,-95,-95,-95,-95,-95,-95,-95,-95,-95
3267,1,-95,-95,1,-95,-95,-95,-95,-95,-95,-95,-95,-95
3268,2,1,85.2,1,1,1,1,4,4,2,2,3,3
3269,1,0,-95,0,-95,-95,-95,-95,-95,-95,-95,-95,-95
3270,1,0,-95,0,-95,-95,-95,-95,-95,-95,-95,-95,-95
3271,2,-95,61.72,1,2,1,1,5,-98,4,4,4,4
3272,2,-95,61.37,1,2,2,2,1,2,2,1,1,1
3273,2,0,73,0,2,2,5,2,2,2,2,1,1
3274,2,0,66.68,1,3,3,2,2,5,3,3,5,4
3275,2,-95,-98,0,1,1,1,4,4,2,2,1,2
3276,2,0,45.24,0,4,4,4,5,4,5,3,2,3
3277,1,0,-95,0,-95,-95,-95,-95,-95,-95,-95,-95,-95
3278,1,0,-95,1,-95,-95,-95,-95,-95,-95,-95,-95,-95
3279,1,-95,-95,0,-95,-95,-95,-95,-95,-95,-95,-95,-95
3280,2,1,71.3,1,2,2,2,4,4,1,1,1,1
3281,2,-95,-98,0,3,3,2,4,4,3,2,4,4
3282,2,0,-98,1,4,3,2,4,4,2,2,2,3
3283,2,0,-98,1,1,2,-98,4,2,3,2,2,3
3284,2,0,67.17,0,1,2,3,5,3,2,1,3,4
3285,2,0,-98,0,-95,-95,-95,-95,-95,-95,-95,-95,-95
3286,2,-95,67.64,0,3,2,2,4,4,3,3,3,3
3287,1,0,-95,1,-95,-95,-95,-95,-95,-95,-95,-95,-95
3288,1,0,-95,0,-95,-95,-95,-95,-95,-95,-95,-95,-95
3289,1,0,-95,1,-95,-95,-95,-95,-95,-95,-95,-95,-95
3290,1,-95,-95,0,-95,-95,-95,-95,-95,-95,-95,-95,-95
3291,2,-95,42.19,1,2,2,2,3,3,2,2,2,2
3292,1,-95,-95,0,-95,-95,-95,-95,-95,-95,-95,-95,-95
3293,2,0,51.9,1,2,4,3,4,4,2,3,2,2
3294,1,1,-95,1,-95,-95,-95,-95,-95,-95,-95,-95,-95
3295,2,-95,-96,0,1,1,3,3,2,4,3,5,4
3296,2,1,-96,1,2,2,1,4,4,2,3,2,3
3297,2,-95,66.52,1,4,3,2,4,5,1,2,1,1
3298,1,-95,-95,0,-95,-95,-95,-95,-95,-95,-95,-95,-95
3299,2,0,53.37,1,4,2,5,5,2,2,3,4,2
3300,1,0,-95,0,-95,-95,-95,-95,-95,-95,-95,-95,-95
3301,2,0,41.12,0,3,3,3,3,3,3,3,3,3
3302,2,0,53.5,1,1,1,2,3,3,2,2,3,2
3303,2,0,67.33,1,2,1,4,3,1,5,3,2,4
3304,1,-95,-95,1,-95,-95,-95,-95,-95,-95,-95,-95,-95
3305,2,0,42.57,0,2,2,2,3,4,2,2,2,2
3306,2,0,64.57,0,2,3,2,5,5,2,3,1,2
3307,2,0,67.66,1,4,3,3,3,3,3,3,3,3
3308,2,0,34.03,0,2,1,5,1,2,3,3,1,3
3309,2,-95,44.63,0,2,2,2,2,4,2,2,1,2
3310,1,0,-95,1,-95,-95,-95,-95,-95,-95,-95,-95,-95
3311,2,0,-98,0,1,1,1,4,4,1,1,1,1
3312,1,0,-95,1,-95,-95,-95,-95,-95,-95,-95,-95,-95
3313,1,-95,-95,0,-95,-95,-95,-95,-95,-95,-95,-95,-95
3314,2,-95,52.5,0,2,2,-98,1,2,1,-98,-98,-98
3315,2,0,64.93,0,2,1,1,-98,3,2,3,1,1
3316,1,0,-95,0,-95,-95,-95,-95,-95,-95,-95,-95,-95
3317,2,0,64.48,1,2,2,2,4,4,1,2,1,2
3318,1,-95,-95,1,-95,-95,-95,-95,-95,-95,-95,-95,-95
3319,1,0,-95,0,-95,-95,-95,-95,-95,-95,-95,-95,-95
3320,1,-95,-95,0,-95,-95,-95,-95,-95,-95,-95,-95,-95
3321,1,0,-95,1,-95,-95,-95,-95,-95,-95,-95,-95,-95
3322,2,0,76.19,0,2,1,1,5,5,2,2,1,2
3323,2,0,58.82,1,2,4,2,3,4,2,2,2,3
3324,2,0,68.56,1,2,2,2,2,2,2,2,2,2
3325,1,0,-95,0,-95,-95,-95,-95,-95,-95,-95,-95,-95
3326,1,0,-95,1,-95,-95,-95,-95,-95,-95,-95,-95,-95
3327,2,-95,60.31,0,2,1,1,5,4,2,2,2,1
3328,1,0,-95,1,-95,-95,-95,-95,-95,-95,-95,-95,-95
3329,2,-95,55.74,0,2,1,1,4,5,1,2,2,2
3330,2,0,56.5,0,1,1,1,3,3,3,1,1,3
3331,1,0,-95,1,-95,-95,-95,-95,-95,-95,-95,-95,-95
3332,1,0,-95,0,-95,-95,-95,-95,-95,-95,-95,-95,-95
3333,2,0,69,0,4,5,4,3,3,3,3,3,3
3334,2,1,81.32,0,1,1,1,4,4,1,1,1,1
3335,1,-95,-95,0,-95,-95,-95,-95,-95,-95,-95,-95,-95
3336,2,0,-96,1,2,3,2,3,5,1,1,1,3
3337,1,0,-95,1,-95,-95,-95,-95,-95,-95,-95,-95,-95
3338,2,0,51.46,1,3,2,4,1,3,3,3,3,3
3339,2,0,-98,0,-95,-95,-95,-95,-95,-95,-95,-95,-95
3340,1,0,-95,0,-95,-95,-95,-95,-95,-95,-95,-95,-95
3341,2,0,60.78,0,2,2,2,4,2,1,1,1,1
3342,2,1,-98,0,-95,-95,-95,-95,-95,-95,-95,-95,-95
3343,2,-95,35.88,0,3,2,2,4,5,1,2,1,2
3344,2,-95,47.64,0,1,2,2,5,4,3,3,4,2
3345,2,-95,-98,0,4,4,4,4,4,4,3,3,4
3346,1,0,-95,1,-95,-95,-95,-95,-95,-95,-95,-95,-95
3347,1,0,-95,0,-95,-95,-95,-95,-95,-95,-95,-95,-95
3348,1,-95,-95,0,-95,-95,-95,-95,-95,-95,-95,-95,-95
3349,1,0,-95,0,-95,-95,-95,-95,-95,-95,-95,-95,-95
3350,2,-95,-96,0,2,2,2,3,4,2,2,2,2
3351,1,0,-95,0,-95,-95,-95,-95,-95,-95,-95,-95,-95
3352,1,0,-95,1,-95,-95,-95,-95,-95,-95,-95,-95,-95
3353,1,-95,-95,1,-95,-95,-95,-95,-95,-95,-95,-95,-95
3354,2,-95,-98,1,5,4,2,2,2,1,1,1,3
3355,2,-95,-98,1,2,2,2,4,4,4,2,2,3
3356,1,0,-95,0,-95,-95,-95,-95,-95,-95,-95,-95,-95
3357,1,-95,-95,1,-95,-95,-95,-95,-95,-95,-95,-95,-95
3358,1,0,-95,0,-95,-95,-95,-95,-95,-95,-95,-95,-95
3359,1,0,-95,1,-95,-95,-95,-95,-95,-95,-95,-95,-95
3360,1,-95,-95,1,-95,-95,-95,-95,-95,-95,-95,-95,-95
3361,2,-95,48.4,1,-98,-98,-98,-98,-98,-98,-98,-98,-98
3362,2,-95,-98,1,2,2,2,2,2,3,3,3,2
3363,2,0,38.86,0,4,4,3,4,4,2,3,3,2
3364,1,0,-95,1,-95,-95,-95,-95,-95,-95,-95,-95,-95
3365,2,0,-98,1,4,4,4,5,2,2,3,2,2
3366,2,0,55.29,0,1,1,1,5,5,1,1,2,1
3367,1,-95,-95,0,-95,-95,-95,-95,-95,-95,-95,-95,-95
3368,2,0,38.79,1,2,2,2,4,4,2,2,2,3
3369,1,0,-95,0,-95,-95,-95,-95,-95,-95,-95,-95,-95
3370,1,0,-95,0,-95,-95,-95,-95,-95,-95,-95,-95,-95
3371,1,-95,-95,0,-95,-95,-95,-95,-95,-95,-95,-95,-95
3372,1,0,-95,1,-95,-95,-95,-95,-95,-95,-95,-95,-95
3373,1,0,-95,1,-95,-95,-95,-95,-95,-95,-95,-95,-95
3374,1,0,-95,0,-95,-95,-95,-95,-95,-95,-95,-95,-95
3375,2,-95,-98,1,-95,-95,-95,-95,-95,-95,-95,-95,-95
3376,1,0,-95,1,-95,-95,-95,-95,-95,-95,-95,-95,-95
3377,2,0,61.95,1,2,2,2,5,5,2,2,2,2
3378,2,0,46.67,0,2,1,2,3,4,2,2,1,3
3379,1,0,-95,1,-95,-95,-95,-95,-95,-95,-95,-95,-95
3380,1,0,-95,0,-95,-95,-95,-95,-95,-95,-95,-95,-95
3381,1,-95,-95,0,-95,-95,-95,-95,-95,-95,-95,-95,-95
3382,1,0,-95,1,-95,-95,-95,-95,-95,-95,-95,-95,-95
3383,1,0,-95,0,-95,-95,-95,-95,-95,-95,-95,-95,-95
3384,2,0,-96,1,3,3,2,4,4,4,3,2,3
3385,1,-95,-95,0,-95,-95,-95,-95,-95,-95,-95,-95,-95
3386,1,-95,-95,0,-95,-95,-95,-95,-95,-95,-95,-95,-95
3387,2,0,34.47,1,4,2,3,5,4,4,4,4,3
3388,2,0,61.38,1,4,3,2,4,5,2,-98,2,1
3389,2,0,82.56,0,2,1,1,4,5,2,3,1,1
3390,2,-95,-98,0,-95,-95,-95,-95,-95,-95,-95,-95,-95
3391,1,0,-95,1,-95,-95,-95,-95,-95,-95,-95,-95,-95
3392,1,0,-95,0,-95,-95,-95,-95,-95,-95,-95,-95,-95
3393,1,-95,-95,0,-95,-95,-95,-95,-95,-95,-95,-95,-95
3394,1,-95,-95,1,-95,-95,-95,-95,-95,-95,-95,-95,-95
3395,2,-95,60.78,0,5,4,4,5,4,2,3,3,2
3396,1,0,-95,0,-95,-95,-95,-95,-95,-95,-95,-95,-95
3397,2,0,58.32,1,3,3,3,2,3,3,3,3,3
3398,2,0,-98,1,-95,-95,-95,-95,-95,-95,-95,-95,-95
3399,1,1,-95,0,-95,-95,-95,-95,-95,-95,-95,-95,-95
3400,1,0,-95,1,-95,-95,-95,-95,-95,-95,-95,-95,-95
3401,2,0,59.13,0,4,5,4,3,5,5,4,4,4
3402,2,0,66.32,1,1,1,2,4,5,3,3,3,3
3403,1,-95,-95,0,-95,-95,-95,-95,-95,-95,-95,-95,-95
3404,1,-95,-95,1,-95,-95,-95,-95,-95,-95,-95,-95,-95
3405,1,0,-95,1,-95,-95,-95,-95,-95,-95,-95,-95,-95
3406,1,-95,-95,1,-95,-95,-95,-95,-95,-95,-95,-95,-95
3407,1,0,-95,1,-95,-95,-95,-95,-95,-95,-95,-95,-95
3408,1,-95,-95,0,-95,-95,-95,-95,-95,-95,-95,-95,-95
3409,2,0,-98,0,2,2,2,3,3,2,2,2,2
3410,2,0,-98,0,1,3,2,4,5,3,1,1,1
3411,1,0,-95,0,-95,-95,-95,-95,-95,-95,-95,-95,-95
3412,2,0,77.96,1,2,1,1,4,4,3,2,2,3
3413,1,1,-95,0,-95,-95,-95,-95,-95,-95,-95,-95,-95
3414,1,0,-95,1,-95,-95,-95,-95,-95,-95,-95,-95,-95
3415,1,0,-95,0,-95,-95,-95,-95,-95,-95,-95,-95,-95
3416,2,-95,-98,0,-95,-95,-95,-95,-95,-95,-95,-95,-95
3417,2,0,-98,1,-95,-95,-95,-95,-95,-95,-95,-95,-95
3418,1,0,-95,0,-95,-95,-95,-95,-95,-95,-95,-95,-95
3419,2,-95,-98,0,-95,-95,-95,-95,-95,-95,-95,-95,-95
3420,2,0,-96,1,1,1,1,5,5,1,1,1,1
3421,2,-95,50.32,0,3,3,3,3,3,1,1,-98,1
3422,1,-95,-95,0,-95,-95,-95,-95,-95,-95,-95,-95,-95
3423,1,0,-95,1,-95,-95,-95,-95,-95,-95,-95,-95,-95
3424,2,-95,50.03,0,2,2,1,2,3,3,4,2,3
3425,1,-95,-95,1,-95,-95,-95,-95,-95,-95,-95,-95,-95
3426,2,0,75.02,0,1,1,1,5,5,2,1,1,2
3427,1,0,-95,1,-95,-95,-95,-95,-95,-95,-95,-95,-95
3428,1,0,-95,1,-95,-95,-95,-95,-95,-95,-95,-95,-95
3429,2,0,43.52,1,5,5,2,3,-98,3,2,1,2
3430,1,0,-95,0,-95,-95,-95,-95,-95,-95,-95,-95,-95
3431,1,0,-95,0,-95,-95,-95,-95,-95,-95,-95,-95,-95
3432,1,-95,-95,1,-95,-95,-95,-95,-95,-95,-95,-95,-95
3433,2,0,57.5,1,-98,1,1,5,5,1,1,1,1
3434,2,0,73.73,1,1,2,2,5,4,2,2,2,2
3435,1,0,-95,1,-95,-95,-95,-95,-95,-95,-95,-95,-95
3436,2,-95,36.57,0,1,2,3,5,4,3,2,2,3
3437,1,-95,-95,0,-95,-95,-95,-95,-95,-95,-95,-95,-95
3438,1,0,-95,1,-95,-95,-95,-95,-95,-95,-95,-95,-95
3439,1,0,-95,0,-95,-95,-95,-95,-95,-95,-95,-95,-95
3440,2,0,-98,0,-95,-95,-95,-95,-95,-95,-95,-95,-95
3441,1,0,-95,1,-95,-95,-95,-95,-95,-95,-95,-95,-95
3442,2,0,61.41,1,2,2,1,4,4,2,2,-98,1
3443,1,-95,-95,1,-95,-95,-95,-95,-95,-95,-95,-95,-95
3444,1,0,-95,1,-95,-95,-95,-95,-95,-95,-95,-95,-95
3445,2,1,82.52,0,3,2,3,4,5,3,1,2,3
3446,1,0,-95,1,-95,-95,-95,-95,-95,-95,-95,-95,-95
3447,1,-95,-95,1,-95,-95,-95,-95,-95,-95,-95,-95,-95
3448,1,0,-95,0,-95,-95,-95,-95,-95,-95,-95,-95,-95
3449,2,-95,50.76,0,4,3,2,2,2,2,2,-98,-98
3450,1,0,-95,0,-95,-95,-95,-95,-95,-95,-95,-95,-95
3451,2,-95,-98,0,1,1,2,2,2,1,2,2,2
3452,2,-95,42.75,1,3,3,2,5,5,3,3,3,3
3453,2,0,71.03,0,4,4,4,1,1,3,4,1,1
3454,2,0,74.87,0,-95,-95,-95,-95,-95,-95,-95,-95,-95
3455,2,-95,-98,1,-98,1,1,4,4,1,1,1,1
3456,2,0,-98,1,-95,-95,-95,-95,-95,-95,-95,-95,-95
3457,2,0,66.58,0,4,4,2,4,5,2,2,3,3
3458,2,0,73.04,1,3,3,3,3,3,3,3,3,3
3459,1,0,-95,1,-95,-95,-95,-95,-95,-95,-95,-95,-95
3460,2,0,58.1,1,2,2,2,4,5,1,1,1,1
3461,1,0,-95,1,-95,-95,-95,-95,-95,-95,-95,-95,-95
3462,2,0,-98,0,-95,-95,-95,-95,-95,-95,-95,-95,-95
3463,2,-95,59.75,1,2,2,2,4,4,2,2,2,2
3464,1,-95,-95,1,-95,-95,-95,-95,-95,-95,-95,-95,-95
3465,1,-95,-95,0,-95,-95,-95,-95,-95,-95,-95,-95,-95
3466,2,-95,50.82,0,4,4,4,4,4,4,4,3,5
3467,1,0,-95,1,-95,-95,-95,-95,-95,-95,-95,-95,-95
3468,1,0,-95,1,-95,-95,-95,-95,-95,-95,-95,-95,-95
3469,1,0,-95,1,-95,-95,-95,-95,-95,-95,-95,-95,-95
3470,2,0,-98,0,2,2,2,4,4,2,2,2,2
3471,1,0,-95,0,-95,-95,-95,-95,-95,-95,-95,-95,-95
3472,1,0,-95,0,-95,-95,-95,-95,-95,-95,-95,-95,-95
3473,1,0,-95,1,-95,-95,-95,-95,-95,-95,-95,-95,-95
3474,1,0,-95,1,-95,-95,-95,-95,-95,-95,-95,-95,-95
3475,2,0,59.72,0,1,1,1,4,5,1,1,1,3
3476,2,-95,35.92,0,1,1,2,-96,2,2,1,1,-98
3477,2,0,78.47,1,3,2,4,4,4,3,3,4,4
3478,1,0,-95,1,-95,-95,-95,-95,-95,-95,-95,-95,-95
3479,2,0,66.01,0,2,2,2,4,5,2,2,2,2
3480,2,0,73.17,0,1,2,2,4,5,1,1,2,1
3481,2,0,57.39,1,2,2,2,4,5,1,1,1,1
3482,2,0,-98,1,-95,-95,-95,-95,-95,-95,-95,-95,-95
3483,2,0,-96,1,2,1,1,4,4,2,5,3,-98
3484,2,0,58.82,1,5,5,5,5,1,1,1,1,1
3485,1,-95,-95,1,-95,-95,-95,-95,-95,-95,-95,-95,-95
3486,1,0,-95,1,-95,-95,-95,-95,-95,-95,-95,-95,-95
3487,2,0,58.04,1,3,3,2,4,4,2,3,2,2
3488,2,1,70.29,0,3,2,3,3,5,2,3,2,2
3489,2,0,56.56,0,1,2,1,5,5,1,2,2,2
3490,1,0,-95,1,-95,-95,-95,-95,-95,-95,-95,-95,-95
3491,1,0,-95,1,-95,-95,-95,-95,-95,-95,-95,-95,-95
3492,1,-95,-95,1,-95,-95,-95,-95,-95,-95,-95,-95,-95
3493,2,0,74.41,0,3,2,2,3,4,1,2,1,1
3494,2,0,74.41,1,2,2,2,1,1,3,2,1,1
3495,1,0,-95,0,-95,-95,-95,-95,-95,-95,-95,-95,-95
3496,2,0,50.51,1,4,3,2,4,4,3,3,2,2
3497,2,-95,54.17,0,1,4,1,5,5,2,1,2,1
3498,1,0,-95,0,-95,-95,-95,-95,-95,-95,-95,-95,-95
3499,2,-95,-98,0,-95,-95,-95,-95,-95,-95,-95,-95,-95
3500,2,0,64.35,0,2,3,2,3,5,2,2,2,3
3501,1,0,-95,0,-95,-95,-95,-95,-95,-95,-95,-95,-95
3502,1,0,-95,1,-95,-95,-95,-95,-95,-95,-95,-95,-95
3503,1,-95,-95,1,-95,-95,-95,-95,-95,-95,-95,-95,-95
3504,1,0,-95,0,-95,-95,-95,-95,-95,-95,-95,-95,-95
3505,1,0,-95,1,-95,-95,-95,-95,-95,-95,-95,-95,-95
3506,1,0,-95,1,-95,-95,-95,-95,-95,-95,-95,-95,-95
3507,1,0,-95,1,-95,-95,-95,-95,-95,-95,-95,-95,-95
3508,2,0,66.68,1,4,3,3,4,3,3,3,4,4
3509,1,0,-95,1,-95,-95,-95,-95,-95,-95,-95,-95,-95
3510,2,0,-98,1,-95,-95,-95,-95,-95,-95,-95,-95,-95
3511,2,0,65.52,1,2,2,2,5,5,1,1,1,1
3512,1,-95,-95,0,-95,-95,-95,-95,-95,-95,-95,-95,-95
3513,2,1,77.21,0,1,1,1,5,5,1,1,1,1
3514,1,0,-95,1,-95,-95,-95,-95,-95,-95,-95,-95,-95
3515,2,0,61.01,0,4,3,3,4,3,4,3,2,2
3516,1,0,-95,1,-95,-95,-95,-95,-95,-95,-95,-95,-95
3517,1,0,-95,0,-95,-95,-95,-95,-95,-95,-95,-95,-95
3518,1,0,-95,1,-95,-95,-95,-95,-95,-95,-95,-95,-95
3519,1,0,-95,0,-95,-95,-95,-95,-95,-95,-95,-95,-95
3520,2,-95,-98,0,-95,-95,-95,-95,-95,-95,-95,-95,-95
3521,1,-95,-95,0,-95,-95,-95,-95,-95,-95,-95,-95,-95
3522,2,-95,-98,1,2,4,4,4,2,1,2,1,2
3523,1,0,-95,1,-95,-95,-95,-95,-95,-95,-95,-95,-95
3524,2,-95,-96,0,1,1,1,1,1,1,1,1,1
3525,1,0,-95,1,-95,-95,-95,-95,-95,-95,-95,-95,-95
3526,1,0,-95,0,-95,-95,-95,-95,-95,-95,-95,-95,-95
3527,2,-95,67.41,0,4,2,2,4,4,2,2,2,2
3528,1,0,-95,0,-95,-95,-95,-95,-95,-95,-95,-95,-95
3529,1,0,-95,0,-95,-95,-95,-95,-95,-95,-95,-95,-95
3530,2,-95,50.71,0,3,2,4,4,2,2,3,2,2
3531,1,0,-95,1,-95,-95,-95,-95,-95,-95,-95,-95,-95
3532,2,0,70.13,0,2,2,2,5,4,1,1,1,1
3533,1,0,-95,1,-95,-95,-95,-95,-95,-95,-95,-95,-95
3534,2,0,62.23,1,1,1,1,5,5,1,1,1,2
3535,1,-95,-95,1,-95,-95,-95,-95,-95,-95,-95,-95,-95
3536,1,0,-95,1,-95,-95,-95,-95,-95,-95,-95,-95,-95
3537,2,-95,54.06,0,1,1,1,5,5,1,1,1,1
3538,2,-95,-98,0,1,2,1,5,5,2,3,-98,3
3539,2,0,71.25,0,1,1,1,5,4,1,1,1,1
3540,1,1,-95,0,-95,-95,-95,-95,-95,-95,-95,-95,-95
3541,2,0,57.38,1,2,2,-96,1,5,2,-98,5,1
3542,1,0,-95,1,-95,-95,-95,-95,-95,-95,-95,-95,-95
3543,2,-95,51.31,1,2,3,2,2,4,3,2,1,1
3544,1,1,-95,0,-95,-95,-95,-95,-95,-95,-95,-95,-95
3545,2,1,-98,0,3,1,1,4,4,4,3,1,1
3546,1,0,-95,1,-95,-95,-95,-95,-95,-95,-95,-95,-95
3547,2,0,41.91,1,3,2,2,2,3,-98,3,4,4
3548,2,0,43.88,0,1,1,1,5,2,3,1,2,1
3549,2,0,62.25,1,2,2,2,5,5,2,2,2,2
3550,2,-95,-98,1,-95,-95,-95,-95,-95,-95,-95,-95,-95
3551,2,0,-98,0,2,2,2,4,4,2,2,2,2
3552,1,0,-95,1,-95,-95,-95,-95,-95,-95,-95,-95,-95
3553,2,0,-98,0,1,1,1,1,1,1,1,1,1
3554,1,0,-95,0,-95,-95,-95,-95,-95,-95,-95,-95,-95
3555,2,0,41.04,0,5,5,5,5,5,5,5,5,5
3556,2,0,-98,0,3,2,2,5,4,2,2,4,2
3557,1,0,-95,0,-95,-95,-95,-95,-95,-95,-95,-95,-95
3558,1,0,-95,0,-95,-95,-95,-95,-95,-95,-95,-95,-95
3559,2,0,-96,1,2,2,2,4,4,3,3,3,2
3560,1,-95,-95,0,-95,-95,-95,-95,-95,-95,-95,-95,-95
3561,2,-95,-98,0,1,2,2,4,4,1,1,1,1
3562,2,0,-98,0,-95,-95,-95,-95,-95,-95,-95,-95,-95
3563,2,1,67.27,1,2,1,1,5,5,1,3,1,1
3564,2,0,-96,1,2,2,5,2,3,2,2,2,2
3565,1,-95,-95,0,-95,-95,-95,-95,-95,-95,-95,-95,-95
3566,1,0,-95,0,-95,-95,-95,-95,-95,-95,-95,-95,-95
3567,1,0,-95,0,-95,-95,-95,-95,-95,-95,-95,-95,-95
3568,1,0,-95,0,-95,-95,-95,-95,-95,-95,-95,-95,-95
3569,2,0,65.44,1,4,2,2,4,4,2,2,2,2
3570,2,1,64.64,0,1,1,1,1,4,3,3,3,3
3571,2,-95,48.18,0,1,1,1,1,3,1,1,1,1
3572,2,0,35.68,1,4,4,4,4,1,1,1,1,1
3573,1,0,-95,1,-95,-95,-95,-95,-95,-95,-95,-95,-95
3574,1,0,-95,1,-95,-95,-95,-95,-95,-95,-95,-95,-95
3575,1,0,-95,0,-95,-95,-95,-95,-95,-95,-95,-95,-95
3576,2,0,-96,0,3,3,3,4,3,1,1,1,1
3577,2,0,59.71,0,-95,-95,-95,-95,-95,-95,-95,-95,-95
3578,1,0,-95,1,-95,-95,-95,-95,-95,-95,-95,-95,-95
3579,2,1,62.45,0,1,1,1,4,5,1,1,1,1
3580,1,0,-95,0,-95,-95,-95,-95,-95,-95,-95,-95,-95
3581,2,-95,-98,1,2,2,3,3,2,3,4,3,4
3582,1,-95,-95,0,-95,-95,-95,-95,-95,-95,-95,-95,-95
3583,2,0,49.38,1,1,1,1,3,4,1,1,1,1
3584,2,0,57.96,1,2,2,2,5,5,2,2,1,2
3585,2,-95,-98,0,-95,-95,-95,-95,-95,-95,-95,-95,-95
3586,1,-95,-95,0,-95,-95,-95,-95,-95,-95,-95,-95,-95
3587,2,0,53.39,1,1,1,1,4,3,2,2,2,1
3588,1,0,-95,0,-95,-95,-95,-95,-95,-95,-95,-95,-95
3589,2,0,72.24,0,-95,-95,-95,-95,-95,-95,-95,-95,-95
3590,2,-95,69.28,1,3,2,2,2,3,2,3,2,2
3591,2,0,48.58,1,4,2,2,4,4,2,2,2,2
3592,2,0,78.11,0,2,2,2,4,4,2,2,2,2
3593,2,0,68.81,0,1,2,2,5,5,3,3,3,3
3594,2,0,33.86,0,5,5,5,5,5,5,5,5,5
3595,2,0,58.42,1,-95,-95,-95,-95,-95,-95,-95,-95,-95
3596,1,-95,-95,1,-95,-95,-95,-95,-95,-95,-95,-95,-95
3597,2,-95,49.22,1,2,2,3,5,5,3,3,3,3
3598,1,-95,-95,1,-95,-95,-95,-95,-95,-95,-95,-95,-95
3599,2,-95,-96,0,2,3,2,2,-98,1,1,1,1
3600,1,0,-95,1,-95,-95,-95,-95,-95,-95,-95,-95,-95
3601,2,0,59.99,1,1,1,1,4,4,4,3,2,2
3602,1,0,-95,0,-95,-95,-95,-95,-95,-95,-95,-95,-95
3603,1,-95,-95,1,-95,-95,-95,-95,-95,-95,-95,-95,-95
3604,2,0,-98,0,1,1,1,4,4,1,1,1,1
3605,1,0,-95,1,-95,-95,-95,-95,-95,-95,-95,-95,-95
3606,1,0,-95,0,-95,-95,-95,-95,-95,-95,-95,-95,-95
3607,2,-95,43.15,0,4,2,2,4,4,4,4,4,4
3608,2,0,58.1,1,1,1,1,5,5,5,3,1,1
3609,1,0,-95,0,-95,-95,-95,-95,-95,-95,-95,-95,-95
3610,2,0,76.5,0,2,2,2,5,5,1,-98,1,1
3611,1,0,-95,0,-95,-95,-95,-95,-95,-95,-95,-95,-95
3612,1,0,-95,1,-95,-95,-95,-95,-95,-95,-95,-95,-95
3613,2,0,50.11,0,2,2,2,4,4,1,2,2,2
3614,2,0,63,0,5,2,4,4,4,2,2,2,2
3615,1,0,-95,0,-95,-95,-95,-95,-95,-95,-95,-95,-95
3616,2,-95,-98,0,-95,-95,-95,-95,-95,-95,-95,-95,-95
3617,1,0,-95,0,-95,-95,-95,-95,-95,-95,-95,-95,-95
3618,2,0,-98,1,-95,-95,-95,-95,-95,-95,-95,-95,-95
3619,1,-95,-95,0,-95,-95,-95,-95,-95,-95,-95,-95,-95
3620,2,-95,57.93,1,1,1,1,3,4,1,1,1,1
3621,1,0,-95,0,-95,-95,-95,-95,-95,-95,-95,-95,-95
3622,2,-95,55,1,-95,-95,-95,-95,-95,-95,-95,-95,-95
3623,1,0,-95,0,-95,-95,-95,-95,-95,-95,-95,-95,-95
3624,2,-95,58.16,1,1,1,1,5,5,1,3,2,1
3625,1,0,-95,0,-95,-95,-95,-95,-95,-95,-95,-95,-95
3626,2,-95,53.29,0,4,2,2,1,1,3,3,3,3
3627,1,-95,-95,0,-95,-95,-95,-95,-95,-95,-95,-95,-95
3628,1,-95,-95,0,-95,-95,-95,-95,-95,-95,-95,-95,-95
3629,1,0,-95,1,-95,-95,-95,-95,-95,-95,-95,-95,-95
3630,2,-95,-98,0,2,2,2,2,4,2,2,2,2
3631,1,-95,-95,1,-95,-95,-95,-95,-95,-95,-95,-95,-95
3632,2,0,47.54,1,2,2,3,4,4,1,1,1,1
3633,1,0,-95,0,-95,-95,-95,-95,-95,-95,-95,-95,-95
3634,1,-95,-95,0,-95,-95,-95,-95,-95,-95,-95,-95,-95
3635,1,-95,-95,0,-95,-95,-95,-95,-95,-95,-95,-95,-95
3636,2,0,52.76,0,1,2,2,2,2,2,2,-98,1
3637,2,0,58.18,0,2,2,2,4,5,3,2,1,3
3638,1,0,-95,1,-95,-95,-95,-95,-95,-95,-95,-95,-95
3639,1,0,-95,0,-95,-95,-95,-95,-95,-95,-95,-95,-95
3640,1,-95,-95,0,-95,-95,-95,-95,-95,-95,-95,-95,-95
3641,1,0,-95,0,-95,-95,-95,-95,-95,-95,-95,-95,-95
3642,1,-95,-95,1,-95,-95,-95,-95,-95,-95,-95,-95,-95
3643,2,0,51.07,1,4,2,4,4,4,2,2,5,2
3644,2,0,63.71,1,3,2,2,4,3,2,2,1,3
3645,1,0,-95,0,-95,-95,-95,-95,-95,-95,-95,-95,-95
3646,2,0,-98,1,5,5,5,4,4,4,4,3,2
3647,2,0,-98,1,3,3,3,3,3,3,3,3,3
3648,2,-95,-98,0,2,1,5,3,-96,2,-96,2,3
3649,1,0,-95,1,-95,-95,-95,-95,-95,-95,-95,-95,-95
3650,1,0,-95,1,-95,-95,-95,-95,-95,-95,-95,-95,-95
3651,1,-95,-95,1,-95,-95,-95,-95,-95,-95,-95,-95,-95
3652,2,0,56.37,1,3,4,2,2,2,3,3,2,3
3653,1,0,-95,0,-95,-95,-95,-95,-95,-95,-95,-95,-95
3654,1,0,-95,1,-95,-95,-95,-95,-95,-95,-95,-95,-95
3655,1,0,-95,1,-95,-95,-95,-95,-95,-95,-95,-95,-95
3656,2,0,-96,1,3,3,2,5,2,4,3,2,2
3657,1,0,-95,1,-95,-95,-95,-95,-95,-95,-95,-95,-95
3658,1,0,-95,1,-95,-95,-95,-95,-95,-95,-95,-95,-95
3659,1,0,-95,0,-95,-95,-95,-95,-95,-95,-95,-95,-95
3660,2,-95,40.86,0,2,3,2,4,5,2,2,2,2
3661,2,0,36.48,0,-98,-98,-98,-98,-98,-98,-98,-98,-98
3662,1,-95,-95,1,-95,-95,-95,-95,-95,-95,-95,-95,-95
3663,2,0,-98,0,4,2,2,4,4,3,3,1,1
3664,1,0,-95,1,-95,-95,-95,-95,-95,-95,-95,-95,-95
3665,1,-95,-95,0,-95,-95,-95,-95,-95,-95,-95,-95,-95
3666,2,0,61.5,0,1,1,1,5,5,1,1,1,1
3667,2,0,58.25,0,1,1,1,3,1,1,1,5,1
3668,2,-95,62.65,0,-95,-95,-95,-95,-95,-95,-95,-95,-95
3669,1,0,-95,0,-95,-95,-95,-95,-95,-95,-95,-95,-95
3670,1,-95,-95,1,-95,-95,-95,-95,-95,-95,-95,-95,-95
3671,2,0,66.38,0,2,2,2,3,3,2,3,-98,2
3672,1,0,-95,1,-95,-95,-95,-95,-95,-95,-95,-95,-95
3673,1,-95,-95,0,-95,-95,-95,-95,-95,-95,-95,-95,-95
3674,2,0,-96,1,1,1,1,2,4,1,2,2,2
3675,1,0,-95,1,-95,-95,-95,-95,-95,-95,-95,-95,-95
3676,1,0,-95,0,-95,-95,-95,-95,-95,-95,-95,-95,-95
3677,1,-95,-95,0,-95,-95,-95,-95,-95,-95,-95,-95,-95
3678,2,0,-98,1,5,5,5,1,5,5,5,5,5
3679,2,-95,-98,0,-95,-95,-95,-95,-95,-95,-95,-95,-95
3680,1,0,-95,0,-95,-95,-95,-95,-95,-95,-95,-95,-95
3681,2,0,-98,0,2,2,2,3,5,1,1,1,3
3682,2,-95,43.31,1,1,1,1,4,4,2,2,3,1
3683,2,0,71.46,1,1,2,2,4,4,2,2,2,2
3684,2,0,-98,0,2,2,2,4,4,3,3,2,1
3685,1,0,-95,1,-95,-95,-95,-95,-95,-95,-95,-95,-95
3686,1,0,-95,0,-95,-95,-95,-95,-95,-95,-95,-95,-95
3687,2,0,56.86,1,1,1,5,5,5,1,2,2,2
3688,1,-95,-95,0,-95,-95,-95,-95,-95,-95,-95,-95,-95
3689,1,-95,-95,0,-95,-95,-95,-95,-95,-95,-95,-95,-95
3690,2,-95,-98,0,1,1,3,3,4,5,4,1,1
3691,1,-95,-95,0,-95,-95,-95,-95,-95,-95,-95,-95,-95
3692,1,0,-95,1,-95,-95,-95,-95,-95,-95,-95,-95,-95
3693,1,0,-95,1,-95,-95,-95,-95,-95,-95,-95,-95,-95
3694,2,-95,42.18,0,3,4,3,3,3,3,5,3,2
3695,2,-95,65.54,0,3,3,2,2,3,3,3,2,3
3696,2,0,59.35,1,1,1,2,5,4,1,2,1,2
3697,2,0,78.88,1,2,2,2,2,4,4,2,1,2
3698,1,-95,-95,0,-95,-95,-95,-95,-95,-95,-95,-95,-95
3699,1,0,-95,1,-95,-95,-95,-95,-95,-95,-95,-95,-95
3700,2,0,65.33,1,2,2,4,5,4,1,1,1,1
3701,1,0,-95,1,-95,-95,-95,-95,-95,-95,-95,-95,-95
3702,1,0,-95,0,-95,-95,-95,-95,-95,-95,-95,-95,-95
3703,2,0,34.1,1,1,2,3,4,4,3,3,3,3
3704,1,0,-95,0,-95,-95,-95,-95,-95,-95,-95,-95,-95
3705,1,0,-95,1,-95,-95,-95,-95,-95,-95,-95,-95,-95
3706,2,1,57.02,0,4,2,3,3,4,3,2,2,3
3707,1,0,-95,0,-95,-95,-95,-95,-95,-95,-95,-95,-95
3708,1,0,-95,1,-95,-95,-95,-95,-95,-95,-95,-95,-95
3709,1,-95,-95,1,-95,-95,-95,-95,-95,-95,-95,-95,-95
3710,2,0,60.57,1,-98,-98,-98,-98,-98,-98,-98,-98,-98
3711,1,-95,-95,0,-95,-95,-95,-95,-95,-95,-95,-95,-95
3712,2,-95,44.37,0,2,1,2,4,3,2,2,2,2
3713,1,0,-95,1,-95,-95,-95,-95,-95,-95,-95,-95,-95
3714,1,0,-95,0,-95,-95,-95,-95,-95,-95,-95,-95,-95
3715,1,-95,-95,1,-95,-95,-95,-95,-95,-95,-95,-95,-95
3716,2,-95,52.64,0,3,1,1,1,1,1,1,1,1
3717,2,-95,48.6,0,2,2,2,5,3,3,3,3,3
3718,1,-95,-95,0,-95,-95,-95,-95,-95,-95,-95,-95,-95
3719,2,0,46.04,1,-95,-95,-95,-95,-95,-95,-95,-95,-95
3720,2,-95,45.95,1,1,1,2,4,5,1,2,2,3
3721,2,0,-98,0,5,5,1,5,5,2,1,1,3
3722,1,0,-95,1,-95,-95,-95,-95,-95,-95,-95,-95,-95
3723,1,0,-95,1,-95,-95,-95,-95,-95,-95,-95,-95,-95
3724,1,0,-95,0,-95,-95,-95,-95,-95,-95,-95,-95,-95
3725,1,0,-95,0,-95,-95,-95,-95,-95,-95,-95,-95,-95
3726,1,0,-95,1,-95,-95,-95,-95,-95,-95,-95,-95,-95
3727,2,-95,-98,1,-95,-95,-95,-95,-95,-95,-95,-95,-95
3728,1,0,-95,1,-95,-95,-95,-95,-95,-95,-95,-95,-95
3729,2,-95,-98,0,-95,-95,-95,-95,-95,-95,-95,-95,-95
3730,2,0,62.82,0,2,2,2,4,4,1,2,1,1
3731,1,1,-95,0,-95,-95,-95,-95,-95,-95,-95,-95,-95
3732,2,-95,51.82,1,2,2,1,1,4,1,1,1,1
3733,1,0,-95,1,-95,-95,-95,-95,-95,-95,-95,-95,-95
3734,1,0,-95,0,-95,-95,-95,-95,-95,-95,-95,-95,-95
3735,2,-95,44.16,1,2,2,2,5,4,4,3,3,3
3736,1,0,-95,1,-95,-95,-95,-95,-95,-95,-95,-95,-95
3737,2,0,84.47,0,2,2,2,4,4,2,2,2,2
3738,1,0,-95,1,-95,-95,-95,-95,-95,-95,-95,-95,-95
3739,1,0,-95,1,-95,-95,-95,-95,-95,-95,-95,-95,-95
3740,2,0,57.52,1,-95,-95,-95,-95,-95,-95,-95,-95,-95
3741,2,0,68.28,1,3,2,3,4,2,3,2,1,3
3742,2,0,-96,0,2,4,3,2,4,2,2,2,2
3743,2,0,43.35,1,2,2,2,4,4,2,2,3,2
3744,1,0,-95,1,-95,-95,-95,-95,-95,-95,-95,-95,-95
3745,1,0,-95,0,-95,-95,-95,-95,-95,-95,-95,-95,-95
3746,2,-95,54.79,0,4,3,2,4,4,3,2,-98,2
3747,2,0,51.92,1,1,1,1,1,4,1,1,1,1
3748,2,0,49.56,0,5,2,2,4,3,3,2,5,4
3749,2,0,53.82,1,4,2,2,4,4,2,3,2,2
3750,2,0,44.98,1,2,1,1,5,5,2,1,2,2
3751,2,0,65.16,0,1,2,1,5,5,1,1,1,1
3752,2,1,74.72,0,2,2,2,5,4,-98,4,5,2
3753,2,0,-98,0,-95,-95,-95,-95,-95,-95,-95,-95,-95
3754,1,0,-95,1,-95,-95,-95,-95,-95,-95,-95,-95,-95
3755,2,0,69,1,2,4,3,4,4,2,2,2,2
3756,2,-95,-96,0,4,5,4,4,5,4,4,3,2
3757,2,0,-96,0,2,2,2,4,4,2,2,2,2
3758,1,0,-95,0,-95,-95,-95,-95,-95,-95,-95,-95,-95
3759,2,0,-96,0,4,2,2,4,3,3,3,3,3
3760,1,0,-95,0,-95,-95,-95,-95,-95,-95,-95,-95,-95
3761,1,0,-95,0,-95,-95,-95,-95,-95,-95,-95,-95,-95
3762,2,-95,-98,0,2,1,2,3,4,3,2,2,2
3763,2,0,-96,0,2,3,2,2,2,3,2,2,2
3764,2,0,60.41,0,5,5,5,5,5,1,5,1,1
3765,2,0,70.59,1,2,1,1,4,4,1,1,2,3
3766,2,0,69.94,0,3,2,4,4,4,1,2,1,-96
3767,2,0,71.05,1,3,3,3,3,4,3,3,3,3
3768,2,-95,-98,0,-95,-95,-95,-95,-95,-95,-95,-95,-95
3769,2,0,46.17,1,4,3,2,4,4,3,3,3,3
3770,2,0,68.07,1,4,4,2,3,4,4,4,4,4
3771,1,0,-95,0,-95,-95,-95,-95,-95,-95,-95,-95,-95
3772,2,0,-96,0,3,3,3,2,4,3,2,2,3
3773,1,-95,-95,0,-95,-95,-95,-95,-95,-95,-95,-95,-95
3774,2,0,59.99,1,3,4,2,2,3,2,3,1,1
3775,2,0,50.87,0,2,3,3,3,3,3,3,3,3
3776,2,1,79.28,0,2,2,2,4,4,2,2,2,2
3777,2,-95,45.93,0,3,3,2,3,4,1,3,1,1
3778,1,0,-95,0,-95,-95,-95,-95,-95,-95,-95,-95,-95
3779,2,0,69.53,1,2,2,4,4,2,1,1,2,1
3780,1,0,-95,1,-95,-95,-95,-95,-95,-95,-95,-95,-95
3781,2,1,63.74,0,1,2,1,5,5,1,1,1,1
3782,2,-95,-98,0,1,1,2,4,5,2,2,2,2
3783,1,0,-95,0,-95,-95,-95,-95,-95,-95,-95,-95,-95
3784,2,0,35.53,1,3,2,2,3,2,2,3,2,3
3785,2,1,39.55,0,1,1,1,1,5,1,1,1,1
3786,1,0,-95,1,-95,-95,-95,-95,-95,-95,-95,-95,-95
3787,1,0,-95,1,-95,-95,-95,-95,-95,-95,-95,-95,-95
3788,1,0,-95,0,-95,-95,-95,-95,-95,-95,-95,-95,-95
3789,2,0,43.29,0,2,2,2,4,4,2,2,2,2
3790,1,0,-95,1,-95,-95,-95,-95,-95,-95,-95,-95,-95
3791,1,0,-95,1,-95,-95,-95,-95,-95,-95,-95,-95,-95
3792,2,0,75.71,1,4,2,2,4,5,3,3,4,3
3793,2,-95,70.98,0,1,4,3,1,2,1,3,4,3
3794,2,1,71.08,1,4,1,2,4,4,3,3,2,3
3795,1,-95,-95,0,-95,-95,-95,-95,-95,-95,-95,-95,-95
3796,2,0,52.13,0,1,1,1,3,5,3,3,3,3
3797,1,-95,-95,1,-95,-95,-95,-95,-95,-95,-95,-95,-95
3798,1,-95,-95,0,-95,-95,-95,-95,-95,-95,-95,-95,-95
3799,1,0,-95,0,-95,-95,-95,-95,-95,-95,-95,-95,-95
3800,2,0,37.35,1,2,2,2,3,4,3,2,2,2
3801,2,0,73.11,1,2,2,2,5,4,2,2,2,2
3802,2,0,-98,1,1,1,1,5,4,2,1,2,1
3803,2,0,64.7,1,1,1,1,5,5,2,2,1,1
3804,2,-95,-98,0,1,1,1,1,4,1,2,1,2
3805,2,0,-98,0,-95,-95,-95,-95,-95,-95,-95,-95,-95
3806,2,-95,-98,1,-95,-95,-95,-95,-95,-95,-95,-95,-95
3807,1,0,-95,1,-95,-95,-95,-95,-95,-95,-95,-95,-95
3808,1,0,-95,0,-95,-95,-95,-95,-95,-95,-95,-95,-95
3809,1,-95,-95,1,-95,-95,-95,-95,-95,-95,-95,-95,-95
3810,2,0,62.44,1,1,1,1,5,5,1,1,1,1
3811,1,-95,-95,1,-95,-95,-95,-95,-95,-95,-95,-95,-95
3812,2,-95,-96,0,3,3,3,3,3,3,3,3,3
3813,2,0,60.15,0,1,1,1,4,4,3,2,2,1
3814,2,0,50.58,1,-95,-95,-95,-95,-95,-95,-95,-95,-95
3815,2,0,53.61,1,3,4,3,3,5,2,3,3,2
3816,2,0,50.6,0,3,2,3,3,4,3,2,4,2
3817,1,0,-95,0,-95,-95,-95,-95,-95,-95,-95,-95,-95
3818,1,-95,-95,0,-95,-95,-95,-95,-95,-95,-95,-95,-95
3819,2,0,71.07,0,4,4,2,5,4,2,2,2,2
3820,2,0,39.68,0,4,3,3,3,5,3,3,2,1
3821,2,0,57.61,1,2,4,2,4,1,1,1,1,1
3822,2,-95,-98,1,2,2,2,4,2,2,1,2,2
3823,2,-95,62.91,0,1,1,1,4,4,2,2,2,2
3824,1,0,-95,1,-95,-95,-95,-95,-95,-95,-95,-95,-95
3825,2,-95,-96,1,2,2,-96,3,2,2,2,2,2
3826,1,1,-95,0,-95,-95,-95,-95,-95,-95,-95,-95,-95
3827,2,-95,-98,0,1,1,1,1,1,1,1,1,1
3828,1,0,-95,1,-95,-95,-95,-95,-95,-95,-95,-95,-95
3829,2,-95,-98,1,2,2,2,5,4,3,3,2,2
3830,2,0,42.74,0,1,1,1,3,5,1,1,1,1
3831,2,-95,-98,1,2,2,2,2,2,2,2,2,2
3832,2,0,59.3,1,1,1,1,5,5,1,1,1,1
3833,1,0,-95,1,-95,-95,-95,-95,-95,-95,-95,-95,-95
3834,2,0,64.91,1,4,2,3,3,2,2,2,3,2
3835,1,-95,-95,1,-95,-95,-95,-95,-95,-95,-95,-95,-95
3836,2,-95,-98,1,1,1,1,5,5,1,1,1,1
3837,2,-95,45.09,0,-95,-95,-95,-95,-95,-95,-95,-95,-95
3838,1,0,-95,1,-95,-95,-95,-95,-95,-95,-95,-95,-95
3839,2,0,66.91,1,1,1,2,4,4,-98,3,4,1
3840,1,0,-95,0,-95,-95,-95,-95,-95,-95,-95,-95,-95
3841,1,0,-95,1,-95,-95,-95,-95,-95,-95,-95,-95,-95
3842,1,0,-95,0,-95,-95,-95,-95,-95,-95,-95,-95,-95
3843,2,0,70.52,0,4,2,2,4,4,4,2,4,4
3844,2,0,51.73,1,2,2,2,5,5,3,2,3,3
3845,1,0,-95,1,-95,-95,-95,-95,-95,-95,-95,-95,-95
3846,1,0,-95,0,-95,-95,-95,-95,-95,-95,-95,-95,-95
3847,2,0,61.11,0,1,1,1,4,4,1,3,1,1
3848,1,-95,-95,1,-95,-95,-95,-95,-95,-95,-95,-95,-95
3849,2,0,78.55,1,2,2,3,2,3,2,2,1,1
3850,2,-95,-98,1,3,4,2,2,2,3,3,2,3
3851,1,-95,-95,0,-95,-95,-95,-95,-95,-95,-95,-95,-95
3852,2,0,61.98,0,1,1,1,5,5,1,1,1,1
3853,2,0,-96,0,5,3,2,5,5,3,2,1,3
3854,1,0,-95,0,-95,-95,-95,-95,-95,-95,-95,-95,-95
3855,2,-95,-96,0,3,3,2,2,2,2,2,2,2
3856,1,-95,-95,1,-95,-95,-95,-95,-95,-95,-95,-95,-95
3857,1,0,-95,1,-95,-95,-95,-95,-95,-95,-95,-95,-95
3858,1,-95,-95,0,-95,-95,-95,-95,-95,-95,-95,-95,-95
3859,1,0,-95,1,-95,-95,-95,-95,-95,-95,-95,-95,-95
3860,2,0,-98,1,2,3,2,2,4,3,3,2,2
3861,1,0,-95,1,-95,-95,-95,-95,-95,-95,-95,-95,-95
3862,2,0,58.03,1,4,2,2,4,5,1,2,2,1
3863,1,-95,-95,0,-95,-95,-95,-95,-95,-95,-95,-95,-95
3864,1,-95,-95,0,-95,-95,-95,-95,-95,-95,-95,-95,-95
3865,1,0,-95,0,-95,-95,-95,-95,-95,-95,-95,-95,-95
3866,1,0,-95,0,-95,-95,-95,-95,-95,-95,-95,-95,-95
3867,1,-95,-95,0,-95,-95,-95,-95,-95,-95,-95,-95,-95
3868,1,-95,-95,1,-95,-95,-95,-95,-95,-95,-95,-95,-95
3869,2,0,63.02,0,2,3,2,3,4,2,3,3,4
3870,1,0,-95,1,-95,-95,-95,-95,-95,-95,-95,-95,-95
3871,2,0,52.04,1,4,5,2,2,4,2,4,1,3
3872,1,0,-95,1,-95,-95,-95,-95,-95,-95,-95,-95,-95
3873,1,0,-95,1,-95,-95,-95,-95,-95,-95,-95,-95,-95
3874,2,0,-98,1,-98,-98,-98,-98,-98,-98,-98,-98,-98
3875,1,0,-95,1,-95,-95,-95,-95,-95,-95,-95,-95,-95
3876,2,1,73.19,1,2,2,2,5,5,2,2,2,2
3877,1,0,-95,1,-95,-95,-95,-95,-95,-95,-95,-95,-95
3878,1,-95,-95,0,-95,-95,-95,-95,-95,-95,-95,-95,-95
3879,1,0,-95,0,-95,-95,-95,-95,-95,-95,-95,-95,-95
3880,2,0,52.73,1,1,1,1,5,5,1,1,1,1
3881,1,0,-95,0,-95,-95,-95,-95,-95,-95,-95,-95,-95
3882,2,0,77.27,1,2,2,2,4,4,2,3,2,2
3883,1,0,-95,1,-95,-95,-95,-95,-95,-95,-95,-95,-95
3884,1,0,-95,0,-95,-95,-95,-95,-95,-95,-95,-95,-95
3885,2,0,52.85,1,2,2,2,3,3,2,2,3,2
3886,1,0,-95,0,-95,-95,-95,-95,-95,-95,-95,-95,-95
3887,2,0,60.78,1,3,2,2,4,5,1,2,3,2
3888,2,-95,59.4,0,1,1,1,5,5,1,-98,-98,-98
3889,2,0,65.46,1,2,2,2,5,5,1,1,1,1
3890,2,-95,54.97,1,2,2,2,4,5,5,1,1,3
3891,2,0,42.03,0,3,2,2,2,2,2,2,2,2
3892,2,0,-98,0,2,3,2,2,2,4,2,3,4
3893,1,0,-95,1,-95,-95,-95,-95,-95,-95,-95,-95,-95
3894,1,0,-95,1,-95,-95,-95,-95,-95,-95,-95,-95,-95
3895,1,0,-95,0,-95,-95,-95,-95,-95,-95,-95,-95,-95
3896,1,0,-95,0,-95,-95,-95,-95,-95,-95,-95,-95,-95
3897,2,0,-98,0,5,4,3,3,3,5,5,1,5
3898,2,0,45.34,1,1,3,3,5,1,1,1,1,1
3899,2,1,72.14,1,1,1,1,4,5,3,2,3,2
3900,2,-95,50.29,0,1,2,2,4,4,3,2,3,4
3901,2,0,64.37,1,2,2,2,3,4,3,2,2,3
3902,1,0,-95,1,-95,-95,-95,-95,-95,-95,-95,-95,-95
3903,1,-95,-95,0,-95,-95,-95,-95,-95,-95,-95,-95,-95
3904,1,-95,-95,0,-95,-95,-95,-95,-95,-95,-95,-95,-95
3905,1,0,-95,0,-95,-95,-95,-95,-95,-95,-95,-95,-95
3906,2,0,44.63,0,2,4,2,4,5,2,2,2,1
3907,2,-95,38.06,1,4,4,4,2,2,3,3,3,3
3908,2,0,36.68,0,1,2,2,5,5,1,1,1,1
3909,2,1,-96,0,4,4,3,4,2,2,2,2,2
3910,1,1,-95,0,-95,-95,-95,-95,-95,-95,-95,-95,-95
3911,2,0,57.58,1,5,4,1,4,4,1,1,1,1
3912,2,0,-96,0,3,3,3,3,3,3,3,3,3
3913,1,0,-95,1,-95,-95,-95,-95,-95,-95,-95,-95,-95
3914,2,-95,49.92,0,2,2,2,4,4,2,2,2,2
3915,1,0,-95,1,-95,-95,-95,-95,-95,-95,-95,-95,-95
3916,1,0,-95,0,-95,-95,-95,-95,-95,-95,-95,-95,-95
3917,2,0,66.32,0,2,2,3,2,3,2,3,1,3
3918,1,0,-95,0,-95,-95,-95,-95,-95,-95,-95,-95,-95
3919,1,-95,-95,1,-95,-95,-95,-95,-95,-95,-95,-95,-95
3920,2,-95,44.24,0,2,2,2,4,3,3,3,3,2
3921,2,0,77.87,1,-95,-95,-95,-95,-95,-95,-95,-95,-95
3922,1,0,-95,0,-95,-95,-95,-95,-95,-95,-95,-95,-95
3923,2,0,74.32,0,1,1,1,4,4,1,1,1,1
3924,1,0,-95,1,-95,-95,-95,-95,-95,-95,-95,-95,-95
3925,2,-95,-98,1,2,1,1,4,5,1,3,1,1
3926,2,0,-98,1,1,1,1,4,5,1,2,2,3
3927,2,-95,64.83,1,4,4,2,4,1,1,1,2,1
3928,1,-95,-95,0,-95,-95,-95,-95,-95,-95,-95,-95,-95
3929,2,0,36.55,0,1,2,2,2,-96,1,2,2,4
3930,1,0,-95,0,-95,-95,-95,-95,-95,-95,-95,-95,-95
3931,2,0,58.48,1,5,2,3,2,2,3,4,2,3
3932,1,0,-95,1,-95,-95,-95,-95,-95,-95,-95,-95,-95
3933,2,0,47.98,1,2,2,2,4,4,2,3,2,2
3934,2,0,57.38,0,3,4,3,2,3,2,2,2,1
3935,2,0,62.34,0,3,2,1,3,5,1,1,1,2
3936,2,-95,39.78,0,1,2,1,4,4,1,1,2,1
3937,2,0,37.52,0,2,2,2,4,4,1,1,1,1
3938,1,1,-95,0,-95,-95,-95,-95,-95,-95,-95,-95,-95
3939,1,-95,-95,0,-95,-95,-95,-95,-95,-95,-95,-95,-95
3940,2,0,66.06,1,2,2,2,5,5,2,3,1,2
3941,1,0,-95,0,-95,-95,-95,-95,-95,-95,-95,-95,-95
3942,1,0,-95,0,-95,-95,-95,-95,-95,-95,-95,-95,-95
3943,2,0,41.21,0,2,3,1,2,4,2,2,1,1
3944,2,0,-98,0,4,1,2,2,1,3,3,1,3
3945,1,-95,-95,1,-95,-95,-95,-95,-95,-95,-95,-95,-95
3946,2,0,55.08,0,4,3,2,4,4,3,2,2,2
3947,2,-95,-98,1,1,1,1,5,5,1,1,1,1
3948,2,0,48.44,0,1,1,1,5,5,3,1,1,1
3949,2,0,83.04,1,2,2,1,4,4,1,1,1,1
3950,2,-95,56.62,0,-95,-95,-95,-95,-95,-95,-95,-95,-95
3951,2,0,67.19,1,2,1,1,4,5,4,2,2,3
3952,1,1,-95,0,-95,-95,-95,-95,-95,-95,-95,-95,-95
3953,2,0,-98,0,4,2,2,4,4,3,3,2,2
3954,2,0,50.48,0,4,3,4,5,2,2,2,3,5
3955,2,0,-98,1,1,1,1,4,1,1,-98,1,1
3956,2,0,58.46,1,2,3,2,4,4,3,3,2,3
3957,2,1,-98,1,-95,-95,-95,-95,-95,-95,-95,-95,-95
3958,2,0,73.57,0,3,3,4,2,-98,2,2,1,3
3959,1,-95,-95,0,-95,-95,-95,-95,-95,-95,-95,-95,-95
3960,2,0,58.06,0,2,2,2,4,2,2,2,2,2
3961,1,-95,-95,1,-95,-95,-95,-95,-95,-95,-95,-95,-95
3962,2,-95,-96,0,5,2,2,4,4,3,3,1,3
3963,1,0,-95,1,-95,-95,-95,-95,-95,-95,-95,-95,-95
3964,1,0,-95,0,-95,-95,-95,-95,-95,-95,-95,-95,-95
3965,2,-95,59.45,0,4,3,2,2,4,4,4,3,3
3966,2,0,73.55,1,2,2,2,3,2,2,2,3,2
3967,2,0,69.29,1,2,2,2,5,5,2,3,3,2
3968,1,0,-95,1,-95,-95,-95,-95,-95,-95,-95,-95,-95
3969,2,0,-96,1,1,1,1,5,5,1,1,2,1
3970,2,0,52.78,1,4,4,2,4,5,4,3,3,3
3971,2,-95,52.13,1,2,2,2,5,5,1,1,2,2
3972,1,-95,-95,1,-95,-95,-95,-95,-95,-95,-95,-95,-95
3973,2,0,70.59,1,2,2,2,2,4,1,1,1,1
3974,1,0,-95,0,-95,-95,-95,-95,-95,-95,-95,-95,-95
3975,1,-95,-95,0,-95,-95,-95,-95,-95,-95,-95,-95,-95
3976,2,0,49.85,1,2,2,2,2,5,2,2,1,1
3977,1,0,-95,0,-95,-95,-95,-95,-95,-95,-95,-95,-95
3978,1,0,-95,1,-95,-95,-95,-95,-95,-95,-95,-95,-95
3979,1,0,-95,1,-95,-95,-95,-95,-95,-95,-95,-95,-95
3980,1,0,-95,1,-95,-95,-95,-95,-95,-95,-95,-95,-95
3981,1,0,-95,1,-95,-95,-95,-95,-95,-95,-95,-95,-95
3982,2,0,68.32,1,3,2,4,4,4,2,2,1,1
3983,1,-95,-95,0,-95,-95,-95,-95,-95,-95,-95,-95,-95
3984,2,1,72.64,0,3,2,2,4,5,2,2,2,3
3985,2,0,75.85,0,4,2,2,4,4,4,2,2,2
3986,1,0,-95,1,-95,-95,-95,-95,-95,-95,-95,-95,-95
3987,2,0,52.61,0,1,1,2,5,5,1,1,1,1
3988,2,0,69.38,1,2,2,2,4,4,3,3,3,3
3989,1,-95,-95,1,-95,-95,-95,-95,-95,-95,-95,-95,-95
3990,1,0,-95,0,-95,-95,-95,-95,-95,-95,-95,-95,-95
3991,1,0,-95,1,-95,-95,-95,-95,-95,-95,-95,-95,-95
3992,2,-95,45.36,0,2,2,3,3,2,3,2,3,2
3993,1,0,-95,1,-95,-95,-95,-95,-95,-95,-95,-95,-95
3994,1,-95,-95,1,-95,-95,-95,-95,-95,-95,-95,-95,-95
3995,2,0,73.83,0,-95,-95,-95,-95,-95,-95,-95,-95,-95
3996,2,-95,43.03,0,3,1,5,5,5,3,3,2,2
3997,2,-95,-98,0,3,4,4,4,4,2,2,1,1
3998,2,0,59.82,0,2,3,2,4,4,3,3,3,3
3999,2,0,64.23,0,2,2,4,2,4,4,2,2,2
4000,2,0,70.16,0,1,1,1,5,3,1,3,1,2
4001,1,-95,-95,0,-95,-95,-95,-95,-95,-95,-95,-95,-95
4002,1,0,-95,1,-95,-95,-95,-95,-95,-95,-95,-95,-95
4003,1,0,-95,1,-95,-95,-95,-95,-95,-95,-95,-95,-95
4004,2,-95,35.52,1,2,3,3,2,2,2,3,3,2
4005,1,-95,-95,1,-95,-95,-95,-95,-95,-95,-95,-95,-95
4006,1,0,-95,0,-95,-95,-95,-95,-95,-95,-95,-95,-95
4007,2,-95,57.81,1,2,3,2,4,4,3,2,2,3
4008,2,0,45.02,1,4,4,2,3,2,2,1,3,2
4009,2,0,75.23,0,1,1,1,4,4,2,2,2,2
4010,1,0,-95,0,-95,-95,-95,-95,-95,-95,-95,-95,-95
4011,2,-95,35.93,0,5,1,2,-98,5,4,3,1,1
4012,2,1,65.21,1,3,4,3,3,4,1,1,3,2
4013,1,-95,-95,0,-95,-95,-95,-95,-95,-95,-95,-95,-95
4014,2,0,67.61,0,1,1,1,3,2,3,2,2,1
4015,2,1,68.23,1,1,2,2,4,3,1,1,1,1
4016,2,-95,-96,0,2,3,4,4,-98,-98,2,4,-98
4017,1,0,-95,1,-95,-95,-95,-95,-95,-95,-95,-95,-95
4018,2,-95,-98,1,4,4,3,4,4,2,2,1,3
4019,1,-95,-95,0,-95,-95,-95,-95,-95,-95,-95,-95,-95
4020,2,0,-98,0,-95,-95,-95,-95,-95,-95,-95,-95,-95
4021,1,0,-95,0,-95,-95,-95,-95,-95,-95,-95,-95,-95
4022,2,0,56.8,0,4,4,3,5,1,5,5,4,3
4023,2,-95,52.62,1,1,2,3,3,3,2,3,1,1
4024,2,0,-98,0,2,2,3,2,4,2,2,2,2
4025,2,0,69.61,0,-98,-98,-98,-98,-98,-98,-98,-98,-98
4026,1,-95,-95,1,-95,-95,-95,-95,-95,-95,-95,-95,-95
4027,2,-99,-96,0,2,3,2,4,5,1,1,1,1
4028,2,-95,-98,0,3,3,2,2,3,2,2,1,2
4029,2,1,84.3,0,2,2,2,4,4,3,2,2,3
4030,2,0,71.92,1,2,3,2,4,4,3,2,3,3
4031,2,-95,-98,0,3,2,-96,3,3,3,2,2,2
4032,1,-95,-95,1,-95,-95,-95,-95,-95,-95,-95,-95,-95
4033,1,1,-95,1,-95,-95,-95,-95,-95,-95,-95,-95,-95
4034,2,0,63.59,1,5,5,1,1,1,3,3,3,3
4035,2,-95,50.19,1,4,3,2,4,4,2,3,2,2
4036,1,0,-95,1,-95,-95,-95,-95,-95,-95,-95,-95,-95
4037,1,0,-95,1,-95,-95,-95,-95,-95,-95,-95,-95,-95
4038,2,0,72.96,1,2,2,2,4,4,4,3,4,3
4039,2,-95,-96,0,2,2,3,4,4,2,2,3,3
4040,1,-95,-95,0,-95,-95,-95,-95,-95,-95,-95,-95,-95
4041,1,-95,-95,1,-95,-95,-95,-95,-95,-95,-95,-95,-95
4042,2,-95,-98,0,-95,-95,-95,-95,-95,-95,-95,-95,-95
4043,2,0,-98,0,-95,-95,-95,-95,-95,-95,-95,-95,-95
4044,1,1,-95,0,-95,-95,-95,-95,-95,-95,-95,-95,-95
4045,1,0,-95,0,-95,-95,-95,-95,-95,-95,-95,-95,-95
4046,1,0,-95,0,-95,-95,-95,-95,-95,-95,-95,-95,-95
4047,1,-95,-95,0,-95,-95,-95,-95,-95,-95,-95,-95,-95
4048,1,0,-95,1,-95,-95,-95,-95,-95,-95,-95,-95,-95
4049,1,0,-95,0,-95,-95,-95,-95,-95,-95,-95,-95,-95
4050,1,0,-95,0,-95,-95,-95,-95,-95,-95,-95,-95,-95
4051,2,-95,73.04,0,1,2,2,5,3,1,1,1,1
4052,1,0,-95,1,-95,-95,-95,-95,-95,-95,-95,-95,-95
4053,2,-95,51.66,1,1,1,1,3,1,3,2,1,3
4054,2,0,-98,0,1,-98,-98,-98,-98,-98,2,-98,-98
4055,1,0,-95,0,-95,-95,-95,-95,-95,-95,-95,-95,-95
4056,2,-95,-98,0,1,1,1,1,1,1,1,1,1
4057,2,-95,74.31,1,2,2,3,1,2,5,5,4,5
4058,2,-95,41.48,1,-95,-95,-95,-95,-95,-95,-95,-95,-95
4059,2,0,-98,1,-95,-95,-95,-95,-95,-95,-95,-95,-95
4060,1,0,-95,1,-95,-95,-95,-95,-95,-95,-95,-95,-95
4061,1,0,-95,1,-95,-95,-95,-95,-95,-95,-95,-95,-95
4062,1,0,-95,1,-95,-95,-95,-95,-95,-95,-95,-95,-95
4063,2,0,85.39,1,1,1,1,5,5,2,1,2,1
4064,2,0,69.36,0,2,2,2,4,4,2,2,2,2
4065,1,-95,-95,0,-95,-95,-95,-95,-95,-95,-95,-95,-95
4066,1,0,-95,1,-95,-95,-95,-95,-95,-95,-95,-95,-95
4067,2,-95,-98,0,2,3,2,2,2,2,3,3,3
4068,1,0,-95,1,-95,-95,-95,-95,-95,-95,-95,-95,-95
4069,2,0,32.43,0,2,2,2,4,4,4,4,4,4
4070,1,0,-95,1,-95,-95,-95,-95,-95,-95,-95,-95,-95
4071,2,-95,78.45,1,4,3,3,2,4,3,3,4,4
4072,2,0,43.97,1,1,1,1,5,5,2,1,1,1
4073,2,0,37.19,0,1,1,1,5,5,1,1,1,1
4074,1,0,-95,1,-95,-95,-95,-95,-95,-95,-95,-95,-95
4075,1,0,-95,0,-95,-95,-95,-95,-95,-95,-95,-95,-95
4076,2,0,45.35,1,3,2,2,4,4,2,2,2,2
4077,2,0,60.63,0,1,1,1,5,5,1,2,1,1
4078,2,0,74.04,1,2,2,2,4,4,2,2,2,2
4079,1,0,-95,1,-95,-95,-95,-95,-95,-95,-95,-95,-95
4080,1,-95,-95,0,-95,-95,-95,-95,-95,-95,-95,-95,-95
4081,1,0,-95,0,-95,-95,-95,-95,-95,-95,-95,-95,-95
4082,2,0,55.88,1,1,1,1,4,5,3,2,1,1
4083,2,-95,55.27,1,2,2,2,4,4,1,1,2,1
4084,2,-95,36.04,0,4,4,4,3,3,3,4,4,5
4085,1,0,-95,1,-95,-95,-95,-95,-95,-95,-95,-95,-95
4086,2,0,-96,1,2,2,2,4,4,3,3,3,3
4087,2,-95,63.98,0,2,3,2,4,4,3,3,3,3
4088,2,-95,-98,0,-95,-95,-95,-95,-95,-95,-95,-95,-95
4089,2,0,56.8,0,4,3,4,3,4,2,2,2,2
4090,2,0,62.45,0,1,1,1,1,1,1,1,1,1
4091,2,0,58.36,1,5,5,5,1,1,1,1,5,1
4092,2,-95,49.25,1,2,2,2,4,5,2,4,2,1
4093,2,-95,66.23,0,3,3,3,3,3,3,3,3,3
4094,2,0,80.22,1,2,1,1,4,5,2,4,2,2
4095,2,-95,58.07,1,1,1,1,4,5,1,1,1,1
4096,1,0,-95,0,-95,-95,-95,-95,-95,-95,-95,-95,-95
4097,2,0,50.3,1,2,3,2,3,3,2,3,3,2
4098,1,0,-95,0,-95,-95,-95,-95,-95,-95,-95,-95,-95
4099,2,0,-96,0,2,2,2,4,4,2,2,2,2
4100,1,0,-95,1,-95,-95,-95,-95,-95,-95,-95,-95,-95
4101,1,-95,-95,1,-95,-95,-95,-95,-95,-95,-95,-95,-95
4102,1,-95,-95,1,-95,-95,-95,-95,-95,-95,-95,-95,-95
4103,1,0,-95,1,-95,-95,-95,-95,-95,-95,-95,-95,-95
4104,2,-95,65.48,0,1,1,2,3,3,3,3,3,3
4105,1,0,-95,1,-95,-95,-95,-95,-95,-95,-95,-95,-95
4106,1,-95,-95,0,-95,-95,-95,-95,-95,-95,-95,-95,-95
4107,2,0,41.06,0,1,1,3,5,3,4,5,2,1
4108,2,0,59.94,1,2,3,2,5,4,2,3,1,2
4109,1,-95,-95,1,-95,-95,-95,-95,-95,-95,-95,-95,-95
4110,1,0,-95,0,-95,-95,-95,-95,-95,-95,-95,-95,-95
4111,1,1,-95,1,-95,-95,-95,-95,-95,-95,-95,-95,-95
4112,1,0,-95,1,-95,-95,-95,-95,-95,-95,-95,-95,-95
4113,1,-95,-95,0,-95,-95,-95,-95,-95,-95,-95,-95,-95
4114,2,-95,-98,1,-95,-95,-95,-95,-95,-95,-95,-95,-95
4115,1,0,-95,0,-95,-95,-95,-95,-95,-95,-95,-95,-95
4116,2,0,49.8,1,2,1,1,5,5,1,1,1,1
4117,1,1,-95,1,-95,-95,-95,-95,-95,-95,-95,-95,-95
4118,1,-95,-95,1,-95,-95,-95,-95,-95,-95,-95,-95,-95
4119,2,0,-96,0,2,2,2,5,4,3,3,1,3
4120,2,0,60.47,0,2,2,2,2,4,2,2,2,2
4121,2,0,42.32,0,-98,-98,-98,-98,-98,-98,-98,-98,-98
4122,2,0,48.64,0,2,2,2,5,5,1,2,1,1
4123,1,0,-95,1,-95,-95,-95,-95,-95,-95,-95,-95,-95
4124,2,0,74.8,0,1,1,1,5,5,1,1,2,1
4125,2,0,-98,1,2,2,2,4,4,2,2,2,2
4126,1,-95,-95,0,-95,-95,-95,-95,-95,-95,-95,-95,-95
4127,2,-95,-98,0,-95,-95,-95,-95,-95,-95,-95,-95,-95
4128,2,0,67.95,0,2,2,2,4,4,3,3,3,3
4129,1,0,-95,1,-95,-95,-95,-95,-95,-95,-95,-95,-95
4130,2,0,64.48,0,-95,-95,-95,-95,-95,-95,-95,-95,-95
4131,2,-95,58.65,0,-98,-98,-98,-98,-98,-98,-98,-98,-98
4132,1,0,-95,1,-95,-95,-95,-95,-95,-95,-95,-95,-95
4133,1,0,-95,1,-95,-95,-95,-95,-95,-95,-95,-95,-95
4134,2,-95,45.13,0,3,3,3,2,1,3,1,1,1
4135,2,1,77.67,1,1,1,1,5,5,2,2,1,1
4136,2,0,-98,1,-95,-95,-95,-95,-95,-95,-95,-95,-95
4137,1,-95,-95,0,-95,-95,-95,-95,-95,-95,-95,-95,-95
4138,2,1,51.18,1,2,2,2,5,4,2,2,-98,2
4139,1,0,-95,1,-95,-95,-95,-95,-95,-95,-95,-95,-95
4140,1,0,-95,1,-95,-95,-95,-95,-95,-95,-95,-95,-95
4141,2,-95,48.38,1,2,2,2,2,2,1,2,2,2
4142,1,-95,-95,0,-95,-95,-95,-95,-95,-95,-95,-95,-95
4143,1,0,-95,1,-95,-95,-95,-95,-95,-95,-95,-95,-95
4144,1,0,-95,0,-95,-95,-95,-95,-95,-95,-95,-95,-95
4145,1,0,-95,1,-95,-95,-95,-95,-95,-95,-95,-95,-95
4146,1,1,-95,0,-95,-95,-95,-95,-95,-95,-95,-95,-95
4147,2,0,63.61,1,-95,-95,-95,-95,-95,-95,-95,-95,-95
4148,2,0,88.48,0,1,1,1,4,5,1,1,1,1
4149,1,-95,-95,1,-95,-95,-95,-95,-95,-95,-95,-95,-95
4150,2,0,52.28,1,-98,-98,-98,-98,-98,-98,-98,-98,-98
4151,1,0,-95,0,-95,-95,-95,-95,-95,-95,-95,-95,-95
4152,2,0,57.45,0,2,3,3,2,2,3,3,2,2
4153,1,-95,-95,0,-95,-95,-95,-95,-95,-95,-95,-95,-95
4154,2,0,58.05,0,2,2,2,4,4,3,2,2,1
4155,1,0,-95,1,-95,-95,-95,-95,-95,-95,-95,-95,-95
4156,1,-95,-95,0,-95,-95,-95,-95,-95,-95,-95,-95,-95
4157,2,0,60.08,1,2,3,1,4,4,1,2,4,2
4158,1,0,-95,1,-95,-95,-95,-95,-95,-95,-95,-95,-95
4159,2,0,64.81,0,-95,-95,-95,-95,-95,-95,-95,-95,-95
4160,2,-95,-96,0,2,2,3,1,5,-98,3,4,4
4161,1,0,-95,1,-95,-95,-95,-95,-95,-95,-95,-95,-95
4162,2,0,-96,1,3,2,2,5,5,3,3,2,2
4163,2,0,74.54,1,2,4,3,2,4,2,3,2,3
4164,2,-95,45.33,0,3,2,2,2,4,2,2,3,3
4165,2,0,75.7,1,-95,-95,-95,-95,-95,-95,-95,-95,-95
4166,2,-95,-98,0,-95,-95,-95,-95,-95,-95,-95,-95,-95
4167,2,0,-98,0,-95,-95,-95,-95,-95,-95,-95,-95,-95
4168,2,0,41.56,0,3,4,2,4,4,3,3,3,3
4169,1,0,-95,0,-95,-95,-95,-95,-95,-95,-95,-95,-95
4170,2,-95,-98,0,1,5,2,4,3,4,3,4,3
4171,2,-95,56.53,0,1,1,1,3,2,2,3,2,3
4172,1,0,-95,0,-95,-95,-95,-95,-95,-95,-95,-95,-95
4173,2,0,73.92,1,4,3,2,5,4,5,3,5,5
4174,1,0,-95,1,-95,-95,-95,-95,-95,-95,-95,-95,-95
4175,2,1,-98,0,-95,-95,-95,-95,-95,-95,-95,-95,-95
4176,1,-95,-95,0,-95,-95,-95,-95,-95,-95,-95,-95,-95
4177,1,-95,-95,0,-95,-95,-95,-95,-95,-95,-95,-95,-95
4178,1,0,-95,1,-95,-95,-95,-95,-95,-95,-95,-95,-95
4179,2,0,53.32,0,2,2,2,3,4,3,2,3,4
4180,2,0,-98,0,-95,-95,-95,-95,-95,-95,-95,-95,-95
4181,2,0,75.33,0,1,1,2,4,4,2,2,1,2
4182,2,0,65.68,1,3,3,2,4,4,2,3,1,3
4183,2,-95,-98,0,1,4,1,2,3,3,2,2,2
4184,1,0,-95,1,-95,-95,-95,-95,-95,-95,-95,-95,-95
4185,1,0,-95,0,-95,-95,-95,-95,-95,-95,-95,-95,-95
4186,2,0,43.12,1,3,3,2,4,4,2,3,2,3
4187,2,0,86.83,1,-98,-98,-98,-98,-98,-98,-98,-98,-98
4188,2,0,88.21,0,4,1,-96,5,5,1,1,1,1
4189,1,0,-95,0,-95,-95,-95,-95,-95,-95,-95,-95,-95
4190,1,1,-95,0,-95,-95,-95,-95,-95,-95,-95,-95,-95
4191,1,-95,-95,1,-95,-95,-95,-95,-95,-95,-95,-95,-95
4192,1,0,-95,0,-95,-95,-95,-95,-95,-95,-95,-95,-95
4193,2,-95,-96,0,4,4,3,3,4,3,2,2,3
4194,1,0,-95,1,-95,-95,-95,-95,-95,-95,-95,-95,-95
4195,2,-95,-98,0,5,5,5,5,5,5,5,5,5
4196,2,0,60.93,0,-95,-95,-95,-95,-95,-95,-95,-95,-95
4197,1,-95,-95,0,-95,-95,-95,-95,-95,-95,-95,-95,-95
4198,2,0,50.78,0,2,3,2,4,4,1,1,1,2
4199,1,0,-95,0,-95,-95,-95,-95,-95,-95,-95,-95,-95
4200,1,0,-95,1,-95,-95,-95,-95,-95,-95,-95,-95,-95
4201,2,0,33.79,0,1,1,1,1,1,1,1,1,1
4202,2,0,61.35,1,2,2,2,2,4,2,2,2,2
4203,1,0,-95,0,-95,-95,-95,-95,-95,-95,-95,-95,-95
4204,2,0,72.6,1,4,1,1,3,4,2,2,2,2
4205,2,0,72.24,0,3,2,2,3,4,3,2,2,1
4206,1,0,-95,1,-95,-95,-95,-95,-95,-95,-95,-95,-95
4207,1,1,-95,0,-95,-95,-95,-95,-95,-95,-95,-95,-95
4208,2,-95,-98,1,5,2,1,5,5,5,3,3,1
4209,2,0,-98,1,4,2,2,4,2,3,3,3,3
4210,2,0,-98,0,3,4,2,3,1,2,3,-98,5
4211,2,0,77.94,0,2,2,2,4,4,1,1,1,1
4212,2,0,48.2,0,1,2,2,4,5,1,1,1,1
4213,1,0,-95,1,-95,-95,-95,-95,-95,-95,-95,-95,-95
4214,1,-95,-95,0,-95,-95,-95,-95,-95,-95,-95,-95,-95
4215,2,0,70.7,1,5,5,2,3,5,2,1,3,3
4216,2,-95,45.74,1,3,2,2,5,4,3,3,3,3
4217,2,-95,75.67,1,2,1,2,5,5,1,2,1,1
4218,2,0,76.49,1,1,1,1,5,5,1,2,1,1
4219,1,-95,-95,1,-95,-95,-95,-95,-95,-95,-95,-95,-95
4220,2,-95,65.03,1,1,1,1,5,5,1,1,1,1
4221,2,1,67.27,1,2,2,2,5,5,1,1,3,1
4222,1,-95,-95,0,-95,-95,-95,-95,-95,-95,-95,-95,-95
4223,1,-95,-95,1,-95,-95,-95,-95,-95,-95,-95,-95,-95
4224,1,0,-95,1,-95,-95,-95,-95,-95,-95,-95,-95,-95
4225,2,0,62.53,1,2,2,2,3,4,3,2,3,3
4226,1,0,-95,1,-95,-95,-95,-95,-95,-95,-95,-95,-95
4227,1,-95,-95,0,-95,-95,-95,-95,-95,-95,-95,-95,-95
4228,1,0,-95,1,-95,-95,-95,-95,-95,-95,-95,-95,-95
4229,2,0,53.34,1,2,2,2,4,4,1,2,2,2
4230,2,0,53.55,0,4,3,3,5,4,3,3,2,2
4231,2,0,55.69,1,4,3,4,3,3,3,3,3,3
4232,1,-99,-95,0,-95,-95,-95,-95,-95,-95,-95,-95,-95
4233,2,1,-96,0,2,2,2,5,4,2,2,2,2
4234,1,0,-95,1,-95,-95,-95,-95,-95,-95,-95,-95,-95
4235,2,0,68.63,1,2,2,2,5,4,3,2,1,1
4236,2,-95,-98,0,1,2,3,2,4,1,2,2,4
4237,1,0,-95,0,-95,-95,-95,-95,-95,-95,-95,-95,-95
4238,1,0,-95,0,-95,-95,-95,-95,-95,-95,-95,-95,-95
4239,1,0,-95,0,-95,-95,-95,-95,-95,-95,-95,-95,-95
4240,1,0,-95,0,-95,-95,-95,-95,-95,-95,-95,-95,-95
4241,1,-95,-95,1,-95,-95,-95,-95,-95,-95,-95,-95,-95
4242,1,0,-95,0,-95,-95,-95,-95,-95,-95,-95,-95,-95
4243,2,1,66.33,0,2,2,2,2,2,2,2,2,3
4244,1,0,-95,0,-95,-95,-95,-95,-95,-95,-95,-95,-95
4245,1,-95,-95,1,-95,-95,-95,-95,-95,-95,-95,-95,-95
4246,2,-95,-98,0,2,1,1,4,4,2,3,3,2
4247,2,0,63.26,1,2,2,1,5,4,1,2,1,1
4248,2,0,71.31,0,2,3,2,2,3,1,1,1,1
4249,2,1,65.11,0,2,2,3,4,4,2,1,1,1
4250,2,0,66.75,0,1,2,2,4,4,3,2,2,3
4251,2,-95,69.32,0,1,1,1,-98,4,3,3,1,1
4252,1,0,-95,1,-95,-95,-95,-95,-95,-95,-95,-95,-95
4253,1,0,-95,1,-95,-95,-95,-95,-95,-95,-95,-95,-95
4254,2,0,37.95,1,2,2,4,2,1,1,4,1,1
4255,1,-95,-95,0,-95,-95,-95,-95,-95,-95,-95,-95,-95
4256,1,0,-95,1,-95,-95,-95,-95,-95,-95,-95,-95,-95
4257,1,-95,-95,0,-95,-95,-95,-95,-95,-95,-95,-95,-95
4258,1,0,-95,1,-95,-95,-95,-95,-95,-95,-95,-95,-95
4259,1,-95,-95,0,-95,-95,-95,-95,-95,-95,-95,-95,-95
4260,1,0,-95,1,-95,-95,-95,-95,-95,-95,-95,-95,-95
4261,2,0,-96,1,1,1,-96,4,4,2,2,2,2
4262,2,0,-96,1,4,3,2,4,5,2,2,2,2
4263,2,0,-96,0,2,2,2,5,4,1,3,2,1
4264,2,-95,62.57,0,2,2,2,4,3,3,3,2,2
4265,1,0,-95,0,-95,-95,-95,-95,-95,-95,-95,-95,-95
4266,2,0,93.92,1,-95,-95,-95,-95,-95,-95,-95,-95,-95
4267,2,0,-98,1,-95,-95,-95,-95,-95,-95,-95,-95,-95
4268,2,-95,53.43,0,2,3,2,4,4,3,3,3,3
4269,2,0,56.3,0,1,1,2,4,4,3,2,3,3
4270,1,0,-95,1,-95,-95,-95,-95,-95,-95,-95,-95,-95
4271,1,-95,-95,0,-95,-95,-95,-95,-95,-95,-95,-95,-95
4272,2,-95,51.4,0,3,3,3,4,3,3,3,3,3
4273,1,0,-95,1,-95,-95,-95,-95,-95,-95,-95,-95,-95
4274,2,-95,54.38,0,3,1,1,4,4,3,4,1,2
4275,1,-95,-95,1,-95,-95,-95,-95,-95,-95,-95,-95,-95
4276,2,0,71.08,1,3,2,2,4,4,2,3,2,2
4277,1,0,-95,0,-95,-95,-95,-95,-95,-95,-95,-95,-95
4278,1,0,-95,1,-95,-95,-95,-95,-95,-95,-95,-95,-95
4279,2,0,56.22,1,5,5,5,2,3,4,4,1,3
4280,2,-95,54.9,1,2,2,2,4,5,1,3,2,1
4281,1,-95,-95,0,-95,-95,-95,-95,-95,-95,-95,-95,-95
4282,1,0,-95,1,-95,-95,-95,-95,-95,-95,-95,-95,-95
4283,1,0,-95,0,-95,-95,-95,-95,-95,-95,-95,-95,-95
4284,1,0,-95,1,-95,-95,-95,-95,-95,-95,-95,-95,-95
4285,1,0,-95,1,-95,-95,-95,-95,-95,-95,-95,-95,-95
4286,2,0,65.89,0,5,5,5,1,1,5,5,5,5
4287,2,1,78.54,1,1,1,1,5,5,1,1,1,1
4288,1,0,-95,1,-95,-95,-95,-95,-95,-95,-95,-95,-95
4289,2,-95,-98,0,3,2,2,4,4,4,3,2,3
4290,1,0,-95,1,-95,-95,-95,-95,-95,-95,-95,-95,-95
4291,2,1,68.65,0,3,2,2,4,4,3,3,2,3
4292,2,0,67.87,1,4,3,2,4,4,2,2,2,2
4293,2,0,61.2,1,-95,-95,-95,-95,-95,-95,-95,-95,-95
4294,2,0,59.37,1,2,3,2,4,4,2,2,2,2
4295,2,0,72.51,1,3,2,2,4,4,2,2,2,2
4296,1,1,-95,0,-95,-95,-95,-95,-95,-95,-95,-95,-95
4297,2,0,46.34,0,2,3,2,4,4,1,2,1,1
4298,2,0,55.71,1,2,4,2,4,5,2,3,1,2
4299,1,0,-95,1,-95,-95,-95,-95,-95,-95,-95,-95,-95
4300,1,-95,-95,1,-95,-95,-95,-95,-95,-95,-95,-95,-95
4301,2,0,34.61,0,1,2,3,5,3,2,1,2,3
4302,2,0,51.99,1,3,2,2,4,4,2,3,2,1
4303,2,-95,-96,1,-95,-95,-95,-95,-95,-95,-95,-95,-95
4304,1,-95,-95,1,-95,-95,-95,-95,-95,-95,-95,-95,-95
4305,2,0,-96,0,2,2,2,4,4,2,3,2,2
4306,1,0,-95,1,-95,-95,-95,-95,-95,-95,-95,-95,-95
4307,1,-95,-95,1,-95,-95,-95,-95,-95,-95,-95,-95,-95
4308,2,0,-98,1,2,2,3,5,5,1,2,1,1
4309,2,-95,-98,1,2,2,2,2,4,2,2,2,2
4310,1,-95,-95,1,-95,-95,-95,-95,-95,-95,-95,-95,-95
4311,2,-95,30.52,0,3,3,4,4,3,2,2,3,3
4312,2,0,57.33,1,5,3,4,4,4,3,3,3,3
4313,1,0,-95,1,-95,-95,-95,-95,-95,-95,-95,-95,-95
4314,2,0,37.05,0,1,1,1,5,5,1,2,2,1
4315,1,0,-95,1,-95,-95,-95,-95,-95,-95,-95,-95,-95
4316,1,0,-95,0,-95,-95,-95,-95,-95,-95,-95,-95,-95
4317,1,0,-95,1,-95,-95,-95,-95,-95,-95,-95,-95,-95
4318,2,0,70.04,1,2,2,1,4,4,2,1,1,2
4319,1,-95,-95,0,-95,-95,-95,-95,-95,-95,-95,-95,-95
4320,2,0,-98,0,-95,-95,-95,-95,-95,-95,-95,-95,-95
4321,1,0,-95,0,-95,-95,-95,-95,-95,-95,-95,-95,-95
4322,1,0,-95,1,-95,-95,-95,-95,-95,-95,-95,-95,-95
4323,1,0,-95,0,-95,-95,-95,-95,-95,-95,-95,-95,-95
4324,1,0,-95,0,-95,-95,-95,-95,-95,-95,-95,-95,-95
4325,2,0,46.41,1,1,1,1,3,2,3,3,3,3
4326,2,0,-96,1,3,3,2,3,3,2,2,3,2
4327,1,0,-95,1,-95,-95,-95,-95,-95,-95,-95,-95,-95
4328,1,0,-95,0,-95,-95,-95,-95,-95,-95,-95,-95,-95
4329,1,0,-95,1,-95,-95,-95,-95,-95,-95,-95,-95,-95
4330,2,0,74.25,0,1,2,2,4,4,1,1,1,1
4331,2,-95,-98,0,2,1,2,5,5,2,2,2,2
4332,2,-95,63.94,0,3,2,4,2,2,1,2,2,1
4333,1,0,-95,0,-95,-95,-95,-95,-95,-95,-95,-95,-95
4334,2,0,67.3,1,2,1,2,4,5,-98,2,1,2
4335,2,0,62.91,0,4,2,2,4,4,2,3,2,1
4336,1,-95,-95,0,-95,-95,-95,-95,-95,-95,-95,-95,-95
4337,2,0,61.09,1,4,2,2,2,4,2,2,1,1
4338,2,0,-98,1,1,1,1,5,3,1,1,1,1
4339,2,-95,-98,0,-98,-98,-98,-98,-98,-98,-98,-98,-98
4340,1,-95,-95,0,-95,-95,-95,-95,-95,-95,-95,-95,-95
4341,1,0,-95,0,-95,-95,-95,-95,-95,-95,-95,-95,-95
4342,1,0,-95,0,-95,-95,-95,-95,-95,-95,-95,-95,-95
4343,1,-95,-95,0,-95,-95,-95,-95,-95,-95,-95,-95,-95
4344,1,0,-95,1,-95,-95,-95,-95,-95,-95,-95,-95,-95
4345,1,-95,-95,1,-95,-95,-95,-95,-95,-95,-95,-95,-95
4346,2,-95,69.08,1,1,2,2,5,5,3,3,3,3
4347,2,0,-98,0,1,2,1,2,1,2,2,1,2
4348,1,-95,-95,1,-95,-95,-95,-95,-95,-95,-95,-95,-95
4349,2,-95,-98,0,-95,-95,-95,-95,-95,-95,-95,-95,-95
4350,1,0,-95,1,-95,-95,-95,-95,-95,-95,-95,-95,-95
4351,2,0,-98,0,2,1,1,4,5,5,1,1,1
4352,1,-95,-95,0,-95,-95,-95,-95,-95,-95,-95,-95,-95
4353,2,0,55.82,0,4,3,3,2,2,2,3,2,2
4354,2,0,73.76,1,-98,-98,-98,-98,-98,-98,-98,-98,-98
4355,2,-95,65.73,0,1,1,1,4,5,2,2,4,3
4356,2,0,53.38,1,3,4,4,2,1,2,2,1,1
4357,2,0,73.31,0,3,2,2,4,5,2,3,3,3
4358,2,0,-96,1,3,4,2,2,2,2,3,2,2
4359,2,-95,65.64,1,2,2,2,5,4,1,1,1,1
4360,1,0,-95,1,-95,-95,-95,-95,-95,-95,-95,-95,-95
4361,2,-95,64.54,1,4,4,2,2,5,3,2,2,2
4362,2,0,62.4,0,5,5,3,4,4,1,1,1,1
4363,2,0,78.2,1,1,1,1,4,5,3,3,3,3
4364,1,-95,-95,1,-95,-95,-95,-95,-95,-95,-95,-95,-95
4365,2,0,80.45,1,1,1,2,4,4,2,2,2,2
4366,2,0,64.99,1,2,2,3,4,5,3,3,2,2
4367,1,-95,-95,0,-95,-95,-95,-95,-95,-95,-95,-95,-95
4368,1,0,-95,0,-95,-95,-95,-95,-95,-95,-95,-95,-95
4369,2,0,61.87,0,2,2,2,4,4,2,2,1,2
4370,1,-95,-95,1,-95,-95,-95,-95,-95,-95,-95,-95,-95
4371,1,0,-95,1,-95,-95,-95,-95,-95,-95,-95,-95,-95
4372,2,0,-98,1,-95,-95,-95,-95,-95,-95,-95,-95,-95
4373,2,0,70.02,1,2,2,3,4,4,2,2,2,2
4374,2,-95,61.14,1,1,1,1,4,4,1,1,2,1
4375,2,-95,-98,0,3,2,3,2,3,1,1,2,1
4376,1,0,-95,1,-95,-95,-95,-95,-95,-95,-95,-95,-95
4377,1,-95,-95,0,-95,-95,-95,-95,-95,-95,-95,-95,-95
4378,1,-95,-95,0,-95,-95,-95,-95,-95,-95,-95,-95,-95
4379,2,0,56.66,1,1,1,1,4,5,2,3,2,2
4380,1,0,-95,1,-95,-95,-95,-95,-95,-95,-95,-95,-95
4381,2,0,30.91,0,1,2,2,3,3,4,4,5,5
4382,2,0,73.4,1,1,1,1,5,5,2,1,1,2
4383,1,1,-95,1,-95,-95,-95,-95,-95,-95,-95,-95,-95
4384,1,0,-95,1,-95,-95,-95,-95,-95,-95,-95,-95,-95
4385,1,-95,-95,1,-95,-95,-95,-95,-95,-95,-95,-95,-95
4386,2,0,-98,1,2,3,2,4,4,2,2,1,1
4387,2,1,63.58,0,2,2,1,4,4,2,1,1,1
4388,1,0,-95,1,-95,-95,-95,-95,-95,-95,-95,-95,-95
4389,2,0,-98,1,2,2,2,4,4,5,3,3,3
4390,2,0,63.36,1,1,2,3,5,5,1,2,1,3
4391,1,0,-95,0,-95,-95,-95,-95,-95,-95,-95,-95,-95
4392,1,1,-95,1,-95,-95,-95,-95,-95,-95,-95,-95,-95
4393,1,0,-95,0,-95,-95,-95,-95,-95,-95,-95,-95,-95
4394,1,-95,-95,0,-95,-95,-95,-95,-95,-95,-95,-95,-95
4395,2,0,69.31,1,2,2,2,4,5,3,2,3,2
4396,2,0,46.21,0,1,1,2,4,2,3,2,2,1
4397,2,0,68.92,0,2,1,1,5,5,1,1,2,2
4398,2,-95,57.15,1,2,2,2,1,3,1,1,1,1
4399,1,-95,-95,0,-95,-95,-95,-95,-95,-95,-95,-95,-95
4400,1,0,-95,0,-95,-95,-95,-95,-95,-95,-95,-95,-95
4401,2,0,62.88,0,2,3,3,3,3,3,3,3,2
4402,2,-95,-98,0,-95,-95,-95,-95,-95,-95,-95,-95,-95
4403,1,0,-95,1,-95,-95,-95,-95,-95,-95,-95,-95,-95
4404,1,0,-95,1,-95,-95,-95,-95,-95,-95,-95,-95,-95
4405,2,-95,46.57,1,3,2,4,2,2,3,3,3,3
4406,2,-95,68.31,0,2,2,2,3,4,1,2,3,2
4407,2,-95,56.17,1,5,4,3,5,5,3,3,4,4
4408,2,0,71.95,1,4,5,5,1,1,1,1,1,5
4409,1,0,-95,1,-95,-95,-95,-95,-95,-95,-95,-95,-95
4410,2,0,49.66,1,1,1,1,2,4,1,1,1,2
4411,2,0,-98,0,-95,-95,-95,-95,-95,-95,-95,-95,-95
4412,1,-95,-95,0,-95,-95,-95,-95,-95,-95,-95,-95,-95
4413,1,0,-95,1,-95,-95,-95,-95,-95,-95,-95,-95,-95
4414,1,0,-95,1,-95,-95,-95,-95,-95,-95,-95,-95,-95
4415,2,0,54.31,1,4,1,1,5,5,5,3,5,5
4416,2,0,50.04,1,2,3,2,4,4,2,4,2,2
4417,2,0,54.02,1,5,5,2,4,4,3,3,2,2
4418,2,0,44.66,1,1,2,2,4,4,2,2,1,1
4419,2,-95,81.39,1,2,2,1,5,4,2,2,1,1
4420,2,0,39.26,1,3,5,2,4,4,2,4,2,3
4421,1,-95,-95,0,-95,-95,-95,-95,-95,-95,-95,-95,-95
4422,2,0,-98,1,1,1,1,5,5,1,1,1,1
4423,2,-95,-98,0,-95,-95,-95,-95,-95,-95,-95,-95,-95
4424,2,0,67.48,1,-95,-95,-95,-95,-95,-95,-95,-95,-95
4425,2,0,58.21,1,2,2,2,4,3,2,2,2,2
4426,2,0,68.34,0,2,2,1,5,4,2,4,2,2
4427,1,0,-95,1,-95,-95,-95,-95,-95,-95,-95,-95,-95
4428,1,0,-95,0,-95,-95,-95,-95,-95,-95,-95,-95,-95
4429,2,0,61.06,0,2,2,2,4,4,2,2,2,1
4430,1,0,-95,0,-95,-95,-95,-95,-95,-95,-95,-95,-95
4431,2,-95,63.1,1,-95,-95,-95,-95,-95,-95,-95,-95,-95
4432,2,0,59.52,1,1,1,1,4,5,2,1,1,2
4433,1,0,-95,1,-95,-95,-95,-95,-95,-95,-95,-95,-95
4434,1,-95,-95,1,-95,-95,-95,-95,-95,-95,-95,-95,-95
4435,2,0,56.01,1,2,2,2,4,4,3,2,3,3
4436,1,0,-95,0,-95,-95,-95,-95,-95,-95,-95,-95,-95
4437,2,0,58.51,1,1,1,2,5,2,1,1,1,1
4438,1,0,-95,0,-95,-95,-95,-95,-95,-95,-95,-95,-95
4439,2,0,60.3,1,2,2,2,5,5,2,4,2,3
4440,2,-95,38.95,1,4,4,4,1,2,2,2,1,1
4441,2,-95,41.21,1,3,3,2,2,2,5,2,2,2
4442,1,0,-95,0,-95,-95,-95,-95,-95,-95,-95,-95,-95
4443,1,0,-95,0,-95,-95,-95,-95,-95,-95,-95,-95,-95
4444,1,0,-95,0,-95,-95,-95,-95,-95,-95,-95,-95,-95
4445,2,-95,-98,1,2,3,2,4,5,2,3,3,2
4446,2,0,-98,0,-95,-95,-95,-95,-95,-95,-95,-95,-95
4447,2,0,73.15,1,4,2,2,1,3,5,3,2,3
4448,1,-95,-95,0,-95,-95,-95,-95,-95,-95,-95,-95,-95
4449,2,0,69.74,1,1,1,1,4,4,2,3,2,2
4450,1,1,-95,0,-95,-95,-95,-95,-95,-95,-95,-95,-95
4451,2,-95,54.81,1,2,2,2,4,3,-98,2,3,3
4452,2,-95,-98,0,2,2,2,3,3,2,2,1,2
4453,1,0,-95,1,-95,-95,-95,-95,-95,-95,-95,-95,-95
4454,2,0,71.66,1,1,1,3,4,5,1,1,2,1
4455,1,0,-95,0,-95,-95,-95,-95,-95,-95,-95,-95,-95
4456,2,0,66.88,1,2,2,2,5,5,2,2,2,2
4457,2,0,64.23,1,-95,-95,-95,-95,-95,-95,-95,-95,-95
4458,1,-95,-95,1,-95,-95,-95,-95,-95,-95,-95,-95,-95
4459,1,0,-95,1,-95,-95,-95,-95,-95,-95,-95,-95,-95
4460,1,0,-95,1,-95,-95,-95,-95,-95,-95,-95,-95,-95
4461,2,-95,-96,0,2,2,2,4,2,2,2,1,1
4462,1,-95,-95,0,-95,-95,-95,-95,-95,-95,-95,-95,-95
4463,2,0,64.71,0,1,1,1,2,1,1,1,1,1
4464,2,0,65.66,0,4,2,2,4,4,2,2,2,2
4465,2,-95,-98,1,-95,-95,-95,-95,-95,-95,-95,-95,-95
4466,2,-95,-98,0,-95,-95,-95,-95,-95,-95,-95,-95,-95
4467,1,0,-95,1,-95,-95,-95,-95,-95,-95,-95,-95,-95
4468,2,0,-98,0,2,2,2,4,4,2,2,3,2
4469,1,0,-95,1,-95,-95,-95,-95,-95,-95,-95,-95,-95
4470,1,0,-95,1,-95,-95,-95,-95,-95,-95,-95,-95,-95
4471,2,0,-98,1,2,3,2,3,4,2,3,1,1
4472,1,-99,-95,1,-95,-95,-95,-95,-95,-95,-95,-95,-95
4473,1,-95,-95,0,-95,-95,-95,-95,-95,-95,-95,-95,-95
4474,1,0,-95,0,-95,-95,-95,-95,-95,-95,-95,-95,-95
4475,2,0,58.51,1,4,3,4,2,5,2,2,1,2
4476,2,-95,-98,0,2,2,2,4,4,2,3,2,3
4477,1,0,-95,0,-95,-95,-95,-95,-95,-95,-95,-95,-95
4478,1,-95,-95,0,-95,-95,-95,-95,-95,-95,-95,-95,-95
4479,2,0,80.53,1,2,2,2,4,4,2,2,1,1
4480,1,0,-95,0,-95,-95,-95,-95,-95,-95,-95,-95,-95
4481,2,0,71.07,1,2,2,2,5,4,3,2,2,2
4482,2,-95,67.69,0,1,1,1,5,5,1,2,1,2
4483,1,0,-95,0,-95,-95,-95,-95,-95,-95,-95,-95,-95
4484,1,0,-95,0,-95,-95,-95,-95,-95,-95,-95,-95,-95
4485,1,-95,-95,0,-95,-95,-95,-95,-95,-95,-95,-95,-95
4486,2,-95,71.18,0,1,1,1,2,5,2,2,2,1
4487,1,-95,-95,0,-95,-95,-95,-95,-95,-95,-95,-95,-95
4488,1,0,-95,1,-95,-95,-95,-95,-95,-95,-95,-95,-95
4489,2,0,-98,0,-95,-95,-95,-95,-95,-95,-95,-95,-95
4490,1,0,-95,0,-95,-95,-95,-95,-95,-95,-95,-95,-95
4491,2,0,70.1,1,4,4,4,-98,3,2,3,1,2
4492,1,-95,-95,1,-95,-95,-95,-95,-95,-95,-95,-95,-95
4493,2,0,50.66,1,2,2,2,5,5,2,2,1,3
4494,1,-95,-95,1,-95,-95,-95,-95,-95,-95,-95,-95,-95
4495,1,-95,-95,0,-95,-95,-95,-95,-95,-95,-95,-95,-95
4496,1,0,-95,1,-95,-95,-95,-95,-95,-95,-95,-95,-95
4497,1,0,-95,1,-95,-95,-95,-95,-95,-95,-95,-95,-95
4498,1,-95,-95,1,-95,-95,-95,-95,-95,-95,-95,-95,-95
4499,1,-95,-95,0,-95,-95,-95,-95,-95,-95,-95,-95,-95
4500,2,-95,-96,0,5,2,2,4,4,2,2,5,4
4501,2,0,68.61,1,1,1,1,4,2,1,1,1,1
4502,2,0,51.52,0,3,3,3,3,3,-98,3,3,3
4503,2,1,80.21,0,2,2,2,5,5,2,2,2,2
4504,1,-95,-95,0,-95,-95,-95,-95,-95,-95,-95,-95,-95
4505,2,-95,56.66,1,5,5,5,1,1,5,2,3,4
4506,2,0,40.12,1,-98,-98,-98,-98,-98,-98,-98,-98,-98
4507,2,0,67.17,0,1,1,1,5,5,1,-98,1,1
4508,1,-95,-95,0,-95,-95,-95,-95,-95,-95,-95,-95,-95
4509,1,0,-95,1,-95,-95,-95,-95,-95,-95,-95,-95,-95
4510,2,-95,46.28,0,1,1,1,5,5,5,1,1,1
4511,2,0,44.88,1,2,2,2,4,4,3,3,-98,2
4512,1,0,-95,1,-95,-95,-95,-95,-95,-95,-95,-95,-95
4513,1,-95,-95,1,-95,-95,-95,-95,-95,-95,-95,-95,-95
4514,2,-95,-98,0,-95,-95,-95,-95,-95,-95,-95,-95,-95
4515,1,-95,-95,1,-95,-95,-95,-95,-95,-95,-95,-95,-95
4516,1,0,-95,0,-95,-95,-95,-95,-95,-95,-95,-95,-95
4517,1,0,-95,0,-95,-95,-95,-95,-95,-95,-95,-95,-95
4518,2,0,42.25,0,1,1,1,5,5,3,2,1,3
4519,1,1,-95,1,-95,-95,-95,-95,-95,-95,-95,-95,-95
4520,2,0,72,0,1,1,1,5,5,1,1,1,1
4521,2,0,42.48,0,5,5,5,5,5,5,5,5,5
4522,1,0,-95,0,-95,-95,-95,-95,-95,-95,-95,-95,-95
4523,2,-95,-98,0,2,1,1,4,5,3,3,2,2
4524,2,-95,-98,0,1,3,-98,-98,-98,-98,-98,-98,-98
4525,2,-95,57.7,1,5,5,2,5,5,2,2,1,3
4526,1,0,-95,0,-95,-95,-95,-95,-95,-95,-95,-95,-95
4527,1,0,-95,0,-95,-95,-95,-95,-95,-95,-95,-95,-95
4528,1,0,-95,1,-95,-95,-95,-95,-95,-95,-95,-95,-95
4529,1,-95,-95,0,-95,-95,-95,-95,-95,-95,-95,-95,-95
4530,1,-95,-95,1,-95,-95,-95,-95,-95,-95,-95,-95,-95
4531,2,-95,58.59,1,2,3,3,3,5,2,2,2,2
4532,2,1,69.07,0,2,2,2,4,4,2,2,2,2
4533,2,0,47.3,0,-95,-95,-95,-95,-95,-95,-95,-95,-95
4534,1,0,-95,0,-95,-95,-95,-95,-95,-95,-95,-95,-95
4535,2,-95,68.5,1,1,1,1,5,5,2,3,2,2
4536,1,1,-95,0,-95,-95,-95,-95,-95,-95,-95,-95,-95
4537,1,0,-95,0,-95,-95,-95,-95,-95,-95,-95,-95,-95
4538,1,-95,-95,1,-95,-95,-95,-95,-95,-95,-95,-95,-95
4539,2,1,79.14,0,1,2,1,5,5,1,1,1,1
4540,1,1,-95,1,-95,-95,-95,-95,-95,-95,-95,-95,-95
4541,1,0,-95,1,-95,-95,-95,-95,-95,-95,-95,-95,-95
4542,1,0,-95,1,-95,-95,-95,-95,-95,-95,-95,-95,-95
4543,1,-95,-95,1,-95,-95,-95,-95,-95,-95,-95,-95,-95
4544,2,0,65.95,1,3,3,2,4,4,2,2,2,2
4545,1,0,-95,0,-95,-95,-95,-95,-95,-95,-95,-95,-95
4546,2,0,36.96,0,1,1,2,1,2,2,3,1,1
4547,2,-95,-96,0,1,2,1,5,5,3,3,3,3
4548,1,0,-95,1,-95,-95,-95,-95,-95,-95,-95,-95,-95
4549,1,0,-95,0,-95,-95,-95,-95,-95,-95,-95,-95,-95
4550,2,0,50.61,0,-98,-98,-98,-98,-98,-98,-98,-98,-98
4551,2,0,77.25,0,2,1,2,4,4,1,1,2,1
4552,2,0,53.35,1,2,2,2,4,5,2,2,1,1
4553,1,0,-95,0,-95,-95,-95,-95,-95,-95,-95,-95,-95
4554,2,0,52.86,1,2,2,2,4,4,3,2,2,3
4555,1,0,-95,1,-95,-95,-95,-95,-95,-95,-95,-95,-95
4556,2,0,58.16,1,1,1,1,4,5,1,1,1,1
4557,2,0,48.89,1,4,4,5,-98,3,2,2,2,2
4558,2,0,37.55,1,4,4,4,2,2,2,2,2,2
4559,2,1,64.12,1,3,2,2,2,5,2,2,2,2
4560,1,-95,-95,0,-95,-95,-95,-95,-95,-95,-95,-95,-95
4561,1,0,-95,1,-95,-95,-95,-95,-95,-95,-95,-95,-95
4562,2,0,-98,1,2,2,1,4,4,3,2,3,2
4563,1,0,-95,1,-95,-95,-95,-95,-95,-95,-95,-95,-95
4564,1,0,-95,0,-95,-95,-95,-95,-95,-95,-95,-95,-95
4565,1,0,-95,1,-95,-95,-95,-95,-95,-95,-95,-95,-95
4566,2,0,58.1,1,2,2,2,5,5,2,3,1,1
4567,2,-95,70.51,0,-95,-95,-95,-95,-95,-95,-95,-95,-95
4568,1,0,-95,1,-95,-95,-95,-95,-95,-95,-95,-95,-95
4569,2,0,69.21,0,2,2,2,4,5,1,1,1,1
4570,1,0,-95,0,-95,-95,-95,-95,-95,-95,-95,-95,-95
4571,2,0,65.09,1,2,2,2,4,4,2,2,2,2
4572,1,0,-95,0,-95,-95,-95,-95,-95,-95,-95,-95,-95
4573,2,0,-96,0,2,2,2,2,1,2,3,1,1
4574,2,0,-98,1,3,2,2,2,2,2,2,2,2
4575,1,1,-95,1,-95,-95,-95,-95,-95,-95,-95,-95,-95
4576,2,0,50.1,1,1,1,1,4,5,4,3,3,-98
4577,2,-95,-98,0,1,1,2,4,4,1,1,1,1
4578,1,-95,-95,1,-95,-95,-95,-95,-95,-95,-95,-95,-95
4579,1,0,-95,0,-95,-95,-95,-95,-95,-95,-95,-95,-95
4580,2,1,71.86,0,2,2,1,5,5,1,1,1,2
4581,2,0,66.93,0,3,2,2,-98,2,2,2,2,1
4582,2,-95,57.76,0,-95,-95,-95,-95,-95,-95,-95,-95,-95
4583,1,0,-95,0,-95,-95,-95,-95,-95,-95,-95,-95,-95
4584,2,0,60.35,1,3,2,4,2,4,2,2,2,2
4585,1,-95,-95,1,-95,-95,-95,-95,-95,-95,-95,-95,-95
4586,2,-95,31.88,0,2,2,3,3,3,3,3,4,4
4587,2,0,77.79,0,2,2,2,4,3,2,2,2,2
4588,2,0,-98,1,3,2,2,4,4,2,2,5,3
4589,2,0,69.55,0,2,2,2,4,3,2,2,2,2
4590,2,0,-98,1,-95,-95,-95,-95,-95,-95,-95,-95,-95
4591,2,0,54.81,1,2,2,2,2,4,2,2,2,2
4592,2,0,-98,1,2,1,1,5,5,4,3,3,3
4593,1,-95,-95,0,-95,-95,-95,-95,-95,-95,-95,-95,-95
4594,1,0,-95,0,-95,-95,-95,-95,-95,-95,-95,-95,-95
4595,1,-95,-95,1,-95,-95,-95,-95,-95,-95,-95,-95,-95
4596,1,0,-95,1,-95,-95,-95,-95,-95,-95,-95,-95,-95
4597,2,0,-98,1,2,2,2,2,4,1,1,1,1
4598,1,0,-95,1,-95,-95,-95,-95,-95,-95,-95,-95,-95
4599,2,0,40.04,0,3,3,3,3,3,3,3,3,3
4600,1,-95,-95,1,-95,-95,-95,-95,-95,-95,-95,-95,-95
4601,1,0,-95,1,-95,-95,-95,-95,-95,-95,-95,-95,-95
4602,1,0,-95,1,-95,-95,-95,-95,-95,-95,-95,-95,-95
4603,2,0,63.37,0,2,2,2,2,2,2,2,2,2
4604,2,-95,52.03,0,1,1,1,1,1,2,2,2,1
4605,1,0,-95,1,-95,-95,-95,-95,-95,-95,-95,-95,-95
4606,1,0,-95,0,-95,-95,-95,-95,-95,-95,-95,-95,-95
4607,2,-95,-98,0,2,1,1,4,4,1,1,1,1
4608,1,1,-95,0,-95,-95,-95,-95,-95,-95,-95,-95,-95
4609,2,0,69.21,1,2,3,2,4,4,2,3,2,2
4610,1,0,-95,1,-95,-95,-95,-95,-95,-95,-95,-95,-95
4611,2,-95,50.42,0,2,2,2,4,4,4,2,2,3
4612,1,0,-95,0,-95,-95,-95,-95,-95,-95,-95,-95,-95
4613,1,0,-95,1,-95,-95,-95,-95,-95,-95,-95,-95,-95
4614,2,0,-98,1,-95,-95,-95,-95,-95,-95,-95,-95,-95
4615,2,-95,51.63,1,4,4,2,4,4,3,3,3,2
4616,2,-95,30.26,0,3,4,2,3,5,1,3,3,3
4617,2,0,66.76,0,2,2,2,4,4,2,2,2,2
4618,2,0,-98,0,2,2,2,4,3,4,2,2,4
4619,2,0,51.78,1,2,2,2,4,4,1,3,2,2
4620,2,0,-98,1,1,2,5,-98,5,1,1,2,1
4621,2,0,62.59,1,3,2,2,4,4,2,2,3,3
4622,1,0,-95,0,-95,-95,-95,-95,-95,-95,-95,-95,-95
4623,1,0,-95,1,-95,-95,-95,-95,-95,-95,-95,-95,-95
4624,2,0,69.9,1,2,2,2,1,3,3,3,3,3
4625,2,-95,46.24,0,4,3,2,2,4,3,3,2,1
4626,2,-95,70.19,0,1,1,1,5,5,1,1,1,1
4627,2,0,56.11,0,1,1,1,-98,3,1,2,3,2
4628,1,-95,-95,0,-95,-95,-95,-95,-95,-95,-95,-95,-95
4629,1,1,-95,1,-95,-95,-95,-95,-95,-95,-95,-95,-95
4630,1,0,-95,0,-95,-95,-95,-95,-95,-95,-95,-95,-95
4631,2,0,62.97,1,1,2,2,2,4,1,1,1,1
4632,2,-95,-98,0,2,1,2,4,4,4,2,2,2
4633,1,-95,-95,0,-95,-95,-95,-95,-95,-95,-95,-95,-95
4634,1,0,-95,0,-95,-95,-95,-95,-95,-95,-95,-95,-95
4635,1,0,-95,1,-95,-95,-95,-95,-95,-95,-95,-95,-95
4636,2,0,47.44,1,2,2,3,3,2,2,4,4,3
4637,2,0,70.19,1,2,2,2,4,4,2,2,2,2
4638,1,-95,-95,1,-95,-95,-95,-95,-95,-95,-95,-95,-95
4639,1,0,-95,1,-95,-95,-95,-95,-95,-95,-95,-95,-95
4640,2,0,59.49,0,1,1,1,5,5,2,2,-96,2
4641,1,-95,-95,1,-95,-95,-95,-95,-95,-95,-95,-95,-95
4642,1,0,-95,1,-95,-95,-95,-95,-95,-95,-95,-95,-95
4643,1,-95,-95,0,-95,-95,-95,-95,-95,-95,-95,-95,-95
4644,2,-95,-98,1,-95,-95,-95,-95,-95,-95,-95,-95,-95
4645,2,-95,-98,1,1,1,1,4,5,1,1,1,1
4646,2,-95,-98,0,-95,-95,-95,-95,-95,-95,-95,-95,-95
4647,1,0,-95,1,-95,-95,-95,-95,-95,-95,-95,-95,-95
4648,2,0,69.25,0,2,2,2,2,4,1,1,1,1
4649,2,0,83.93,0,-98,-98,-98,-98,-98,-98,-98,-98,-98
4650,2,0,54.68,0,2,3,2,3,4,2,3,2,3
4651,2,0,67.12,1,1,1,1,2,5,1,3,2,1
4652,2,0,41.84,1,2,2,2,2,4,3,3,2,3
4653,2,1,74.62,0,1,1,1,3,4,2,2,2,2
4654,2,-95,40.74,1,2,3,3,2,3,3,3,4,3
4655,1,0,-95,1,-95,-95,-95,-95,-95,-95,-95,-95,-95
4656,2,0,30.33,0,3,3,3,3,2,2,2,3,3
4657,1,0,-95,1,-95,-95,-95,-95,-95,-95,-95,-95,-95
4658,1,0,-95,0,-95,-95,-95,-95,-95,-95,-95,-95,-95
4659,1,0,-95,0,-95,-95,-95,-95,-95,-95,-95,-95,-95
4660,2,0,-98,0,-95,-95,-95,-95,-95,-95,-95,-95,-95
4661,2,-95,53.41,0,5,2,3,4,4,1,2,1,1
4662,2,0,74.03,1,2,1,2,4,4,2,1,1,2
4663,1,0,-95,1,-95,-95,-95,-95,-95,-95,-95,-95,-95
4664,1,-95,-95,0,-95,-95,-95,-95,-95,-95,-95,-95,-95
4665,2,0,72.16,1,1,1,1,5,2,1,5,2,2
4666,2,0,56.82,0,2,2,2,3,4,3,3,3,2
4667,2,0,-98,0,5,1,1,5,5,1,1,1,1
4668,2,0,94.27,0,1,1,1,4,4,2,2,3,3
4669,1,0,-95,1,-95,-95,-95,-95,-95,-95,-95,-95,-95
4670,1,0,-95,1,-95,-95,-95,-95,-95,-95,-95,-95,-95
4671,1,0,-95,1,-95,-95,-95,-95,-95,-95,-95,-95,-95
4672,1,0,-95,1,-95,-95,-95,-95,-95,-95,-95,-95,-95
4673,2,0,-98,0,-95,-95,-95,-95,-95,-95,-95,-95,-95
4674,2,-95,-98,0,1,1,1,1,1,1,1,1,1
4675,1,0,-95,1,-95,-95,-95,-95,-95,-95,-95,-95,-95
4676,2,0,52.27,1,2,2,2,3,2,3,2,2,2
4677,1,0,-95,1,-95,-95,-95,-95,-95,-95,-95,-95,-95
4678,2,0,61.13,0,2,2,2,-98,2,2,2,1,1
4679,2,0,73.56,0,1,1,1,5,5,1,1,1,1
4680,2,0,-96,1,3,3,3,3,5,3,-98,-98,1
4681,1,-95,-95,0,-95,-95,-95,-95,-95,-95,-95,-95,-95
4682,2,-95,-98,1,5,3,4,2,3,1,1,1,1
4683,1,0,-95,1,-95,-95,-95,-95,-95,-95,-95,-95,-95
4684,2,-95,-98,0,2,2,2,2,2,2,2,2,2
4685,2,0,78.03,0,2,2,2,2,2,3,2,2,3
4686,1,0,-95,0,-95,-95,-95,-95,-95,-95,-95,-95,-95
4687,1,0,-95,0,-95,-95,-95,-95,-95,-95,-95,-95,-95
4688,1,0,-95,0,-95,-95,-95,-95,-95,-95,-95,-95,-95
4689,1,0,-95,1,-95,-95,-95,-95,-95,-95,-95,-95,-95
4690,2,-95,-96,0,2,2,2,4,4,4,2,2,2
4691,1,-95,-95,0,-95,-95,-95,-95,-95,-95,-95,-95,-95
4692,1,0,-95,0,-95,-95,-95,-95,-95,-95,-95,-95,-95
4693,1,-95,-95,1,-95,-95,-95,-95,-95,-95,-95,-95,-95
4694,2,0,79.64,0,2,1,1,4,5,1,2,1,1
4695,2,0,64.59,1,2,2,2,4,4,2,2,3,3
4696,1,-95,-95,1,-95,-95,-95,-95,-95,-95,-95,-95,-95
4697,1,0,-95,0,-95,-95,-95,-95,-95,-95,-95,-95,-95
4698,1,0,-95,1,-95,-95,-95,-95,-95,-95,-95,-95,-95
4699,1,0,-95,0,-95,-95,-95,-95,-95,-95,-95,-95,-95
4700,1,0,-95,0,-95,-95,-95,-95,-95,-95,-95,-95,-95
4701,1,-95,-95,0,-95,-95,-95,-95,-95,-95,-95,-95,-95
4702,2,-95,-98,0,-95,-95,-95,-95,-95,-95,-95,-95,-95
4703,2,-95,52.21,0,1,1,1,5,5,1,1,1,1
4704,1,0,-95,1,-95,-95,-95,-95,-95,-95,-95,-95,-95
4705,1,-95,-95,1,-95,-95,-95,-95,-95,-95,-95,-95,-95
4706,1,0,-95,1,-95,-95,-95,-95,-95,-95,-95,-95,-95
4707,1,0,-95,0,-95,-95,-95,-95,-95,-95,-95,-95,-95
4708,1,0,-95,0,-95,-95,-95,-95,-95,-95,-95,-95,-95
4709,2,-95,59.42,1,2,2,2,4,4,2,2,2,1
4710,1,0,-95,1,-95,-95,-95,-95,-95,-95,-95,-95,-95
4711,1,0,-95,1,-95,-95,-95,-95,-95,-95,-95,-95,-95
4712,2,0,76.21,1,2,2,2,4,3,4,2,1,2
4713,2,0,45.91,0,4,4,4,2,2,2,2,2,2
4714,1,0,-95,1,-95,-95,-95,-95,-95,-95,-95,-95,-95
4715,2,0,-98,0,1,1,1,1,5,1,2,1,1
4716,2,-95,33.79,0,1,1,1,4,4,2,2,2,2
4717,2,0,-98,0,3,2,2,3,3,3,2,3,2
4718,1,0,-95,0,-95,-95,-95,-95,-95,-95,-95,-95,-95
4719,2,-95,78.35,1,2,3,2,4,4,2,3,3,2
4720,1,0,-95,0,-95,-95,-95,-95,-95,-95,-95,-95,-95
4721,2,0,-98,1,4,4,4,2,2,2,2,2,2
4722,1,0,-95,1,-95,-95,-95,-95,-95,-95,-95,-95,-95
4723,2,0,-96,0,2,3,2,4,2,1,1,1,1
4724,1,1,-95,0,-95,-95,-95,-95,-95,-95,-95,-95,-95
4725,2,0,63.42,1,5,3,2,3,5,2,3,1,2
4726,1,0,-95,0,-95,-95,-95,-95,-95,-95,-95,-95,-95
4727,1,0,-95,0,-95,-95,-95,-95,-95,-95,-95,-95,-95
4728,2,0,52.25,0,-95,-95,-95,-95,-95,-95,-95,-95,-95
4729,1,-95,-95,1,-95,-95,-95,-95,-95,-95,-95,-95,-95
4730,1,0,-95,1,-95,-95,-95,-95,-95,-95,-95,-95,-95
4731,1,-95,-95,0,-95,-95,-95,-95,-95,-95,-95,-95,-95
4732,2,-95,48.19,1,4,4,4,2,2,2,2,2,2
4733,2,-95,51.22,0,2,2,2,5,3,1,3,3,2
4734,2,0,-98,1,2,2,2,4,4,2,2,2,2
4735,1,0,-95,0,-95,-95,-95,-95,-95,-95,-95,-95,-95
4736,1,0,-95,1,-95,-95,-95,-95,-95,-95,-95,-95,-95
4737,2,0,-96,0,4,3,1,2,2,4,3,-98,3
4738,2,-95,-98,1,1,2,2,4,4,2,2,1,1
4739,1,0,-95,1,-95,-95,-95,-95,-95,-95,-95,-95,-95
4740,1,0,-95,0,-95,-95,-95,-95,-95,-95,-95,-95,-95
4741,2,0,-98,1,2,2,2,5,5,2,1,1,1
4742,2,-95,48.49,1,4,2,2,4,4,2,3,2,1
4743,2,0,-98,1,4,4,4,3,2,4,3,3,2
4744,2,0,-98,0,-95,-95,-95,-95,-95,-95,-95,-95,-95
4745,1,0,-95,0,-95,-95,-95,-95,-95,-95,-95,-95,-95
4746,1,0,-95,1,-95,-95,-95,-95,-95,-95,-95,-95,-95
4747,2,-95,67.75,0,1,1,1,5,3,3,4,3,2
4748,2,-95,41.93,1,4,3,2,5,4,3,3,2,3
4749,1,0,-95,0,-95,-95,-95,-95,-95,-95,-95,-95,-95
4750,1,0,-95,1,-95,-95,-95,-95,-95,-95,-95,-95,-95
4751,2,-95,-98,1,-95,-95,-95,-95,-95,-95,-95,-95,-95
4752,2,-95,49.11,1,3,5,5,1,2,2,2,1,1
4753,2,0,53.86,1,1,1,1,5,5,1,3,1,1
4754,2,-95,-98,1,-95,-95,-95,-95,-95,-95,-95,-95,-95
4755,2,-95,-98,1,-95,-95,-95,-95,-95,-95,-95,-95,-95
4756,1,0,-95,0,-95,-95,-95,-95,-95,-95,-95,-95,-95
4757,1,0,-95,0,-95,-95,-95,-95,-95,-95,-95,-95,-95
4758,2,-95,-98,1,-95,-95,-95,-95,-95,-95,-95,-95,-95
4759,1,0,-95,1,-95,-95,-95,-95,-95,-95,-95,-95,-95
4760,2,-95,-98,0,5,5,5,3,3,3,3,3,3
4761,1,0,-95,0,-95,-95,-95,-95,-95,-95,-95,-95,-95
4762,2,0,74.44,1,4,4,3,-98,-98,-98,-98,-98,-98
4763,2,-95,51.95,1,2,3,2,3,5,1,1,1,1
4764,1,-95,-95,0,-95,-95,-95,-95,-95,-95,-95,-95,-95
4765,1,-95,-95,1,-95,-95,-95,-95,-95,-95,-95,-95,-95
4766,1,0,-95,1,-95,-95,-95,-95,-95,-95,-95,-95,-95
4767,1,0,-95,1,-95,-95,-95,-95,-95,-95,-95,-95,-95
4768,2,-95,47.11,1,2,2,2,3,5,3,3,3,1
4769,1,0,-95,1,-95,-95,-95,-95,-95,-95,-95,-95,-95
4770,2,0,-96,0,1,2,3,5,3,2,1,3,4
4771,1,0,-95,0,-95,-95,-95,-95,-95,-95,-95,-95,-95
4772,1,0,-95,0,-95,-95,-95,-95,-95,-95,-95,-95,-95
4773,2,0,51.45,0,2,2,2,4,2,3,2,3,2
4774,1,0,-95,1,-95,-95,-95,-95,-95,-95,-95,-95,-95
4775,1,-95,-95,0,-95,-95,-95,-95,-95,-95,-95,-95,-95
4776,2,0,70.02,1,2,2,2,5,5,5,5,5,5
4777,1,0,-95,0,-95,-95,-95,-95,-95,-95,-95,-95,-95
4778,2,0,-96,0,2,2,2,5,4,3,3,3,3
4779,1,0,-95,1,-95,-95,-95,-95,-95,-95,-95,-95,-95
4780,1,-95,-95,1,-95,-95,-95,-95,-95,-95,-95,-95,-95
4781,1,0,-95,1,-95,-95,-95,-95,-95,-95,-95,-95,-95
4782,1,-95,-95,0,-95,-95,-95,-95,-95,-95,-95,-95,-95
4783,1,0,-95,0,-95,-95,-95,-95,-95,-95,-95,-95,-95
4784,2,-95,-96,0,2,2,2,4,3,3,3,2,3
4785,1,-95,-95,1,-95,-95,-95,-95,-95,-95,-95,-95,-95
4786,2,-95,53.69,0,5,5,5,2,1,2,3,2,1
4787,2,0,-98,1,2,2,4,2,2,2,3,3,2
4788,1,-95,-95,0,-95,-95,-95,-95,-95,-95,-95,-95,-95
4789,1,-95,-95,0,-95,-95,-95,-95,-95,-95,-95,-95,-95
4790,2,0,57.89,1,2,2,2,4,4,2,3,2,3
4791,1,0,-95,0,-95,-95,-95,-95,-95,-95,-95,-95,-95
4792,2,0,70.5,1,3,3,2,4,4,3,3,3,3
4793,2,0,55.88,0,3,2,2,4,4,2,2,2,2
4794,2,0,-98,0,4,2,3,4,3,2,4,3,3
4795,1,-95,-95,0,-95,-95,-95,-95,-95,-95,-95,-95,-95
4796,2,1,68.35,0,2,2,4,4,4,1,2,2,2
4797,1,-95,-95,1,-95,-95,-95,-95,-95,-95,-95,-95,-95
4798,2,0,64.54,1,-95,-95,-95,-95,-95,-95,-95,-95,-95
4799,2,0,51.98,1,2,2,2,4,5,2,2,2,2
4800,2,0,-98,1,-95,-95,-95,-95,-95,-95,-95,-95,-95
4801,1,-95,-95,1,-95,-95,-95,-95,-95,-95,-95,-95,-95
4802,2,0,68.03,1,2,3,2,2,2,2,2,2,2
4803,1,-95,-95,1,-95,-95,-95,-95,-95,-95,-95,-95,-95
4804,1,0,-95,0,-95,-95,-95,-95,-95,-95,-95,-95,-95
4805,1,0,-95,1,-95,-95,-95,-95,-95,-95,-95,-95,-95
4806,1,-95,-95,0,-95,-95,-95,-95,-95,-95,-95,-95,-95
4807,1,0,-95,1,-95,-95,-95,-95,-95,-95,-95,-95,-95
4808,1,-95,-95,1,-95,-95,-95,-95,-95,-95,-95,-95,-95
4809,2,0,84.11,1,1,1,1,5,5,1,2,1,1
4810,2,-95,-98,0,2,2,2,4,2,3,2,1,1
4811,1,0,-95,1,-95,-95,-95,-95,-95,-95,-95,-95,-95
4812,2,0,48.62,0,1,2,1,5,5,2,1,1,2
4813,2,-95,-98,0,-95,-95,-95,-95,-95,-95,-95,-95,-95
4814,1,1,-95,0,-95,-95,-95,-95,-95,-95,-95,-95,-95
4815,1,0,-95,1,-95,-95,-95,-95,-95,-95,-95,-95,-95
4816,2,-95,54.05,0,1,1,1,5,5,1,1,1,1
4817,2,-95,-98,0,-95,-95,-95,-95,-95,-95,-95,-95,-95
4818,1,0,-95,0,-95,-95,-95,-95,-95,-95,-95,-95,-95
4819,2,0,66.25,0,3,2,2,5,5,2,1,1,1
4820,1,0,-95,1,-95,-95,-95,-95,-95,-95,-95,-95,-95
4821,1,0,-95,0,-95,-95,-95,-95,-95,-95,-95,-95,-95
4822,1,0,-95,0,-95,-95,-95,-95,-95,-95,-95,-95,-95
4823,2,0,-98,0,3,2,2,4,4,3,3,3,2
4824,2,0,-98,0,1,1,1,1,3,1,1,2,2
4825,2,-95,78.04,1,1,1,1,4,4,1,1,1,1
4826,1,0,-95,1,-95,-95,-95,-95,-95,-95,-95,-95,-95
4827,2,0,51.06,1,2,3,3,4,-96,3,3,1,1
4828,1,0,-95,0,-95,-95,-95,-95,-95,-95,-95,-95,-95
4829,1,0,-95,0,-95,-95,-95,-95,-95,-95,-95,-95,-95
4830,1,0,-95,1,-95,-95,-95,-95,-95,-95,-95,-95,-95
4831,2,0,74.4,0,2,2,2,4,4,1,2,1,1
4832,1,0,-95,0,-95,-95,-95,-95,-95,-95,-95,-95,-95
4833,1,-95,-95,0,-95,-95,-95,-95,-95,-95,-95,-95,-95
4834,2,0,69.01,1,2,3,2,2,4,2,2,2,3
4835,2,0,-98,0,-95,-95,-95,-95,-95,-95,-95,-95,-95
4836,2,0,-98,0,2,2,2,2,2,2,4,2,2
4837,2,0,-96,1,2,2,2,4,4,2,2,2,2
4838,2,0,47.52,0,2,2,1,4,2,1,2,3,2
4839,1,0,-95,1,-95,-95,-95,-95,-95,-95,-95,-95,-95
4840,1,-95,-95,1,-95,-95,-95,-95,-95,-95,-95,-95,-95
4841,1,0,-95,1,-95,-95,-95,-95,-95,-95,-95,-95,-95
4842,2,0,62.85,1,-95,-95,-95,-95,-95,-95,-95,-95,-95
4843,2,-95,-98,1,-95,-95,-95,-95,-95,-95,-95,-95,-95
4844,2,-95,-98,0,2,2,2,4,4,3,3,2,2
4845,2,-95,-98,1,2,3,4,4,3,3,3,3,3
4846,2,1,80.68,0,1,1,1,5,4,1,1,1,1
4847,1,0,-95,0,-95,-95,-95,-95,-95,-95,-95,-95,-95
4848,1,0,-95,0,-95,-95,-95,-95,-95,-95,-95,-95,-95
4849,1,0,-95,0,-95,-95,-95,-95,-95,-95,-95,-95,-95
4850,2,-95,54.91,0,3,4,3,1,5,2,2,3,2
4851,1,-95,-95,0,-95,-95,-95,-95,-95,-95,-95,-95,-95
4852,1,-95,-95,0,-95,-95,-95,-95,-95,-95,-95,-95,-95
4853,2,0,-98,1,1,2,2,2,2,2,2,2,2
4854,2,0,61.93,0,-95,-95,-95,-95,-95,-95,-95,-95,-95
4855,1,0,-95,1,-95,-95,-95,-95,-95,-95,-95,-95,-95
4856,1,0,-95,1,-95,-95,-95,-95,-95,-95,-95,-95,-95
4857,1,0,-95,0,-95,-95,-95,-95,-95,-95,-95,-95,-95
4858,2,0,39.12,1,-95,-95,-95,-95,-95,-95,-95,-95,-95
4859,2,-95,-96,1,2,2,2,2,3,4,3,4,3
4860,1,-95,-95,1,-95,-95,-95,-95,-95,-95,-95,-95,-95
4861,1,-95,-95,1,-95,-95,-95,-95,-95,-95,-95,-95,-95
4862,1,0,-95,1,-95,-95,-95,-95,-95,-95,-95,-95,-95
4863,2,0,84.01,0,2,1,2,3,5,2,1,1,1
4864,1,0,-95,0,-95,-95,-95,-95,-95,-95,-95,-95,-95
4865,1,0,-95,1,-95,-95,-95,-95,-95,-95,-95,-95,-95
4866,2,0,-96,0,1,1,1,4,4,2,2,1,1
4867,1,0,-95,1,-95,-95,-95,-95,-95,-95,-95,-95,-95
4868,1,0,-95,1,-95,-95,-95,-95,-95,-95,-95,-95,-95
4869,2,0,64.49,0,-98,-98,-98,-98,-98,-98,-98,-98,-98
4870,1,0,-95,1,-95,-95,-95,-95,-95,-95,-95,-95,-95
4871,2,0,53.66,1,1,1,1,5,5,1,5,1,1
4872,1,0,-95,0,-95,-95,-95,-95,-95,-95,-95,-95,-95
4873,2,-95,69.98,1,3,2,2,3,3,2,1,2,1
4874,1,0,-95,1,-95,-95,-95,-95,-95,-95,-95,-95,-95
4875,1,0,-95,0,-95,-95,-95,-95,-95,-95,-95,-95,-95
4876,2,0,76.38,1,1,1,1,3,2,2,2,1,1
4877,1,-95,-95,1,-95,-95,-95,-95,-95,-95,-95,-95,-95
4878,1,0,-95,1,-95,-95,-95,-95,-95,-95,-95,-95,-95
4879,1,0,-95,1,-95,-95,-95,-95,-95,-95,-95,-95,-95
4880,1,0,-95,1,-95,-95,-95,-95,-95,-95,-95,-95,-95
4881,2,-95,40.68,1,1,2,1,5,4,1,1,2,3
4882,2,0,55.69,1,5,3,5,1,5,3,3,3,3
4883,2,-95,52.18,0,2,2,2,4,4,2,2,1,1
4884,2,0,60.52,0,1,1,1,4,5,1,3,2,1
4885,1,0,-95,0,-95,-95,-95,-95,-95,-95,-95,-95,-95
4886,1,0,-95,0,-95,-95,-95,-95,-95,-95,-95,-95,-95
4887,2,0,30.3,0,3,3,3,2,5,3,2,-98,3
4888,2,0,79.41,0,2,2,2,4,2,2,4,2,1
4889,2,0,51.04,1,2,2,2,3,1,1,1,1,1
4890,2,0,-98,0,3,3,3,3,3,3,3,3,3
4891,1,0,-95,1,-95,-95,-95,-95,-95,-95,-95,-95,-95
4892,1,0,-95,1,-95,-95,-95,-95,-95,-95,-95,-95,-95
4893,2,1,-96,0,2,2,2,4,5,1,2,1,1
4894,2,0,-98,1,-95,-95,-95,-95,-95,-95,-95,-95,-95
4895,2,0,-98,1,1,1,2,4,4,1,3,1,1
4896,2,0,59.26,1,2,2,2,4,4,2,1,1,2
4897,1,0,-95,0,-95,-95,-95,-95,-95,-95,-95,-95,-95
4898,2,1,93.36,0,1,1,1,4,5,1,1,1,1
4899,1,-95,-95,0,-95,-95,-95,-95,-95,-95,-95,-95,-95
4900,2,-95,-98,0,2,2,2,4,2,2,2,2,2
4901,2,0,-98,0,3,2,2,4,4,2,3,2,1
4902,1,0,-95,1,-95,-95,-95,-95,-95,-95,-95,-95,-95
4903,1,0,-95,1,-95,-95,-95,-95,-95,-95,-95,-95,-95
4904,1,-95,-95,0,-95,-95,-95,-95,-95,-95,-95,-95,-95
4905,1,-95,-95,0,-95,-95,-95,-95,-95,-95,-95,-95,-95
4906,1,0,-95,0,-95,-95,-95,-95,-95,-95,-95,-95,-95
4907,1,0,-95,0,-95,-95,-95,-95,-95,-95,-95,-95,-95
4908,2,0,46.85,0,-95,-95,-95,-95,-95,-95,-95,-95,-95
4909,1,1,-95,0,-95,-95,-95,-95,-95,-95,-95,-95,-95
4910,2,0,71.57,0,1,1,1,5,5,2,2,-98,4
4911,1,-95,-95,0,-95,-95,-95,-95,-95,-95,-95,-95,-95
4912,2,0,48.46,0,2,2,2,4,3,3,2,2,2
4913,1,0,-95,1,-95,-95,-95,-95,-95,-95,-95,-95,-95
4914,2,-95,-98,1,3,4,2,3,3,4,3,2,3
4915,1,-95,-95,0,-95,-95,-95,-95,-95,-95,-95,-95,-95
4916,2,0,51.16,1,-95,-95,-95,-95,-95,-95,-95,-95,-95
4917,2,0,57.5,1,1,1,1,5,5,3,2,3,1
4918,1,0,-95,0,-95,-95,-95,-95,-95,-95,-95,-95,-95
4919,1,0,-95,0,-95,-95,-95,-95,-95,-95,-95,-95,-95
4920,2,0,58.38,1,1,1,1,1,1,1,1,1,1
4921,2,0,58.45,0,2,2,2,3,3,3,3,3,1
4922,2,0,54.52,1,2,3,1,4,1,5,5,4,3
4923,2,0,40.87,0,-98,-98,-98,-98,-98,-98,-98,-98,-98
4924,2,0,71.49,0,1,2,1,2,3,2,2,2,2
4925,1,-95,-95,0,-95,-95,-95,-95,-95,-95,-95,-95,-95
4926,2,0,64.6,1,4,4,2,2,5,2,2,2,1
4927,1,-95,-95,0,-95,-95,-95,-95,-95,-95,-95,-95,-95
4928,2,0,-96,1,3,3,2,3,3,3,3,2,2
4929,1,0,-95,0,-95,-95,-95,-95,-95,-95,-95,-95,-95
4930,1,0,-95,0,-95,-95,-95,-95,-95,-95,-95,-95,-95
4931,1,0,-95,1,-95,-95,-95,-95,-95,-95,-95,-95,-95
4932,2,1,70.22,1,1,2,2,3,4,1,1,2,1
4933,2,0,62.07,1,4,3,2,2,4,4,-98,2,2
4934,1,0,-95,1,-95,-95,-95,-95,-95,-95,-95,-95,-95
4935,2,0,44.64,1,1,2,2,2,5,3,3,-98,-96
4936,1,0,-95,1,-95,-95,-95,-95,-95,-95,-95,-95,-95
4937,2,0,41.68,0,2,2,2,2,2,2,2,2,2
4938,2,0,80.25,0,-95,-95,-95,-95,-95,-95,-95,-95,-95
4939,1,-95,-95,1,-95,-95,-95,-95,-95,-95,-95,-95,-95
4940,1,0,-95,0,-95,-95,-95,-95,-95,-95,-95,-95,-95
4941,1,0,-95,0,-95,-95,-95,-95,-95,-95,-95,-95,-95
4942,1,0,-95,0,-95,-95,-95,-95,-95,-95,-95,-95,-95
4943,2,0,75.66,1,1,2,2,4,4,2,2,2,1
4944,2,0,47.66,0,-98,-98,-98,-98,-98,-98,-98,-98,-98
4945,2,-95,-98,1,2,2,2,4,3,3,3,3,3
4946,2,-95,63.76,1,1,2,2,3,4,3,2,2,2
4947,1,0,-95,1,-95,-95,-95,-95,-95,-95,-95,-95,-95
4948,1,0,-95,1,-95,-95,-95,-95,-95,-95,-95,-95,-95
4949,2,0,59.17,1,3,2,2,4,4,2,2,2,3
4950,2,-95,-98,0,-95,-95,-95,-95,-95,-95,-95,-95,-95
4951,2,0,71.89,1,4,2,2,2,4,2,2,3,2
4952,1,-95,-95,0,-95,-95,-95,-95,-95,-95,-95,-95,-95
4953,2,1,-98,1,-95,-95,-95,-95,-95,-95,-95,-95,-95
4954,1,-95,-95,1,-95,-95,-95,-95,-95,-95,-95,-95,-95
4955,2,-95,57.2,0,1,1,2,5,4,3,3,2,1
4956,1,0,-95,0,-95,-95,-95,-95,-95,-95,-95,-95,-95
4957,2,0,63.63,1,2,2,2,3,4,2,2,2,2
4958,2,0,73.4,1,2,2,2,4,4,2,3,2,3
4959,2,-95,-98,1,3,4,2,4,4,2,2,2,2
4960,1,-95,-95,1,-95,-95,-95,-95,-95,-95,-95,-95,-95
4961,2,0,44.45,1,1,1,1,4,4,1,1,1,1
4962,1,0,-95,1,-95,-95,-95,-95,-95,-95,-95,-95,-95
4963,2,-95,61.54,1,2,3,2,3,3,3,2,3,3
4964,1,0,-95,1,-95,-95,-95,-95,-95,-95,-95,-95,-95
4965,2,0,83.4,0,1,1,1,4,5,2,2,3,3
4966,2,0,-98,0,-95,-95,-95,-95,-95,-95,-95,-95,-95
4967,1,0,-95,0,-95,-95,-95,-95,-95,-95,-95,-95,-95
4968,2,0,48.01,1,2,2,2,4,4,3,3,2,2
4969,2,0,54.45,1,-95,-95,-95,-95,-95,-95,-95,-95,-95
4970,1,1,-95,1,-95,-95,-95,-95,-95,-95,-95,-95,-95
4971,1,0,-95,0,-95,-95,-95,-95,-95,-95,-95,-95,-95
4972,1,0,-95,1,-95,-95,-95,-95,-95,-95,-95,-95,-95
4973,2,0,51.97,1,2,3,2,4,4,2,2,3,2
4974,1,0,-95,0,-95,-95,-95,-95,-95,-95,-95,-95,-95
4975,2,0,53.98,1,-98,-98,-98,-98,-98,-98,-98,-98,-98
4976,2,-95,50.22,0,1,1,1,3,3,3,2,3,3
4977,2,0,51.91,1,2,2,2,3,3,1,2,1,1
4978,1,0,-95,1,-95,-95,-95,-95,-95,-95,-95,-95,-95
4979,1,0,-95,1,-95,-95,-95,-95,-95,-95,-95,-95,-95
4980,2,1,72,0,3,2,2,5,5,3,3,2,2
4981,2,0,-98,0,2,4,2,4,4,2,2,2,1
4982,1,0,-95,1,-95,-95,-95,-95,-95,-95,-95,-95,-95
4983,2,-95,45.5,0,1,2,2,4,5,2,2,1,2
4984,1,0,-95,0,-95,-95,-95,-95,-95,-95,-95,-95,-95
4985,1,-95,-95,0,-95,-95,-95,-95,-95,-95,-95,-95,-95
4986,2,0,57.82,0,2,2,2,4,4,2,2,2,2
4987,1,0,-95,1,-95,-95,-95,-95,-95,-95,-95,-95,-95
4988,1,0,-95,1,-95,-95,-95,-95,-95,-95,-95,-95,-95
4989,1,-95,-95,0,-95,-95,-95,-95,-95,-95,-95,-95,-95
4990,2,-95,-98,1,2,3,2,4,3,1,-98,1,1
4991,2,0,56.25,0,2,2,2,4,5,2,2,2,3
4992,2,-95,59.51,1,1,1,1,4,4,1,1,1,1
4993,1,1,-95,0,-95,-95,-95,-95,-95,-95,-95,-95,-95
4994,2,0,63,1,3,2,2,4,4,3,3,3,3
4995,1,0,-95,1,-95,-95,-95,-95,-95,-95,-95,-95,-95
4996,1,-95,-95,1,-95,-95,-95,-95,-95,-95,-95,-95,-95
4997,1,0,-95,0,-95,-95,-95,-95,-95,-95,-95,-95,-95
4998,1,0,-95,1,-95,-95,-95,-95,-95,-95,-95,-95,-95
4999,1,0,-95,1,-95,-95,-95,-95,-95,-95,-95,-95,-95
5000,2,-95,44.39,1,5,5,5,-98,3,2,2,2,2
5001,2,-95,-98,1,-95,-95,-95,-95,-95,-95,-95,-95,-95
5002,1,0,-95,1,-95,-95,-95,-95,-95,-95,-95,-95,-95
5003,2,0,-96,1,1,2,2,3,1,1,5,1,1
5004,2,-95,-96,0,-95,-95,-95,-95,-95,-95,-95,-95,-95
5005,2,1,69.8,0,2,2,2,4,4,2,2,1,1
5006,2,0,54.3,1,4,3,2,3,5,-98,-98,3,3
5007,2,-95,-98,1,3,4,3,4,2,1,3,1,1
5008,1,0,-95,1,-95,-95,-95,-95,-95,-95,-95,-95,-95
5009,1,-95,-95,0,-95,-95,-95,-95,-95,-95,-95,-95,-95
5010,2,0,67.69,1,-95,-95,-95,-95,-95,-95,-95,-95,-95
5011,1,0,-95,1,-95,-95,-95,-95,-95,-95,-95,-95,-95
5012,1,0,-95,1,-95,-95,-95,-95,-95,-95,-95,-95,-95
5013,1,-95,-95,1,-95,-95,-95,-95,-95,-95,-95,-95,-95
5014,1,-95,-95,1,-95,-95,-95,-95,-95,-95,-95,-95,-95
5015,2,0,36.55,0,2,2,2,3,3,3,3,3,3
5016,2,-95,55.23,0,2,3,1,5,5,2,2,2,1
5017,1,-95,-95,0,-95,-95,-95,-95,-95,-95,-95,-95,-95
5018,1,0,-95,1,-95,-95,-95,-95,-95,-95,-95,-95,-95
5019,2,0,-96,1,2,2,3,5,4,2,3,1,2
5020,2,0,65.18,0,-95,-95,-95,-95,-95,-95,-95,-95,-95
5021,2,0,59.1,0,1,1,1,5,5,1,1,1,1
5022,2,0,63.73,1,2,2,2,4,4,2,2,2,2
5023,2,0,-96,0,1,1,1,1,1,2,2,2,1
5024,1,0,-95,0,-95,-95,-95,-95,-95,-95,-95,-95,-95
5025,2,-95,42.31,0,2,2,3,2,1,2,2,1,2
5026,1,0,-95,1,-95,-95,-95,-95,-95,-95,-95,-95,-95
5027,1,-95,-95,1,-95,-95,-95,-95,-95,-95,-95,-95,-95
5028,1,0,-95,1,-95,-95,-95,-95,-95,-95,-95,-95,-95
5029,1,0,-95,0,-95,-95,-95,-95,-95,-95,-95,-95,-95
5030,1,1,-95,1,-95,-95,-95,-95,-95,-95,-95,-95,-95
5031,2,0,-98,0,4,2,2,1,5,3,4,1,3
5032,1,0,-95,0,-95,-95,-95,-95,-95,-95,-95,-95,-95
5033,1,0,-95,0,-95,-95,-95,-95,-95,-95,-95,-95,-95
5034,1,0,-95,1,-95,-95,-95,-95,-95,-95,-95,-95,-95
5035,2,0,69.84,1,2,1,1,5,5,3,-98,2,2
5036,2,-95,35.41,1,2,2,1,3,2,3,3,3,3
5037,1,0,-95,1,-95,-95,-95,-95,-95,-95,-95,-95,-95
5038,2,-95,56.45,1,2,2,2,4,4,2,2,1,2
5039,2,0,36.11,1,3,4,2,2,5,2,2,-98,-98
5040,1,0,-95,1,-95,-95,-95,-95,-95,-95,-95,-95,-95
5041,1,0,-95,0,-95,-95,-95,-95,-95,-95,-95,-95,-95
5042,2,-95,-98,1,-95,-95,-95,-95,-95,-95,-95,-95,-95
5043,1,0,-95,0,-95,-95,-95,-95,-95,-95,-95,-95,-95
5044,1,0,-95,0,-95,-95,-95,-95,-95,-95,-95,-95,-95
5045,2,0,63.47,1,5,4,3,1,2,4,2,2,3
5046,2,0,80.48,0,4,3,2,4,5,4,4,3,3
5047,2,0,-98,0,-95,-95,-95,-95,-95,-95,-95,-95,-95
5048,2,0,60.97,1,4,4,4,2,4,2,1,2,2
5049,1,1,-95,0,-95,-95,-95,-95,-95,-95,-95,-95,-95
5050,1,0,-95,1,-95,-95,-95,-95,-95,-95,-95,-95,-95
5051,1,-95,-95,0,-95,-95,-95,-95,-95,-95,-95,-95,-95
5052,2,-95,59.43,1,3,4,2,-98,5,1,2,1,1
5053,1,0,-95,0,-95,-95,-95,-95,-95,-95,-95,-95,-95
5054,1,0,-95,0,-95,-95,-95,-95,-95,-95,-95,-95,-95
5055,2,0,59.89,0,2,1,1,3,5,1,1,1,2
5056,1,0,-95,0,-95,-95,-95,-95,-95,-95,-95,-95,-95
5057,1,0,-95,1,-95,-95,-95,-95,-95,-95,-95,-95,-95
5058,2,0,49.69,0,3,3,3,3,3,3,3,3,3
5059,1,0,-95,1,-95,-95,-95,-95,-95,-95,-95,-95,-95
5060,1,0,-95,0,-95,-95,-95,-95,-95,-95,-95,-95,-95
5061,2,0,71.24,1,1,2,2,5,5,1,1,2,3
5062,1,0,-95,1,-95,-95,-95,-95,-95,-95,-95,-95,-95
5063,1,0,-95,1,-95,-95,-95,-95,-95,-95,-95,-95,-95
5064,2,0,72.58,0,4,2,2,5,5,2,2,2,2
5065,2,0,85.91,0,3,2,2,5,4,2,1,2,3
5066,2,0,36.45,0,3,3,3,3,3,3,3,3,3
5067,1,-95,-95,0,-95,-95,-95,-95,-95,-95,-95,-95,-95
5068,2,0,46.79,1,-95,-95,-95,-95,-95,-95,-95,-95,-95
5069,2,0,60.63,1,1,1,1,5,1,1,1,4,2
5070,2,0,69.23,0,1,1,-96,5,5,1,5,1,1
5071,1,0,-95,0,-95,-95,-95,-95,-95,-95,-95,-95,-95
5072,2,0,61.54,0,4,2,2,2,5,1,2,2,1
5073,1,0,-95,1,-95,-95,-95,-95,-95,-95,-95,-95,-95
5074,1,0,-95,0,-95,-95,-95,-95,-95,-95,-95,-95,-95
5075,2,0,51.68,0,4,3,4,2,4,3,1,2,5
5076,1,-95,-95,0,-95,-95,-95,-95,-95,-95,-95,-95,-95
5077,2,0,-98,1,1,1,1,5,5,1,1,1,1
5078,2,0,62.91,1,5,3,2,4,5,3,3,2,3
5079,2,0,44.5,0,1,2,-96,5,5,2,2,-98,-98
5080,1,-95,-95,0,-95,-95,-95,-95,-95,-95,-95,-95,-95
5081,2,0,37.67,0,2,1,2,-96,1,2,1,1,2
5082,1,0,-95,1,-95,-95,-95,-95,-95,-95,-95,-95,-95
5083,1,0,-95,0,-95,-95,-95,-95,-95,-95,-95,-95,-95
5084,2,0,58.29,1,-95,-95,-95,-95,-95,-95,-95,-95,-95
5085,2,0,64.66,0,2,2,2,4,4,3,2,2,2
5086,1,-95,-95,0,-95,-95,-95,-95,-95,-95,-95,-95,-95
5087,1,0,-95,1,-95,-95,-95,-95,-95,-95,-95,-95,-95
5088,2,1,-98,1,2,3,4,3,4,2,2,2,2
5089,2,-95,79.27,1,2,3,3,4,4,2,3,1,3
5090,1,0,-95,1,-95,-95,-95,-95,-95,-95,-95,-95,-95
5091,2,0,63.91,0,1,2,2,5,5,2,3,1,2
5092,2,1,77.04,1,1,1,1,4,4,1,1,1,1
5093,2,-95,51.54,0,1,1,2,4,4,1,1,1,1
5094,2,-95,71.12,0,-98,-98,-98,-98,-98,-98,-98,-98,-98
5095,1,-95,-95,1,-95,-95,-95,-95,-95,-95,-95,-95,-95
5096,2,0,40.62,0,4,1,3,4,1,2,3,5,3
5097,2,0,41.95,1,-95,-95,-95,-95,-95,-95,-95,-95,-95
5098,2,0,46.84,1,4,2,2,4,4,2,-98,-98,-98
5099,2,0,54.42,1,2,3,2,4,4,3,3,2,2
5100,1,0,-95,0,-95,-95,-95,-95,-95,-95,-95,-95,-95
5101,2,0,37.69,0,3,3,3,3,3,3,3,3,3
5102,2,-95,59.5,1,4,3,2,5,4,3,4,3,5
5103,1,-95,-95,0,-95,-95,-95,-95,-95,-95,-95,-95,-95
5104,1,0,-95,0,-95,-95,-95,-95,-95,-95,-95,-95,-95
5105,1,0,-95,0,-95,-95,-95,-95,-95,-95,-95,-95,-95
5106,1,0,-95,0,-95,-95,-95,-95,-95,-95,-95,-95,-95
5107,1,0,-95,1,-95,-95,-95,-95,-95,-95,-95,-95,-95
5108,2,0,64.94,0,1,1,1,5,5,1,1,1,1
5109,2,0,59.17,1,2,2,3,1,1,1,1,1,1
5110,1,-95,-95,0,-95,-95,-95,-95,-95,-95,-95,-95,-95
5111,1,-95,-95,0,-95,-95,-95,-95,-95,-95,-95,-95,-95
5112,2,0,51.04,0,4,5,5,5,2,2,2,3,-98
5113,2,0,62.37,1,1,1,1,5,5,1,2,1,1
5114,1,0,-95,1,-95,-95,-95,-95,-95,-95,-95,-95,-95
5115,2,-95,62.59,1,4,1,1,3,5,3,3,2,1
5116,2,0,56.64,0,3,3,2,2,5,2,2,1,1
5117,2,0,-98,0,1,1,1,4,5,1,1,1,1
5118,2,0,-98,1,-95,-95,-95,-95,-95,-95,-95,-95,-95
5119,2,0,52.83,0,2,3,2,3,2,2,2,1,2
5120,2,0,42.5,1,2,2,2,3,4,2,2,1,1
5121,1,0,-95,0,-95,-95,-95,-95,-95,-95,-95,-95,-95
5122,1,0,-95,0,-95,-95,-95,-95,-95,-95,-95,-95,-95
5123,2,-95,38.01,1,1,2,2,4,4,3,4,3,4
5124,2,-95,68.74,1,1,1,1,5,5,2,2,2,3
5125,1,-95,-95,0,-95,-95,-95,-95,-95,-95,-95,-95,-95
5126,2,0,-98,1,2,2,2,4,4,3,1,2,2
5127,1,-95,-95,0,-95,-95,-95,-95,-95,-95,-95,-95,-95
5128,1,-95,-95,1,-95,-95,-95,-95,-95,-95,-95,-95,-95
5129,2,-95,-98,1,2,2,2,5,4,2,2,2,3
5130,2,0,64.31,0,2,2,2,4,4,2,2,1,1
5131,2,-95,-98,0,1,1,1,1,1,1,1,1,1
5132,2,-95,40.81,0,1,2,3,3,2,3,2,2,2
5133,1,0,-95,1,-95,-95,-95,-95,-95,-95,-95,-95,-95
5134,2,-95,43.16,0,-95,-95,-95,-95,-95,-95,-95,-95,-95
5135,2,-95,-98,1,1,2,4,2,1,1,1,1,1
5136,2,-95,51.68,0,1,1,2,5,5,3,3,1,2
5137,1,0,-95,0,-95,-95,-95,-95,-95,-95,-95,-95,-95
5138,1,0,-95,0,-95,-95,-95,-95,-95,-95,-95,-95,-95
5139,2,0,60.39,1,2,1,1,5,5,3,3,2,3
5140,1,0,-95,1,-95,-95,-95,-95,-95,-95,-95,-95,-95
5141,2,0,75.12,0,2,2,2,3,4,2,1,3,2
5142,2,0,38.38,0,2,2,2,2,3,1,1,2,2
5143,2,0,52.94,1,2,2,2,4,4,1,1,1,1
5144,2,0,52.84,1,4,3,2,5,5,1,1,3,5
5145,1,0,-95,1,-95,-95,-95,-95,-95,-95,-95,-95,-95
5146,2,0,54.25,1,4,2,3,3,4,3,2,3,4
5147,1,0,-95,1,-95,-95,-95,-95,-95,-95,-95,-95,-95
5148,2,-95,-98,1,-95,-95,-95,-95,-95,-95,-95,-95,-95
5149,2,0,44.83,0,2,2,2,5,3,3,1,1,1
5150,2,0,68.83,1,1,1,1,5,5,1,1,2,1
5151,2,-95,62.01,0,1,1,1,5,5,2,2,1,2
5152,1,0,-95,0,-95,-95,-95,-95,-95,-95,-95,-95,-95
5153,1,-95,-95,0,-95,-95,-95,-95,-95,-95,-95,-95,-95
5154,2,0,67.46,0,4,4,2,5,5,3,4,4,3
5155,1,-95,-95,1,-95,-95,-95,-95,-95,-95,-95,-95,-95
5156,2,-95,65.24,0,2,1,-98,4,4,1,2,1,1
5157,2,0,66.09,0,1,1,1,5,4,2,2,2,2
5158,2,0,-96,0,1,1,1,5,5,1,1,1,1
5159,2,-95,-98,1,5,4,4,3,4,3,3,3,3
5160,1,0,-95,1,-95,-95,-95,-95,-95,-95,-95,-95,-95
5161,2,0,70.53,0,2,2,2,4,4,4,4,4,3
5162,1,-95,-95,1,-95,-95,-95,-95,-95,-95,-95,-95,-95
5163,2,-95,-98,1,4,3,2,4,5,3,3,2,1
5164,2,0,-96,1,5,5,5,5,5,3,3,1,1
5165,1,-95,-95,1,-95,-95,-95,-95,-95,-95,-95,-95,-95
5166,1,-95,-95,0,-95,-95,-95,-95,-95,-95,-95,-95,-95
5167,1,0,-95,1,-95,-95,-95,-95,-95,-95,-95,-95,-95
5168,1,-95,-95,0,-95,-95,-95,-95,-95,-95,-95,-95,-95
5169,2,0,62.68,1,1,2,1,4,4,2,2,2,2
5170,2,0,72.33,1,2,2,2,5,5,2,2,2,2
5171,2,0,74.3,0,2,1,2,4,4,2,2,1,2
5172,2,0,-96,1,-95,-95,-95,-95,-95,-95,-95,-95,-95
5173,2,-95,45.82,1,4,3,2,4,5,3,3,2,1
5174,2,0,-98,1,2,2,2,3,5,4,2,1,2
5175,1,1,-95,0,-95,-95,-95,-95,-95,-95,-95,-95,-95
5176,2,-95,54.21,1,-95,-95,-95,-95,-95,-95,-95,-95,-95
5177,2,-95,-98,1,4,4,4,4,4,4,4,3,3
5178,1,0,-95,1,-95,-95,-95,-95,-95,-95,-95,-95,-95
5179,2,-95,-96,1,1,2,2,4,4,2,3,1,2
5180,1,1,-95,0,-95,-95,-95,-95,-95,-95,-95,-95,-95
5181,2,0,67.71,1,2,2,2,2,4,2,3,1,1
5182,1,0,-95,0,-95,-95,-95,-95,-95,-95,-95,-95,-95
5183,1,-95,-95,0,-95,-95,-95,-95,-95,-95,-95,-95,-95
5184,2,-95,47.35,1,1,3,2,5,5,1,2,1,1
5185,1,0,-95,0,-95,-95,-95,-95,-95,-95,-95,-95,-95
5186,1,0,-95,0,-95,-95,-95,-95,-95,-95,-95,-95,-95
5187,1,0,-95,0,-95,-95,-95,-95,-95,-95,-95,-95,-95
5188,2,-95,76.23,1,-98,-98,-98,-98,-98,-98,-98,-98,-98
5189,2,0,-98,0,-95,-95,-95,-95,-95,-95,-95,-95,-95
5190,2,-95,52.29,0,2,2,2,4,5,1,2,2,2
5191,1,-95,-95,0,-95,-95,-95,-95,-95,-95,-95,-95,-95
5192,1,0,-95,1,-95,-95,-95,-95,-95,-95,-95,-95,-95
5193,2,-95,-98,0,4,4,2,2,4,4,3,2,3
5194,1,-95,-95,0,-95,-95,-95,-95,-95,-95,-95,-95,-95
5195,1,0,-95,0,-95,-95,-95,-95,-95,-95,-95,-95,-95
5196,2,-95,45.51,0,3,4,3,1,1,2,2,1,1
5197,2,0,66.85,1,2,1,1,4,4,1,1,3,1
5198,2,0,-98,0,3,1,2,4,4,2,3,2,2
5199,2,-95,64.89,1,4,4,2,4,5,2,3,2,3
5200,2,0,48.15,0,1,1,2,2,1,2,1,2,1
5201,2,-95,-98,0,4,4,4,2,2,2,3,3,3
5202,2,0,69.02,1,2,2,2,4,4,3,3,4,2
5203,1,-95,-95,0,-95,-95,-95,-95,-95,-95,-95,-95,-95
5204,2,-95,-98,1,3,4,4,2,4,2,3,1,2
5205,1,0,-95,0,-95,-95,-95,-95,-95,-95,-95,-95,-95
5206,1,0,-95,0,-95,-95,-95,-95,-95,-95,-95,-95,-95
5207,2,-95,55.41,1,5,5,5,1,2,4,5,2,2
5208,1,-95,-95,0,-95,-95,-95,-95,-95,-95,-95,-95,-95
5209,1,-95,-95,0,-95,-95,-95,-95,-95,-95,-95,-95,-95
5210,2,0,43.11,1,-95,-95,-95,-95,-95,-95,-95,-95,-95
5211,1,-95,-95,0,-95,-95,-95,-95,-95,-95,-95,-95,-95
5212,1,0,-95,0,-95,-95,-95,-95,-95,-95,-95,-95,-95
5213,2,0,74.21,1,1,1,1,3,4,2,2,1,1
5214,1,0,-95,1,-95,-95,-95,-95,-95,-95,-95,-95,-95
5215,2,-95,64.06,0,1,2,2,5,5,1,1,1,1
5216,2,-95,38.48,0,4,4,3,1,1,2,2,3,2
5217,2,0,60.5,0,3,2,2,2,5,2,2,2,3
5218,2,0,54.65,1,2,3,2,4,4,2,-96,-98,3
5219,1,0,-95,1,-95,-95,-95,-95,-95,-95,-95,-95,-95
5220,2,0,71.31,0,1,1,1,3,5,1,1,1,1
5221,1,0,-95,0,-95,-95,-95,-95,-95,-95,-95,-95,-95
5222,1,1,-95,1,-95,-95,-95,-95,-95,-95,-95,-95,-95
5223,1,0,-95,0,-95,-95,-95,-95,-95,-95,-95,-95,-95
5224,2,0,57.4,0,1,1,1,4,2,1,3,2,1
5225,2,0,55.02,1,1,1,1,4,5,4,2,2,1
5226,2,-95,-98,0,-95,-95,-95,-95,-95,-95,-95,-95,-95
5227,1,1,-95,0,-95,-95,-95,-95,-95,-95,-95,-95,-95
5228,2,0,65.17,0,4,2,2,4,2,3,3,3,2
5229,2,0,44.75,0,2,2,2,4,4,4,2,2,1
5230,2,0,56.95,1,2,2,2,2,5,1,1,1,1
5231,2,0,58.74,1,3,3,4,3,2,2,2,2,2
5232,2,0,53.7,0,2,2,2,2,4,2,3,2,2
5233,1,0,-95,1,-95,-95,-95,-95,-95,-95,-95,-95,-95
5234,1,0,-95,1,-95,-95,-95,-95,-95,-95,-95,-95,-95
5235,2,0,49.48,1,4,4,4,3,4,3,4,2,3
5236,2,0,-98,0,-95,-95,-95,-95,-95,-95,-95,-95,-95
5237,2,-95,44.79,0,2,2,3,-98,-98,-98,2,-98,2
5238,2,0,64.42,1,2,2,2,2,4,3,2,1,2
5239,2,0,49.71,1,3,3,3,3,3,2,3,2,2
5240,2,-95,51.89,1,1,1,1,3,3,3,3,3,3
5241,2,1,74.26,1,2,2,2,4,5,2,2,1,1
5242,2,0,-98,1,2,2,2,2,-98,2,2,3,2
5243,1,0,-95,0,-95,-95,-95,-95,-95,-95,-95,-95,-95
5244,2,0,-98,0,4,4,2,2,4,2,4,2,3
5245,1,0,-95,0,-95,-95,-95,-95,-95,-95,-95,-95,-95
5246,2,0,70.03,1,4,2,2,3,4,1,1,2,1
5247,1,0,-95,1,-95,-95,-95,-95,-95,-95,-95,-95,-95
5248,2,0,46.16,1,3,2,3,4,3,3,3,1,2
5249,2,0,-98,1,2,2,2,4,4,2,3,2,2
5250,1,0,-95,0,-95,-95,-95,-95,-95,-95,-95,-95,-95
5251,2,0,67.57,0,4,4,3,4,4,2,2,2,2
5252,2,0,66.51,0,2,2,2,4,1,1,3,1,1
5253,2,-95,53.16,0,2,2,2,4,4,2,2,3,3
5254,1,-95,-95,1,-95,-95,-95,-95,-95,-95,-95,-95,-95
5255,2,0,30.46,1,4,3,3,2,3,3,3,3,3
5256,2,0,68.46,0,-95,-95,-95,-95,-95,-95,-95,-95,-95
5257,1,0,-95,1,-95,-95,-95,-95,-95,-95,-95,-95,-95
5258,1,0,-95,0,-95,-95,-95,-95,-95,-95,-95,-95,-95
5259,1,-95,-95,0,-95,-95,-95,-95,-95,-95,-95,-95,-95
5260,2,-95,51.66,0,5,5,5,2,2,2,2,1,2
5261,1,0,-95,0,-95,-95,-95,-95,-95,-95,-95,-95,-95
5262,1,-95,-95,1,-95,-95,-95,-95,-95,-95,-95,-95,-95
5263,2,0,70.4,0,1,2,2,5,5,2,2,2,2
5264,1,0,-95,0,-95,-95,-95,-95,-95,-95,-95,-95,-95
5265,2,0,38.05,1,2,2,2,3,5,1,2,1,1
5266,2,1,78.32,0,2,2,2,5,5,2,2,2,2
5267,2,0,60.35,0,4,3,2,2,1,1,1,1,1
5268,1,0,-95,1,-95,-95,-95,-95,-95,-95,-95,-95,-95
5269,1,0,-95,1,-95,-95,-95,-95,-95,-95,-95,-95,-95
5270,2,0,39.47,1,1,3,1,1,1,1,1,1,1
5271,2,0,52.86,1,2,2,1,5,5,1,1,1,1
5272,1,-95,-95,0,-95,-95,-95,-95,-95,-95,-95,-95,-95
5273,2,-95,-98,1,-95,-95,-95,-95,-95,-95,-95,-95,-95
5274,2,0,77.6,0,2,2,2,4,5,1,2,2,2
5275,1,-95,-95,0,-95,-95,-95,-95,-95,-95,-95,-95,-95
5276,2,1,80.39,0,-98,1,1,4,1,1,1,1,1
5277,2,0,-96,0,3,3,4,2,3,3,2,3,3
5278,2,0,71.02,1,4,3,2,-98,5,5,3,3,5
5279,1,0,-95,0,-95,-95,-95,-95,-95,-95,-95,-95,-95
5280,2,0,56.01,1,2,2,2,4,4,4,1,2,3
5281,1,0,-95,0,-95,-95,-95,-95,-95,-95,-95,-95,-95
5282,2,0,30.41,1,1,1,1,1,1,3,5,1,1
5283,1,-95,-95,0,-95,-95,-95,-95,-95,-95,-95,-95,-95
5284,1,0,-95,1,-95,-95,-95,-95,-95,-95,-95,-95,-95
5285,1,-95,-95,1,-95,-95,-95,-95,-95,-95,-95,-95,-95
5286,1,0,-95,0,-95,-95,-95,-95,-95,-95,-95,-95,-95
5287,2,-95,-98,1,-95,-95,-95,-95,-95,-95,-95,-95,-95
5288,2,-95,68.87,0,1,1,1,5,1,1,-96,1,1
5289,1,-95,-95,1,-95,-95,-95,-95,-95,-95,-95,-95,-95
5290,1,0,-95,1,-95,-95,-95,-95,-95,-95,-95,-95,-95
5291,1,-95,-95,0,-95,-95,-95,-95,-95,-95,-95,-95,-95
5292,1,0,-95,1,-95,-95,-95,-95,-95,-95,-95,-95,-95
5293,1,0,-95,1,-95,-95,-95,-95,-95,-95,-95,-95,-95
5294,1,-95,-95,1,-95,-95,-95,-95,-95,-95,-95,-95,-95
5295,1,0,-95,0,-95,-95,-95,-95,-95,-95,-95,-95,-95
5296,2,0,56.26,1,1,1,1,5,5,2,2,2,3
5297,1,-95,-95,1,-95,-95,-95,-95,-95,-95,-95,-95,-95
5298,2,0,56.91,1,2,3,2,3,5,1,4,1,1
5299,2,-95,40.38,0,-98,-98,-98,-98,-98,-98,-98,-98,-98
5300,1,0,-95,1,-95,-95,-95,-95,-95,-95,-95,-95,-95
5301,2,-99,60.53,0,-95,-95,-95,-95,-95,-95,-95,-95,-95
5302,1,0,-95,1,-95,-95,-95,-95,-95,-95,-95,-95,-95
5303,2,0,49.18,0,1,3,2,3,2,3,5,5,4
5304,1,0,-95,1,-95,-95,-95,-95,-95,-95,-95,-95,-95
5305,2,-95,43.24,1,1,1,1,-98,4,2,2,1,3
5306,2,0,-96,0,2,2,3,2,4,2,2,2,3
5307,2,1,-98,0,-95,-95,-95,-95,-95,-95,-95,-95,-95
5308,1,0,-95,1,-95,-95,-95,-95,-95,-95,-95,-95,-95
5309,1,0,-95,1,-95,-95,-95,-95,-95,-95,-95,-95,-95
5310,1,0,-95,1,-95,-95,-95,-95,-95,-95,-95,-95,-95
5311,2,0,49.52,1,2,5,5,5,1,1,1,1,2
5312,1,0,-95,0,-95,-95,-95,-95,-95,-95,-95,-95,-95
5313,1,0,-95,0,-95,-95,-95,-95,-95,-95,-95,-95,-95
5314,1,0,-95,0,-95,-95,-95,-95,-95,-95,-95,-95,-95
5315,2,0,66.54,0,1,2,3,1,2,1,2,1,2
5316,2,0,-96,0,2,2,2,2,2,2,2,2,2
5317,1,-95,-95,1,-95,-95,-95,-95,-95,-95,-95,-95,-95
5318,2,0,-98,1,-95,-95,-95,-95,-95,-95,-95,-95,-95
5319,1,-95,-95,0,-95,-95,-95,-95,-95,-95,-95,-95,-95
5320,1,-95,-95,1,-95,-95,-95,-95,-95,-95,-95,-95,-95
5321,1,-95,-95,1,-95,-95,-95,-95,-95,-95,-95,-95,-95
5322,2,0,59.14,0,2,2,2,4,4,1,2,1,2
5323,1,0,-95,1,-95,-95,-95,-95,-95,-95,-95,-95,-95
5324,2,-95,-98,0,2,2,2,5,5,5,5,2,2
5325,2,0,43.73,1,2,2,2,4,4,4,4,1,1
5326,2,0,53.94,0,3,3,3,3,3,3,3,3,3
5327,1,0,-95,0,-95,-95,-95,-95,-95,-95,-95,-95,-95
5328,2,0,71.3,1,1,1,1,4,5,1,1,1,1
5329,1,0,-95,0,-95,-95,-95,-95,-95,-95,-95,-95,-95
5330,2,0,58.47,0,3,2,2,4,5,2,2,2,1
5331,2,0,40.51,1,5,3,4,-96,5,4,2,5,5
5332,2,0,60.66,1,1,1,1,5,5,3,3,1,1
5333,1,0,-95,0,-95,-95,-95,-95,-95,-95,-95,-95,-95
5334,1,-95,-95,0,-95,-95,-95,-95,-95,-95,-95,-95,-95
5335,1,-95,-95,1,-95,-95,-95,-95,-95,-95,-95,-95,-95
5336,1,-95,-95,0,-95,-95,-95,-95,-95,-95,-95,-95,-95
5337,2,0,74.54,0,4,2,5,4,4,2,3,3,2
5338,2,0,59.98,1,2,2,2,4,4,3,2,2,2
5339,1,0,-95,1,-95,-95,-95,-95,-95,-95,-95,-95,-95
5340,2,0,-98,1,2,2,2,3,4,2,3,2,2
5341,1,0,-95,0,-95,-95,-95,-95,-95,-95,-95,-95,-95
5342,1,-95,-95,0,-95,-95,-95,-95,-95,-95,-95,-95,-95
5343,1,0,-95,0,-95,-95,-95,-95,-95,-95,-95,-95,-95
5344,2,0,54.03,1,2,3,2,5,4,1,1,1,1
5345,1,0,-95,0,-95,-95,-95,-95,-95,-95,-95,-95,-95
5346,1,1,-95,0,-95,-95,-95,-95,-95,-95,-95,-95,-95
5347,1,0,-95,0,-95,-95,-95,-95,-95,-95,-95,-95,-95
5348,1,0,-95,1,-95,-95,-95,-95,-95,-95,-95,-95,-95
5349,1,0,-95,1,-95,-95,-95,-95,-95,-95,-95,-95,-95
5350,1,0,-95,0,-95,-95,-95,-95,-95,-95,-95,-95,-95
5351,1,0,-95,1,-95,-95,-95,-95,-95,-95,-95,-95,-95
5352,2,0,72.51,1,2,2,2,3,3,3,2,2,2
5353,2,0,57.43,0,-95,-95,-95,-95,-95,-95,-95,-95,-95
5354,1,0,-95,1,-95,-95,-95,-95,-95,-95,-95,-95,-95
5355,1,0,-95,0,-95,-95,-95,-95,-95,-95,-95,-95,-95
5356,2,0,75.19,1,2,2,2,-98,3,2,3,3,2
5357,2,0,63.11,1,4,2,2,2,4,3,2,2,3
5358,1,-95,-95,0,-95,-95,-95,-95,-95,-95,-95,-95,-95
5359,2,-95,-96,1,1,1,1,5,5,2,2,1,1
5360,2,0,63.81,1,1,1,1,5,5,2,2,3,2
5361,1,-95,-95,0,-95,-95,-95,-95,-95,-95,-95,-95,-95
5362,2,0,68.17,1,-95,-95,-95,-95,-95,-95,-95,-95,-95
5363,2,0,-96,1,1,1,1,3,1,1,1,1,1
5364,2,0,54.82,0,1,1,1,5,4,1,1,1,1
5365,2,-95,-98,0,2,2,2,4,4,4,4,3,3
5366,2,0,-98,0,-95,-95,-95,-95,-95,-95,-95,-95,-95
5367,1,0,-95,0,-95,-95,-95,-95,-95,-95,-95,-95,-95
5368,2,1,82.24,0,1,1,1,5,5,5,1,3,5
5369,1,0,-95,1,-95,-95,-95,-95,-95,-95,-95,-95,-95
5370,2,0,71.12,0,-95,-95,-95,-95,-95,-95,-95,-95,-95
5371,2,0,54.23,0,4,2,3,3,4,2,5,4,3
5372,1,1,-95,0,-95,-95,-95,-95,-95,-95,-95,-95,-95
5373,2,0,71.13,1,2,3,1,4,5,3,1,2,1
5374,2,0,-98,1,-95,-95,-95,-95,-95,-95,-95,-95,-95
5375,2,-95,68.92,1,3,3,2,4,4,3,3,3,3
5376,2,0,40.08,1,3,4,3,1,1,1,-98,1,2
5377,2,-95,-98,0,-95,-95,-95,-95,-95,-95,-95,-95,-95
5378,2,0,38.07,0,3,3,4,2,4,1,2,2,3
5379,2,0,62.62,1,-95,-95,-95,-95,-95,-95,-95,-95,-95
5380,1,0,-95,0,-95,-95,-95,-95,-95,-95,-95,-95,-95
5381,1,0,-95,1,-95,-95,-95,-95,-95,-95,-95,-95,-95
5382,2,0,39.56,0,4,3,2,4,2,4,3,1,2
5383,2,-95,-98,0,2,2,2,4,4,3,3,2,3
5384,1,0,-95,0,-95,-95,-95,-95,-95,-95,-95,-95,-95
5385,1,0,-95,1,-95,-95,-95,-95,-95,-95,-95,-95,-95
5386,2,-95,53.17,1,2,3,1,1,5,1,3,1,1
5387,2,-95,-98,0,1,1,1,1,1,1,1,1,1
5388,1,0,-95,1,-95,-95,-95,-95,-95,-95,-95,-95,-95
5389,1,0,-95,1,-95,-95,-95,-95,-95,-95,-95,-95,-95
5390,1,0,-95,1,-95,-95,-95,-95,-95,-95,-95,-95,-95
5391,1,-95,-95,0,-95,-95,-95,-95,-95,-95,-95,-95,-95
5392,1,0,-95,1,-95,-95,-95,-95,-95,-95,-95,-95,-95
5393,2,0,62.35,1,2,1,1,5,5,2,2,3,3
5394,2,0,68.66,0,2,3,4,4,4,5,5,1,3
5395,2,0,70.18,1,2,2,2,5,4,2,2,2,2
5396,2,-95,-98,0,-95,-95,-95,-95,-95,-95,-95,-95,-95
5397,2,0,66.8,1,-95,-95,-95,-95,-95,-95,-95,-95,-95
5398,1,0,-95,0,-95,-95,-95,-95,-95,-95,-95,-95,-95
5399,2,0,51.57,1,4,5,5,2,5,1,1,1,1
5400,2,-95,-98,0,-95,-95,-95,-95,-95,-95,-95,-95,-95
5401,2,0,-98,1,1,1,1,5,5,2,3,2,2
5402,1,0,-95,1,-95,-95,-95,-95,-95,-95,-95,-95,-95
5403,1,0,-95,1,-95,-95,-95,-95,-95,-95,-95,-95,-95
5404,2,-95,-98,0,-95,-95,-95,-95,-95,-95,-95,-95,-95
5405,2,0,55.56,1,4,5,2,2,2,4,4,3,1
5406,2,-95,59.23,0,3,2,2,3,2,3,3,3,3
5407,1,-95,-95,1,-95,-95,-95,-95,-95,-95,-95,-95,-95
5408,2,0,75.18,0,1,2,2,4,3,2,1,2,1
5409,2,1,72.83,1,1,1,1,5,5,2,1,1,3
5410,1,-95,-95,1,-95,-95,-95,-95,-95,-95,-95,-95,-95
5411,1,1,-95,0,-95,-95,-95,-95,-95,-95,-95,-95,-95
5412,1,0,-95,1,-95,-95,-95,-95,-95,-95,-95,-95,-95
5413,1,-95,-95,1,-95,-95,-95,-95,-95,-95,-95,-95,-95
5414,2,1,73.68,0,2,2,2,4,-98,2,2,2,2
5415,2,0,57.12,0,2,2,2,5,5,2,2,2,2
5416,1,1,-95,1,-95,-95,-95,-95,-95,-95,-95,-95,-95
5417,1,0,-95,0,-95,-95,-95,-95,-95,-95,-95,-95,-95
5418,1,0,-95,0,-95,-95,-95,-95,-95,-95,-95,-95,-95
5419,1,0,-95,1,-95,-95,-95,-95,-95,-95,-95,-95,-95
5420,1,-95,-95,0,-95,-95,-95,-95,-95,-95,-95,-95,-95
5421,2,-95,-96,1,2,3,2,5,3,1,1,1,1
5422,2,0,60.93,0,2,3,2,4,4,2,4,2,2
5423,1,0,-95,0,-95,-95,-95,-95,-95,-95,-95,-95,-95
5424,1,-95,-95,1,-95,-95,-95,-95,-95,-95,-95,-95,-95
5425,1,-95,-95,0,-95,-95,-95,-95,-95,-95,-95,-95,-95
5426,1,0,-95,0,-95,-95,-95,-95,-95,-95,-95,-95,-95
5427,1,0,-95,0,-95,-95,-95,-95,-95,-95,-95,-95,-95
5428,1,-95,-95,0,-95,-95,-95,-95,-95,-95,-95,-95,-95
5429,1,-95,-95,0,-95,-95,-95,-95,-95,-95,-95,-95,-95
5430,1,0,-95,0,-95,-95,-95,-95,-95,-95,-95,-95,-95
5431,2,0,-96,1,2,2,2,5,5,2,3,2,2
5432,1,0,-95,1,-95,-95,-95,-95,-95,-95,-95,-95,-95
5433,2,0,52.81,1,2,2,2,4,4,2,2,1,1
5434,1,0,-95,1,-95,-95,-95,-95,-95,-95,-95,-95,-95
5435,1,0,-95,1,-95,-95,-95,-95,-95,-95,-95,-95,-95
5436,1,0,-95,1,-95,-95,-95,-95,-95,-95,-95,-95,-95
5437,2,-95,71.02,0,2,2,3,2,4,4,2,4,2
5438,2,0,60.82,0,1,1,1,5,5,1,1,2,1
5439,1,-95,-95,0,-95,-95,-95,-95,-95,-95,-95,-95,-95
5440,2,0,61.54,0,3,3,3,3,3,3,3,3,3
5441,1,-95,-95,0,-95,-95,-95,-95,-95,-95,-95,-95,-95
5442,1,0,-95,0,-95,-95,-95,-95,-95,-95,-95,-95,-95
5443,1,0,-95,1,-95,-95,-95,-95,-95,-95,-95,-95,-95
5444,2,0,78.72,0,1,1,2,4,5,1,1,2,2
5445,2,0,46.02,1,4,4,4,4,5,3,3,2,2
5446,2,-95,47.28,1,3,2,2,4,3,4,3,1,3
5447,1,-95,-95,1,-95,-95,-95,-95,-95,-95,-95,-95,-95
5448,2,0,-98,1,2,2,1,5,5,4,2,2,3
5449,1,-95,-95,1,-95,-95,-95,-95,-95,-95,-95,-95,-95
5450,2,0,81.75,1,2,2,2,4,4,3,2,2,2
5451,1,0,-95,1,-95,-95,-95,-95,-95,-95,-95,-95,-95
5452,1,-95,-95,0,-95,-95,-95,-95,-95,-95,-95,-95,-95
5453,2,0,70.99,0,1,2,2,2,4,1,1,1,1
5454,1,0,-95,1,-95,-95,-95,-95,-95,-95,-95,-95,-95
5455,2,0,44.83,0,2,2,2,4,3,4,2,4,3
5456,1,-95,-95,0,-95,-95,-95,-95,-95,-95,-95,-95,-95
5457,1,0,-95,1,-95,-95,-95,-95,-95,-95,-95,-95,-95
5458,2,0,44.4,0,2,3,3,5,5,4,3,5,4
5459,1,0,-95,0,-95,-95,-95,-95,-95,-95,-95,-95,-95
5460,1,0,-95,0,-95,-95,-95,-95,-95,-95,-95,-95,-95
5461,2,-95,43.99,1,1,3,2,3,2,1,1,1,1
5462,2,-95,50.55,1,1,2,2,4,4,1,1,1,1
5463,2,0,43.21,1,1,1,1,1,1,1,5,1,1
5464,2,0,-98,1,2,2,5,4,4,3,2,3,3
5465,2,0,73.93,1,1,1,1,4,5,1,1,3,2
5466,2,0,42.97,0,4,2,2,3,5,4,4,2,1
5467,1,0,-95,0,-95,-95,-95,-95,-95,-95,-95,-95,-95
5468,2,0,66.81,1,2,2,3,3,4,2,2,1,1
5469,2,-95,-98,0,1,2,3,2,1,2,2,2,3
5470,2,0,72.19,1,1,2,2,4,4,1,1,1,1
5471,1,-95,-95,0,-95,-95,-95,-95,-95,-95,-95,-95,-95
5472,2,0,66.7,1,2,2,2,1,3,2,2,1,1
5473,2,0,76.58,0,2,2,2,5,4,1,1,1,1
5474,2,-95,79.76,1,2,1,1,4,4,3,3,1,2
5475,1,0,-95,0,-95,-95,-95,-95,-95,-95,-95,-95,-95
5476,2,0,64.88,0,4,2,2,2,3,4,4,3,3
5477,2,0,89.09,0,1,1,1,5,5,1,1,1,1
5478,1,0,-95,1,-95,-95,-95,-95,-95,-95,-95,-95,-95
5479,1,0,-95,1,-95,-95,-95,-95,-95,-95,-95,-95,-95
5480,2,-95,-96,0,3,3,2,4,4,2,1,2,2
5481,1,0,-95,0,-95,-95,-95,-95,-95,-95,-95,-95,-95
5482,1,0,-95,0,-95,-95,-95,-95,-95,-95,-95,-95,-95
5483,2,1,-96,0,4,2,2,4,3,2,2,-98,-98
5484,1,0,-95,1,-95,-95,-95,-95,-95,-95,-95,-95,-95
5485,1,0,-95,1,-95,-95,-95,-95,-95,-95,-95,-95,-95
5486,2,1,63.93,0,2,2,2,2,5,1,3,2,3
5487,1,0,-95,0,-95,-95,-95,-95,-95,-95,-95,-95,-95
5488,2,0,40.58,1,-95,-95,-95,-95,-95,-95,-95,-95,-95
5489,1,0,-95,1,-95,-95,-95,-95,-95,-95,-95,-95,-95
5490,2,-95,62.57,1,4,4,4,2,5,2,-98,2,2
5491,1,1,-95,0,-95,-95,-95,-95,-95,-95,-95,-95,-95
5492,2,-95,-96,1,3,3,2,3,4,2,2,1,3
5493,2,-95,-98,1,-95,-95,-95,-95,-95,-95,-95,-95,-95
5494,1,0,-95,1,-95,-95,-95,-95,-95,-95,-95,-95,-95
5495,2,0,45.75,1,2,3,2,5,4,2,3,3,2
5496,1,0,-95,0,-95,-95,-95,-95,-95,-95,-95,-95,-95
5497,2,0,55.39,0,1,1,1,1,1,1,1,1,1
5498,1,0,-95,0,-95,-95,-95,-95,-95,-95,-95,-95,-95
5499,2,0,66.64,1,2,3,2,3,4,2,3,1,1
5500,1,-95,-95,1,-95,-95,-95,-95,-95,-95,-95,-95,-95
5501,2,0,-96,1,2,2,2,4,5,1,3,1,1
5502,1,0,-95,1,-95,-95,-95,-95,-95,-95,-95,-95,-95
5503,1,0,-95,1,-95,-95,-95,-95,-95,-95,-95,-95,-95
5504,1,0,-95,1,-95,-95,-95,-95,-95,-95,-95,-95,-95
5505,1,0,-95,0,-95,-95,-95,-95,-95,-95,-95,-95,-95
5506,2,0,44.78,1,4,4,4,2,4,3,3,1,2
5507,1,-95,-95,0,-95,-95,-95,-95,-95,-95,-95,-95,-95
5508,2,-95,-98,0,2,4,3,2,4,1,1,2,1
5509,2,0,76.1,1,2,2,4,2,4,2,2,2,2
5510,1,0,-95,0,-95,-95,-95,-95,-95,-95,-95,-95,-95
5511,1,0,-95,0,-95,-95,-95,-95,-95,-95,-95,-95,-95
5512,2,0,56.8,0,4,4,3,2,2,2,1,2,3
5513,1,0,-95,0,-95,-95,-95,-95,-95,-95,-95,-95,-95
5514,2,-95,-98,1,-95,-95,-95,-95,-95,-95,-95,-95,-95
5515,2,0,64.77,0,1,1,1,4,4,1,1,1,1
5516,1,0,-95,1,-95,-95,-95,-95,-95,-95,-95,-95,-95
5517,2,0,59.84,0,2,2,2,4,5,3,2,1,3
5518,1,0,-95,0,-95,-95,-95,-95,-95,-95,-95,-95,-95
5519,2,0,45.93,0,2,2,2,4,4,2,2,2,3
5520,1,0,-95,0,-95,-95,-95,-95,-95,-95,-95,-95,-95
5521,2,0,66.38,1,2,2,2,3,3,2,3,2,2
5522,1,0,-95,0,-95,-95,-95,-95,-95,-95,-95,-95,-95
5523,1,0,-95,0,-95,-95,-95,-95,-95,-95,-95,-95,-95
5524,2,0,65.39,1,-98,-98,-98,-98,-98,-98,-98,-98,-98
5525,1,0,-95,1,-95,-95,-95,-95,-95,-95,-95,-95,-95
5526,1,0,-95,0,-95,-95,-95,-95,-95,-95,-95,-95,-95
5527,2,0,73.04,1,2,2,2,4,4,2,2,2,2
5528,2,0,34.74,0,3,2,1,3,5,5,4,2,1
5529,1,0,-95,1,-95,-95,-95,-95,-95,-95,-95,-95,-95
5530,2,0,49.44,0,1,2,2,5,4,1,2,1,2
5531,1,0,-95,0,-95,-95,-95,-95,-95,-95,-95,-95,-95
5532,1,0,-95,0,-95,-95,-95,-95,-95,-95,-95,-95,-95
5533,2,-95,-98,0,-95,-95,-95,-95,-95,-95,-95,-95,-95
5534,1,0,-95,0,-95,-95,-95,-95,-95,-95,-95,-95,-95
5535,2,0,66.29,0,2,2,2,4,4,2,2,1,1
5536,1,0,-95,1,-95,-95,-95,-95,-95,-95,-95,-95,-95
5537,1,0,-95,0,-95,-95,-95,-95,-95,-95,-95,-95,-95
5538,2,1,71.6,1,2,3,2,4,5,2,1,1,1
5539,1,0,-95,1,-95,-95,-95,-95,-95,-95,-95,-95,-95
5540,2,0,75.66,1,4,2,2,2,2,2,2,1,2
5541,1,0,-95,0,-95,-95,-95,-95,-95,-95,-95,-95,-95
5542,2,0,56.62,1,2,1,2,3,4,3,2,3,3
5543,2,0,49.97,1,4,2,2,5,5,1,4,2,2
5544,1,0,-95,1,-95,-95,-95,-95,-95,-95,-95,-95,-95
5545,2,0,72.54,1,-95,-95,-95,-95,-95,-95,-95,-95,-95
5546,2,0,-96,0,2,2,2,5,5,2,2,2,2
5547,2,-95,33.56,0,5,3,1,2,4,3,3,3,5
5548,2,0,45.71,1,4,4,4,1,-98,3,3,3,-98
5549,1,0,-95,0,-95,-95,-95,-95,-95,-95,-95,-95,-95
5550,1,0,-95,1,-95,-95,-95,-95,-95,-95,-95,-95,-95
5551,2,0,-98,0,2,1,4,2,3,5,4,1,1
5552,1,1,-95,0,-95,-95,-95,-95,-95,-95,-95,-95,-95
5553,2,0,-98,0,-95,-95,-95,-95,-95,-95,-95,-95,-95
5554,1,-95,-95,1,-95,-95,-95,-95,-95,-95,-95,-95,-95
5555,1,0,-95,1,-95,-95,-95,-95,-95,-95,-95,-95,-95
5556,1,0,-95,0,-95,-95,-95,-95,-95,-95,-95,-95,-95
5557,1,0,-95,0,-95,-95,-95,-95,-95,-95,-95,-95,-95
5558,1,0,-95,0,-95,-95,-95,-95,-95,-95,-95,-95,-95
5559,1,-95,-95,1,-95,-95,-95,-95,-95,-95,-95,-95,-95
5560,2,-95,47.62,0,5,5,5,5,5,5,5,5,5
5561,1,0,-95,0,-95,-95,-95,-95,-95,-95,-95,-95,-95
5562,1,0,-95,0,-95,-95,-95,-95,-95,-95,-95,-95,-95
5563,1,0,-95,1,-95,-95,-95,-95,-95,-95,-95,-95,-95
5564,2,0,-98,1,3,4,2,3,2,3,4,2,3
5565,2,0,-98,0,4,3,5,4,4,3,5,3,3
5566,2,0,59.34,0,2,2,2,4,3,3,2,2,2
5567,2,-95,36.26,0,2,2,2,5,5,2,3,1,1
5568,1,0,-95,0,-95,-95,-95,-95,-95,-95,-95,-95,-95
5569,1,0,-95,1,-95,-95,-95,-95,-95,-95,-95,-95,-95
5570,2,0,67.18,1,-98,-98,-98,-98,-98,-98,-98,-98,-98
5571,1,0,-95,1,-95,-95,-95,-95,-95,-95,-95,-95,-95
5572,2,0,68.18,0,2,2,4,5,4,1,2,3,1
5573,2,-95,74.13,0,2,2,2,3,2,2,2,1,1
5574,2,-95,40.28,0,2,2,2,4,4,2,2,2,2
5575,1,-95,-95,1,-95,-95,-95,-95,-95,-95,-95,-95,-95
5576,2,0,62.44,1,2,2,3,4,4,2,3,2,2
5577,2,0,29.95,0,3,3,2,2,3,3,3,3,3
5578,2,0,-96,0,2,2,2,2,2,2,2,2,2
5579,1,0,-95,0,-95,-95,-95,-95,-95,-95,-95,-95,-95
5580,2,0,64.8,0,5,2,2,4,4,3,3,2,3
5581,2,0,54.48,1,1,1,2,2,2,1,1,1,1
5582,2,0,49.12,1,1,3,2,3,5,1,3,2,1
5583,2,-95,50.41,0,2,2,2,2,2,2,1,1,1
5584,1,-95,-95,0,-95,-95,-95,-95,-95,-95,-95,-95,-95
5585,1,0,-95,0,-95,-95,-95,-95,-95,-95,-95,-95,-95
5586,2,0,60.05,0,3,4,4,2,3,3,3,3,1
5587,1,0,-95,0,-95,-95,-95,-95,-95,-95,-95,-95,-95
5588,1,-95,-95,0,-95,-95,-95,-95,-95,-95,-95,-95,-95
5589,2,0,-98,0,-95,-95,-95,-95,-95,-95,-95,-95,-95
5590,2,0,73.01,0,2,1,1,5,5,1,1,1,1
5591,2,0,58.37,1,2,2,2,5,5,1,1,1,1
5592,2,-95,56.36,1,1,1,1,5,4,1,2,2,1
5593,2,-95,42.66,1,2,4,2,3,2,4,1,1,2
5594,2,-95,64.99,0,3,2,2,4,5,2,2,2,1
5595,2,0,36.83,0,-95,-95,-95,-95,-95,-95,-95,-95,-95
5596,2,0,45.47,1,2,4,2,1,3,1,2,2,2
5597,2,0,-98,0,1,2,1,1,1,3,3,4,4
5598,2,0,-96,1,5,2,2,1,1,-98,5,2,3
5599,1,0,-95,1,-95,-95,-95,-95,-95,-95,-95,-95,-95
5600,1,0,-95,1,-95,-95,-95,-95,-95,-95,-95,-95,-95
5601,1,0,-95,0,-95,-95,-95,-95,-95,-95,-95,-95,-95
5602,2,0,70.41,1,3,2,3,2,4,1,3,2,1
5603,2,0,-98,1,5,5,2,1,2,2,3,3,3
5604,1,0,-95,1,-95,-95,-95,-95,-95,-95,-95,-95,-95
5605,2,-95,-98,0,-95,-95,-95,-95,-95,-95,-95,-95,-95
5606,1,-95,-95,0,-95,-95,-95,-95,-95,-95,-95,-95,-95
5607,2,-95,-98,0,2,2,2,4,4,2,3,2,2
5608,1,0,-95,0,-95,-95,-95,-95,-95,-95,-95,-95,-95
5609,1,1,-95,0,-95,-95,-95,-95,-95,-95,-95,-95,-95
5610,2,-95,-98,1,-95,-95,-95,-95,-95,-95,-95,-95,-95
5611,2,1,66.11,0,2,4,4,2,5,1,5,1,1
5612,2,0,62.78,0,2,2,2,5,5,3,2,3,2
5613,2,0,62.63,0,2,2,2,4,4,1,2,2,2
5614,1,0,-95,1,-95,-95,-95,-95,-95,-95,-95,-95,-95
5615,1,0,-95,0,-95,-95,-95,-95,-95,-95,-95,-95,-95
5616,1,0,-95,1,-95,-95,-95,-95,-95,-95,-95,-95,-95
5617,1,0,-95,0,-95,-95,-95,-95,-95,-95,-95,-95,-95
5618,2,1,85.84,0,1,1,1,4,5,1,2,2,1
5619,1,0,-95,0,-95,-95,-95,-95,-95,-95,-95,-95,-95
5620,2,0,-96,0,2,2,2,4,4,3,3,1,2
5621,2,0,43.84,0,2,3,2,2,2,2,2,2,2
5622,2,-95,35.86,0,2,2,2,4,4,2,2,2,2
5623,2,0,55.61,1,4,4,4,3,4,3,2,4,2
5624,1,1,-95,0,-95,-95,-95,-95,-95,-95,-95,-95,-95
5625,1,0,-95,0,-95,-95,-95,-95,-95,-95,-95,-95,-95
5626,1,0,-95,0,-95,-95,-95,-95,-95,-95,-95,-95,-95
5627,2,-95,-98,0,3,2,2,3,3,2,2,2,3
5628,1,0,-95,1,-95,-95,-95,-95,-95,-95,-95,-95,-95
5629,2,0,58.35,1,4,2,2,3,4,1,2,1,1
5630,2,-95,70.64,1,1,2,2,5,5,2,1,1,1
5631,1,0,-95,0,-95,-95,-95,-95,-95,-95,-95,-95,-95
5632,1,0,-95,0,-95,-95,-95,-95,-95,-95,-95,-95,-95
5633,1,-95,-95,0,-95,-95,-95,-95,-95,-95,-95,-95,-95
5634,2,0,53.25,0,2,2,2,4,4,2,2,2,2
5635,2,0,-98,0,4,4,2,3,4,3,3,1,1
5636,2,0,-98,0,-95,-95,-95,-95,-95,-95,-95,-95,-95
5637,1,1,-95,0,-95,-95,-95,-95,-95,-95,-95,-95,-95
5638,2,0,61.89,1,2,2,2,4,4,1,1,1,1
5639,2,-95,42.17,0,1,3,3,3,2,2,2,2,3
5640,2,0,56.43,1,4,5,2,2,4,3,4,1,3
5641,1,0,-95,0,-95,-95,-95,-95,-95,-95,-95,-95,-95
5642,2,-95,42.71,0,1,2,2,5,5,1,3,3,2
5643,2,-95,-98,1,-95,-95,-95,-95,-95,-95,-95,-95,-95
5644,2,-95,-96,0,-95,-95,-95,-95,-95,-95,-95,-95,-95
5645,2,0,56.19,0,2,2,2,4,4,1,1,1,2
5646,1,0,-95,1,-95,-95,-95,-95,-95,-95,-95,-95,-95
5647,1,-95,-95,0,-95,-95,-95,-95,-95,-95,-95,-95,-95
5648,1,1,-95,0,-95,-95,-95,-95,-95,-95,-95,-95,-95
5649,2,0,46.24,1,4,3,1,2,4,1,2,2,2
5650,2,-95,56.12,1,4,2,2,5,4,1,1,1,3
5651,2,0,52.21,0,3,4,2,2,4,2,1,2,2
5652,1,0,-95,0,-95,-95,-95,-95,-95,-95,-95,-95,-95
5653,2,0,-98,1,2,3,2,2,3,3,2,2,2
5654,1,-95,-95,0,-95,-95,-95,-95,-95,-95,-95,-95,-95
5655,1,0,-95,0,-95,-95,-95,-95,-95,-95,-95,-95,-95
5656,1,0,-95,1,-95,-95,-95,-95,-95,-95,-95,-95,-95
5657,1,-95,-95,0,-95,-95,-95,-95,-95,-95,-95,-95,-95
5658,2,1,-98,0,2,3,3,4,3,2,2,1,1
5659,2,0,43.82,0,1,1,1,2,2,2,1,1,1
5660,1,0,-95,0,-95,-95,-95,-95,-95,-95,-95,-95,-95
5661,1,0,-95,1,-95,-95,-95,-95,-95,-95,-95,-95,-95
5662,1,0,-95,0,-95,-95,-95,-95,-95,-95,-95,-95,-95
5663,1,0,-95,1,-95,-95,-95,-95,-95,-95,-95,-95,-95
5664,1,-95,-95,0,-95,-95,-95,-95,-95,-95,-95,-95,-95
5665,2,0,61.29,1,2,3,2,4,5,1,2,2,1
5666,1,0,-95,0,-95,-95,-95,-95,-95,-95,-95,-95,-95
5667,1,-95,-95,0,-95,-95,-95,-95,-95,-95,-95,-95,-95
5668,2,1,80.61,0,1,1,1,5,4,1,1,1,1
5669,2,-95,46.11,0,1,1,1,4,4,1,-98,1,1
5670,2,-95,-96,0,2,2,2,4,4,2,3,2,2
5671,2,0,79.41,1,2,2,2,3,4,1,1,1,1
5672,1,-95,-95,1,-95,-95,-95,-95,-95,-95,-95,-95,-95
5673,1,-95,-95,0,-95,-95,-95,-95,-95,-95,-95,-95,-95
5674,1,-95,-95,1,-95,-95,-95,-95,-95,-95,-95,-95,-95
5675,2,-95,60.53,0,2,2,2,4,5,2,2,4,2
5676,1,0,-95,1,-95,-95,-95,-95,-95,-95,-95,-95,-95
5677,1,0,-95,1,-95,-95,-95,-95,-95,-95,-95,-95,-95
5678,1,-95,-95,0,-95,-95,-95,-95,-95,-95,-95,-95,-95
5679,1,0,-95,1,-95,-95,-95,-95,-95,-95,-95,-95,-95
5680,2,0,65.11,1,2,2,2,4,5,2,2,1,1
5681,2,0,60.68,1,2,3,2,2,4,2,2,1,2
5682,2,0,66.54,1,2,2,2,3,4,1,1,2,2
5683,1,-95,-95,1,-95,-95,-95,-95,-95,-95,-95,-95,-95
5684,2,0,58.32,1,4,2,2,4,4,4,3,2,3
5685,1,0,-95,1,-95,-95,-95,-95,-95,-95,-95,-95,-95
5686,2,0,72.54,0,2,2,1,4,5,2,1,3,4
5687,1,0,-95,0,-95,-95,-95,-95,-95,-95,-95,-95,-95
5688,2,-95,-98,1,-95,-95,-95,-95,-95,-95,-95,-95,-95
5689,2,0,72.02,1,5,4,2,2,2,2,3,4,5
5690,1,0,-95,1,-95,-95,-95,-95,-95,-95,-95,-95,-95
5691,1,0,-95,1,-95,-95,-95,-95,-95,-95,-95,-95,-95
5692,2,0,90.56,0,2,1,1,4,4,3,2,3,3
5693,1,0,-95,1,-95,-95,-95,-95,-95,-95,-95,-95,-95
5694,1,0,-95,1,-95,-95,-95,-95,-95,-95,-95,-95,-95
5695,1,0,-95,0,-95,-95,-95,-95,-95,-95,-95,-95,-95
5696,1,0,-95,0,-95,-95,-95,-95,-95,-95,-95,-95,-95
5697,2,0,-98,0,-95,-95,-95,-95,-95,-95,-95,-95,-95
5698,2,0,60.18,1,1,1,1,1,5,1,1,1,1
5699,2,-95,73.6,0,1,1,1,-98,5,1,1,1,1
5700,2,0,-98,0,4,2,4,4,5,1,3,2,3
5701,2,0,68.09,1,1,1,1,5,5,1,1,1,1
5702,1,0,-95,1,-95,-95,-95,-95,-95,-95,-95,-95,-95
5703,2,0,62.91,1,1,1,1,5,5,1,1,1,1
5704,2,-95,67.89,1,4,4,4,3,1,1,1,1,1
5705,1,0,-95,1,-95,-95,-95,-95,-95,-95,-95,-95,-95
5706,2,0,36.31,0,-95,-95,-95,-95,-95,-95,-95,-95,-95
5707,1,-95,-95,0,-95,-95,-95,-95,-95,-95,-95,-95,-95
5708,1,0,-95,0,-95,-95,-95,-95,-95,-95,-95,-95,-95
5709,1,-95,-95,1,-95,-95,-95,-95,-95,-95,-95,-95,-95
5710,1,1,-95,1,-95,-95,-95,-95,-95,-95,-95,-95,-95
5711,2,-99,55.63,0,3,3,2,4,4,2,2,3,3
5712,1,0,-95,1,-95,-95,-95,-95,-95,-95,-95,-95,-95
5713,2,0,66.57,0,2,2,2,4,4,3,3,2,2
5714,1,0,-95,0,-95,-95,-95,-95,-95,-95,-95,-95,-95
5715,1,0,-95,0,-95,-95,-95,-95,-95,-95,-95,-95,-95
5716,2,-95,51.04,1,2,2,2,5,5,2,2,2,2
5717,2,0,-96,1,2,2,4,4,5,2,3,3,4
5718,2,0,66.14,0,2,2,2,5,5,2,2,3,3
5719,2,1,75.62,0,1,2,2,5,5,2,1,1,1
5720,2,0,53.2,0,2,2,2,4,4,2,2,1,1
5721,1,1,-95,1,-95,-95,-95,-95,-95,-95,-95,-95,-95
5722,2,0,-96,0,5,5,3,3,4,1,2,1,2
5723,2,0,33.39,1,5,5,5,1,1,1,2,1,1
5724,1,-95,-95,1,-95,-95,-95,-95,-95,-95,-95,-95,-95
5725,1,0,-95,0,-95,-95,-95,-95,-95,-95,-95,-95,-95
5726,2,0,54.31,1,2,2,2,4,5,2,3,3,3
5727,2,0,44.77,0,2,3,2,4,4,2,2,2,2
5728,2,-95,-98,0,2,2,2,4,5,1,3,1,2
5729,2,0,76.65,1,5,2,3,4,4,3,3,3,4
5730,1,0,-95,0,-95,-95,-95,-95,-95,-95,-95,-95,-95
5731,1,0,-95,1,-95,-95,-95,-95,-95,-95,-95,-95,-95
5732,1,0,-95,0,-95,-95,-95,-95,-95,-95,-95,-95,-95
5733,1,0,-95,0,-95,-95,-95,-95,-95,-95,-95,-95,-95
5734,1,0,-95,1,-95,-95,-95,-95,-95,-95,-95,-95,-95
5735,2,-95,44.14,1,1,2,2,4,3,1,1,1,1
5736,2,1,55.03,1,2,2,2,2,2,3,2,3,2
5737,2,0,61.62,1,4,4,4,4,4,2,2,1,1
5738,2,-95,75.4,0,1,1,1,3,4,1,1,1,1
5739,2,0,65.13,1,2,2,2,5,5,2,2,3,2
5740,1,0,-95,0,-95,-95,-95,-95,-95,-95,-95,-95,-95
5741,2,0,-98,1,-95,-95,-95,-95,-95,-95,-95,-95,-95
5742,2,0,-98,1,-95,-95,-95,-95,-95,-95,-95,-95,-95
5743,1,0,-95,1,-95,-95,-95,-95,-95,-95,-95,-95,-95
5744,1,0,-95,1,-95,-95,-95,-95,-95,-95,-95,-95,-95
5745,1,-95,-95,0,-95,-95,-95,-95,-95,-95,-95,-95,-95
5746,2,0,62.43,0,2,2,2,2,4,2,2,2,2
5747,1,-95,-95,0,-95,-95,-95,-95,-95,-95,-95,-95,-95
5748,1,0,-95,0,-95,-95,-95,-95,-95,-95,-95,-95,-95
5749,1,0,-95,0,-95,-95,-95,-95,-95,-95,-95,-95,-95
5750,2,-95,38.42,0,5,5,5,1,2,2,3,3,3
5751,1,-95,-95,0,-95,-95,-95,-95,-95,-95,-95,-95,-95
5752,1,-95,-95,1,-95,-95,-95,-95,-95,-95,-95,-95,-95
5753,1,-95,-95,1,-95,-95,-95,-95,-95,-95,-95,-95,-95
5754,1,0,-95,0,-95,-95,-95,-95,-95,-95,-95,-95,-95
5755,1,-95,-95,0,-95,-95,-95,-95,-95,-95,-95,-95,-95
5756,2,-95,-98,1,2,2,1,-98,2,3,2,2,2
5757,2,0,55.71,1,3,2,3,3,3,2,3,3,3
5758,1,0,-95,0,-95,-95,-95,-95,-95,-95,-95,-95,-95
5759,1,-95,-95,1,-95,-95,-95,-95,-95,-95,-95,-95,-95
5760,2,-95,61.33,0,2,2,2,4,4,1,1,-96,2
5761,2,-95,-98,0,-95,-95,-95,-95,-95,-95,-95,-95,-95
5762,2,0,57.6,1,4,2,2,5,5,1,1,1,1
5763,1,1,-95,0,-95,-95,-95,-95,-95,-95,-95,-95,-95
5764,1,-95,-95,0,-95,-95,-95,-95,-95,-95,-95,-95,-95
5765,2,0,76.65,0,2,2,2,4,4,3,2,2,3
5766,1,0,-95,0,-95,-95,-95,-95,-95,-95,-95,-95,-95
5767,1,0,-95,1,-95,-95,-95,-95,-95,-95,-95,-95,-95
5768,2,0,62.77,1,-98,-98,-98,-98,-98,-98,-98,-98,-98
5769,1,0,-95,1,-95,-95,-95,-95,-95,-95,-95,-95,-95
5770,1,0,-95,0,-95,-95,-95,-95,-95,-95,-95,-95,-95
5771,2,0,54.38,1,4,2,2,4,4,2,3,2,2
5772,1,-95,-95,0,-95,-95,-95,-95,-95,-95,-95,-95,-95
5773,2,0,68.6,1,1,2,1,2,4,1,1,3,3
5774,1,-95,-95,0,-95,-95,-95,-95,-95,-95,-95,-95,-95
5775,2,0,70.3,0,2,2,2,2,3,2,2,2,2
5776,2,0,38.91,1,5,4,3,2,4,5,4,4,4
5777,2,0,55.98,1,3,3,3,3,4,2,-98,-96,2
5778,1,0,-95,0,-95,-95,-95,-95,-95,-95,-95,-95,-95
5779,2,0,-98,0,2,2,1,5,5,2,2,2,2
5780,2,0,70.09,0,2,2,2,2,5,2,2,2,2
5781,2,0,47.48,1,5,3,2,2,2,2,3,3,2
5782,1,0,-95,0,-95,-95,-95,-95,-95,-95,-95,-95,-95
5783,1,-95,-95,0,-95,-95,-95,-95,-95,-95,-95,-95,-95
5784,2,0,74.27,0,2,2,2,3,4,2,2,2,2
5785,2,1,79.12,1,2,2,3,2,2,2,2,1,1
5786,1,0,-95,0,-95,-95,-95,-95,-95,-95,-95,-95,-95
5787,2,0,-96,0,3,2,3,2,4,2,2,4,2
5788,2,0,36.57,1,1,3,3,4,1,2,1,2,3
5789,2,0,-96,0,1,1,1,5,5,1,1,1,1
5790,2,0,60.74,0,2,2,2,5,5,1,1,2,2
5791,1,0,-95,1,-95,-95,-95,-95,-95,-95,-95,-95,-95
5792,1,-95,-95,0,-95,-95,-95,-95,-95,-95,-95,-95,-95
5793,2,0,-98,0,2,3,2,3,3,2,1,1,1
5794,2,0,59.49,1,2,2,2,3,3,2,1,2,2
5795,1,0,-95,0,-95,-95,-95,-95,-95,-95,-95,-95,-95
5796,1,0,-95,0,-95,-95,-95,-95,-95,-95,-95,-95,-95
5797,1,0,-95,0,-95,-95,-95,-95,-95,-95,-95,-95,-95
5798,1,0,-95,1,-95,-95,-95,-95,-95,-95,-95,-95,-95
5799,1,0,-95,1,-95,-95,-95,-95,-95,-95,-95,-95,-95
5800,2,1,69.26,0,1,1,1,5,5,1,1,2,2
5801,2,0,76.8,0,1,1,1,4,5,3,3,1,4
5802,1,0,-95,1,-95,-95,-95,-95,-95,-95,-95,-95,-95
5803,1,0,-95,1,-95,-95,-95,-95,-95,-95,-95,-95,-95
5804,1,0,-95,1,-95,-95,-95,-95,-95,-95,-95,-95,-95
5805,2,0,65.63,0,1,2,2,3,3,2,2,2,1
5806,2,0,56.57,0,2,2,2,4,4,2,2,-98,1
5807,1,-95,-95,1,-95,-95,-95,-95,-95,-95,-95,-95,-95
5808,2,-95,32.06,1,-95,-95,-95,-95,-95,-95,-95,-95,-95
5809,2,-95,42.12,1,4,4,3,3,4,3,3,1,1
5810,1,0,-95,1,-95,-95,-95,-95,-95,-95,-95,-95,-95
5811,1,1,-95,0,-95,-95,-95,-95,-95,-95,-95,-95,-95
5812,1,-95,-95,0,-95,-95,-95,-95,-95,-95,-95,-95,-95
5813,2,0,68.93,0,2,2,2,3,4,2,2,2,2
5814,2,-95,-98,0,-95,-95,-95,-95,-95,-95,-95,-95,-95
5815,1,0,-95,0,-95,-95,-95,-95,-95,-95,-95,-95,-95
5816,1,0,-95,0,-95,-95,-95,-95,-95,-95,-95,-95,-95
5817,2,0,30.8,0,1,-98,3,3,2,5,4,3,3
5818,1,0,-95,1,-95,-95,-95,-95,-95,-95,-95,-95,-95
5819,2,0,43.73,0,2,3,2,4,5,2,1,1,2
5820,1,0,-95,0,-95,-95,-95,-95,-95,-95,-95,-95,-95
5821,2,-95,-96,1,4,2,3,2,2,2,4,2,2
5822,1,0,-95,1,-95,-95,-95,-95,-95,-95,-95,-95,-95
5823,1,0,-95,1,-95,-95,-95,-95,-95,-95,-95,-95,-95
5824,2,0,33.19,0,2,3,3,3,3,2,3,3,3
5825,2,-95,79.48,0,2,1,1,4,4,2,2,1,2
5826,1,-95,-95,0,-95,-95,-95,-95,-95,-95,-95,-95,-95
5827,2,0,69.55,1,5,4,4,4,2,2,2,2,3
5828,2,0,44.98,1,1,2,2,4,5,1,1,1,1
5829,2,0,75.12,0,2,2,2,4,5,2,2,2,2
5830,2,0,-96,0,3,2,1,5,5,1,1,1,1
5831,2,0,59.19,0,3,3,2,2,3,2,2,3,2
5832,2,0,-98,0,5,5,5,2,2,2,1,2,2
5833,2,0,62.3,0,3,2,2,4,4,2,2,2,2
5834,2,-95,77.8,0,2,2,2,4,4,2,2,1,1
5835,2,0,56.92,0,1,1,1,4,5,1,1,1,1
5836,2,0,-96,0,4,4,2,3,5,3,3,3,3
5837,2,0,-96,0,1,1,1,5,5,1,1,1,1
5838,2,0,-96,0,2,3,3,4,3,3,3,3,3
5839,1,0,-95,1,-95,-95,-95,-95,-95,-95,-95,-95,-95
5840,1,-95,-95,1,-95,-95,-95,-95,-95,-95,-95,-95,-95
5841,2,0,51.97,0,2,2,2,4,4,2,2,2,2
5842,2,0,74.6,1,2,2,2,4,4,4,3,4,4
5843,1,0,-95,0,-95,-95,-95,-95,-95,-95,-95,-95,-95
5844,2,0,65.09,1,1,1,1,4,5,1,1,2,3
5845,1,0,-95,1,-95,-95,-95,-95,-95,-95,-95,-95,-95
5846,2,-95,57.24,0,2,2,2,1,5,1,1,1,1
5847,2,0,39.13,0,1,4,2,1,1,1,1,1,1
5848,2,0,67.21,0,-95,-95,-95,-95,-95,-95,-95,-95,-95
5849,2,-95,42.02,1,2,2,2,4,4,2,2,2,2
5850,1,0,-95,0,-95,-95,-95,-95,-95,-95,-95,-95,-95
5851,2,-95,57.03,0,5,2,2,5,5,1,2,1,1
5852,2,-95,41.42,1,3,3,2,4,4,3,3,2,2
5853,1,0,-95,1,-95,-95,-95,-95,-95,-95,-95,-95,-95
5854,1,0,-95,1,-95,-95,-95,-95,-95,-95,-95,-95,-95
5855,2,-95,63.1,0,1,1,2,2,2,1,2,1,2
5856,1,-95,-95,0,-95,-95,-95,-95,-95,-95,-95,-95,-95
5857,2,0,45.49,1,2,2,1,5,5,3,1,1,3
5858,2,0,-96,0,1,2,2,3,-96,3,3,2,3
5859,2,0,75.77,1,2,3,2,5,4,2,2,2,2
5860,2,-95,34.11,0,3,3,2,3,2,3,2,2,3
5861,1,0,-95,1,-95,-95,-95,-95,-95,-95,-95,-95,-95
5862,1,1,-95,0,-95,-95,-95,-95,-95,-95,-95,-95,-95
5863,1,-95,-95,0,-95,-95,-95,-95,-95,-95,-95,-95,-95
5864,2,0,64.53,0,4,2,2,4,4,2,3,3,4
5865,2,0,-98,1,5,5,5,4,4,4,4,4,4
5866,2,-95,-98,0,-95,-95,-95,-95,-95,-95,-95,-95,-95
5867,2,-95,-98,0,4,3,4,3,2,2,2,3,3
5868,1,-95,-95,1,-95,-95,-95,-95,-95,-95,-95,-95,-95
5869,2,0,57.17,1,-95,-95,-95,-95,-95,-95,-95,-95,-95
5870,1,0,-95,0,-95,-95,-95,-95,-95,-95,-95,-95,-95
5871,2,0,56.01,0,5,5,3,5,5,2,2,5,1
5872,1,0,-95,0,-95,-95,-95,-95,-95,-95,-95,-95,-95
5873,2,0,-98,0,2,2,2,4,5,3,3,1,1
5874,2,0,-98,1,5,2,2,5,4,5,4,-98,-98
5875,2,0,38.57,1,4,4,4,4,4,4,4,3,4
5876,1,0,-95,0,-95,-95,-95,-95,-95,-95,-95,-95,-95
5877,1,0,-95,0,-95,-95,-95,-95,-95,-95,-95,-95,-95
5878,1,-95,-95,0,-95,-95,-95,-95,-95,-95,-95,-95,-95
5879,2,0,83.38,1,1,1,1,5,5,1,1,1,1
5880,1,0,-95,0,-95,-95,-95,-95,-95,-95,-95,-95,-95
5881,2,0,68.92,0,3,2,1,5,4,2,2,1,1
5882,2,-95,34.82,1,5,5,5,5,5,3,2,1,1
5883,1,0,-95,1,-95,-95,-95,-95,-95,-95,-95,-95,-95
5884,1,0,-95,1,-95,-95,-95,-95,-95,-95,-95,-95,-95
5885,1,1,-95,0,-95,-95,-95,-95,-95,-95,-95,-95,-95
5886,2,0,44.99,1,1,1,1,5,5,1,5,1,1
5887,1,0,-95,1,-95,-95,-95,-95,-95,-95,-95,-95,-95
5888,2,0,73.32,1,1,1,1,5,5,1,1,1,1
5889,1,0,-95,0,-95,-95,-95,-95,-95,-95,-95,-95,-95
5890,2,1,62.45,0,2,4,2,4,4,2,2,3,2
5891,2,0,-96,1,-95,-95,-95,-95,-95,-95,-95,-95,-95
5892,1,0,-95,0,-95,-95,-95,-95,-95,-95,-95,-95,-95
5893,1,0,-95,1,-95,-95,-95,-95,-95,-95,-95,-95,-95
5894,2,0,71.36,1,2,2,2,4,4,3,3,4,3
5895,2,0,66.59,0,2,2,2,4,4,3,4,1,1
5896,1,-95,-95,0,-95,-95,-95,-95,-95,-95,-95,-95,-95
5897,2,-95,-98,1,1,2,2,4,4,2,2,2,2
5898,2,0,66.65,1,3,2,2,3,4,2,2,3,3
5899,1,-95,-95,0,-95,-95,-95,-95,-95,-95,-95,-95,-95
5900,2,0,57.76,1,3,3,2,4,4,2,2,1,3
5901,2,0,36.56,1,2,2,2,4,4,2,3,1,1
5902,2,-95,60.98,0,2,2,2,4,4,3,2,-98,2
5903,2,0,-96,1,3,4,3,3,5,2,2,2,1
5904,1,0,-95,0,-95,-95,-95,-95,-95,-95,-95,-95,-95
5905,1,0,-95,1,-95,-95,-95,-95,-95,-95,-95,-95,-95
5906,1,0,-95,1,-95,-95,-95,-95,-95,-95,-95,-95,-95
5907,1,0,-95,1,-95,-95,-95,-95,-95,-95,-95,-95,-95
5908,1,0,-95,0,-95,-95,-95,-95,-95,-95,-95,-95,-95
5909,1,0,-95,1,-95,-95,-95,-95,-95,-95,-95,-95,-95
5910,1,0,-95,1,-95,-95,-95,-95,-95,-95,-95,-95,-95
5911,2,0,60.04,1,4,5,5,4,4,2,2,2,2
5912,1,0,-95,0,-95,-95,-95,-95,-95,-95,-95,-95,-95
5913,2,-95,67.01,0,2,2,2,4,4,2,2,1,2
5914,2,0,-98,0,2,1,3,2,1,-96,4,3,2
5915,1,-95,-95,0,-95,-95,-95,-95,-95,-95,-95,-95,-95
5916,2,0,52.85,0,-95,-95,-95,-95,-95,-95,-95,-95,-95
5917,2,-95,37.47,0,2,2,2,4,4,-98,3,1,4
5918,1,-95,-95,1,-95,-95,-95,-95,-95,-95,-95,-95,-95
5919,2,0,-98,0,4,5,4,1,2,1,3,2,3
5920,2,-95,58.85,1,1,1,1,5,4,1,1,1,1
5921,2,0,70.09,1,2,2,2,-98,2,3,3,2,2
5922,1,1,-95,0,-95,-95,-95,-95,-95,-95,-95,-95,-95
5923,1,0,-95,1,-95,-95,-95,-95,-95,-95,-95,-95,-95
5924,2,0,39.09,0,3,2,3,1,2,3,2,1,1
5925,2,0,56.31,1,3,3,2,3,4,3,2,1,2
5926,2,-95,-98,1,-95,-95,-95,-95,-95,-95,-95,-95,-95
5927,1,1,-95,0,-95,-95,-95,-95,-95,-95,-95,-95,-95
5928,1,0,-95,0,-95,-95,-95,-95,-95,-95,-95,-95,-95
5929,1,-95,-95,1,-95,-95,-95,-95,-95,-95,-95,-95,-95
5930,1,0,-95,1,-95,-95,-95,-95,-95,-95,-95,-95,-95
5931,2,0,46.73,1,3,3,2,3,4,3,3,2,2
5932,1,0,-95,1,-95,-95,-95,-95,-95,-95,-95,-95,-95
5933,1,0,-95,1,-95,-95,-95,-95,-95,-95,-95,-95,-95
5934,2,0,-98,0,2,2,2,3,4,2,2,2,2
5935,2,0,55.36,1,-98,-98,-98,-98,-98,-98,-98,-98,-98
5936,1,0,-95,1,-95,-95,-95,-95,-95,-95,-95,-95,-95
5937,1,0,-95,1,-95,-95,-95,-95,-95,-95,-95,-95,-95
5938,1,0,-95,1,-95,-95,-95,-95,-95,-95,-95,-95,-95
5939,2,0,66,1,4,4,4,3,4,3,3,2,2
5940,2,-95,-98,0,2,2,2,5,4,2,2,2,2
5941,2,-95,45.31,0,2,3,2,2,3,1,3,1,1
5942,2,-95,60.41,0,2,2,2,4,5,4,3,2,3
5943,2,-95,-98,1,-98,-98,-98,-98,-98,-98,-98,-98,-98
5944,1,0,-95,1,-95,-95,-95,-95,-95,-95,-95,-95,-95
5945,1,0,-95,0,-95,-95,-95,-95,-95,-95,-95,-95,-95
5946,1,-95,-95,0,-95,-95,-95,-95,-95,-95,-95,-95,-95
5947,1,0,-95,1,-95,-95,-95,-95,-95,-95,-95,-95,-95
5948,2,0,68.34,1,4,2,2,4,4,2,2,2,2
5949,1,0,-95,0,-95,-95,-95,-95,-95,-95,-95,-95,-95
5950,2,0,-98,0,-95,-95,-95,-95,-95,-95,-95,-95,-95
5951,1,0,-95,0,-95,-95,-95,-95,-95,-95,-95,-95,-95
5952,2,-95,72.69,0,2,2,2,4,4,2,2,2,2
5953,2,0,63.1,0,1,1,2,4,4,2,1,-98,1
5954,1,0,-95,1,-95,-95,-95,-95,-95,-95,-95,-95,-95
5955,2,0,73.28,1,1,1,5,5,5,1,2,1,1
5956,1,-95,-95,0,-95,-95,-95,-95,-95,-95,-95,-95,-95
5957,2,0,61.42,0,5,5,5,5,5,5,5,5,5
5958,2,-95,67.1,1,4,4,2,4,4,1,2,1,1
5959,1,1,-95,0,-95,-95,-95,-95,-95,-95,-95,-95,-95
5960,2,1,63.05,0,3,3,2,5,5,3,2,2,2
5961,2,0,-98,0,3,4,3,5,2,3,5,3,3
5962,2,1,79.45,0,2,1,2,5,5,3,2,2,3
5963,1,0,-95,0,-95,-95,-95,-95,-95,-95,-95,-95,-95
5964,2,1,62.63,0,1,2,2,3,5,1,1,1,1
5965,1,0,-95,1,-95,-95,-95,-95,-95,-95,-95,-95,-95
5966,2,-95,60.87,1,2,2,2,4,4,2,3,5,3
5967,1,0,-95,1,-95,-95,-95,-95,-95,-95,-95,-95,-95
5968,2,0,74.39,0,2,3,2,4,5,2,2,3,2
5969,2,0,70.43,0,1,1,1,5,5,1,1,1,1
5970,1,0,-95,0,-95,-95,-95,-95,-95,-95,-95,-95,-95
5971,1,-95,-95,0,-95,-95,-95,-95,-95,-95,-95,-95,-95
5972,2,-95,-96,1,5,5,4,1,1,2,2,2,1
5973,2,0,71.15,1,2,2,2,5,5,5,2,2,2
5974,1,-95,-95,0,-95,-95,-95,-95,-95,-95,-95,-95,-95
5975,1,0,-95,0,-95,-95,-95,-95,-95,-95,-95,-95,-95
5976,2,-95,53.56,1,1,1,1,5,5,1,1,1,1
5977,1,0,-95,1,-95,-95,-95,-95,-95,-95,-95,-95,-95
5978,1,-95,-95,1,-95,-95,-95,-95,-95,-95,-95,-95,-95
5979,1,0,-95,1,-95,-95,-95,-95,-95,-95,-95,-95,-95
5980,2,0,-98,0,1,1,1,5,4,1,1,1,1
5981,2,0,71.84,0,5,5,5,5,5,5,5,5,5
5982,1,-95,-95,1,-95,-95,-95,-95,-95,-95,-95,-95,-95
5983,2,0,51.29,0,1,1,1,5,3,4,3,3,2
5984,1,-95,-95,0,-95,-95,-95,-95,-95,-95,-95,-95,-95
5985,1,0,-95,1,-95,-95,-95,-95,-95,-95,-95,-95,-95
5986,2,0,75.12,0,4,3,2,3,4,3,3,2,3
5987,2,0,51.47,1,2,1,1,4,4,1,1,1,1
5988,2,-95,57.5,0,1,1,1,1,1,1,1,1,1
5989,1,0,-95,1,-95,-95,-95,-95,-95,-95,-95,-95,-95
5990,2,0,64.38,0,4,4,2,4,4,3,2,3,4
5991,2,-95,-98,0,-95,-95,-95,-95,-95,-95,-95,-95,-95
5992,1,-95,-95,1,-95,-95,-95,-95,-95,-95,-95,-95,-95
5993,2,0,60.45,1,4,4,3,3,4,3,3,3,3
5994,2,0,70.52,1,1,2,2,4,4,2,2,3,3
5995,1,0,-95,0,-95,-95,-95,-95,-95,-95,-95,-95,-95
5996,1,-95,-95,1,-95,-95,-95,-95,-95,-95,-95,-95,-95
5997,2,0,48.87,0,4,4,4,4,4,1,2,2,2
5998,1,0,-95,1,-95,-95,-95,-95,-95,-95,-95,-95,-95
5999,1,-95,-95,0,-95,-95,-95,-95,-95,-95,-95,-95,-95
6000,2,0,71.79,0,2,2,2,4,4,2,2,3,2
6001,1,0,-95,0,-95,-95,-95,-95,-95,-95,-95,-95,-95
6002,2,0,70.07,0,2,2,2,4,4,2,3,2,1
6003,2,0,58.64,1,4,4,3,4,4,2,2,2,2
6004,2,0,67.17,0,1,1,1,5,5,1,1,1,1
6005,1,-95,-95,0,-95,-95,-95,-95,-95,-95,-95,-95,-95
6006,2,0,66.62,1,2,4,2,4,4,2,2,2,2
6007,1,0,-95,0,-95,-95,-95,-95,-95,-95,-95,-95,-95
6008,1,0,-95,0,-95,-95,-95,-95,-95,-95,-95,-95,-95
6009,1,-95,-95,0,-95,-95,-95,-95,-95,-95,-95,-95,-95
6010,1,-95,-95,0,-95,-95,-95,-95,-95,-95,-95,-95,-95
6011,2,0,-98,0,1,1,1,4,5,1,1,1,1
6012,1,0,-95,1,-95,-95,-95,-95,-95,-95,-95,-95,-95
6013,2,0,44.33,1,2,2,2,4,4,2,2,2,2
6014,2,-95,57.09,0,3,4,3,2,3,1,2,1,1
6015,2,0,-98,0,-95,-95,-95,-95,-95,-95,-95,-95,-95
6016,1,0,-95,1,-95,-95,-95,-95,-95,-95,-95,-95,-95
6017,1,0,-95,1,-95,-95,-95,-95,-95,-95,-95,-95,-95
6018,1,0,-95,1,-95,-95,-95,-95,-95,-95,-95,-95,-95
6019,1,-95,-95,1,-95,-95,-95,-95,-95,-95,-95,-95,-95
6020,1,-95,-95,1,-95,-95,-95,-95,-95,-95,-95,-95,-95
6021,2,0,51.42,1,1,2,2,2,4,1,2,2,2
6022,2,-95,-98,0,3,2,2,4,5,3,3,2,3
6023,1,0,-95,1,-95,-95,-95,-95,-95,-95,-95,-95,-95
6024,1,0,-95,0,-95,-95,-95,-95,-95,-95,-95,-95,-95
6025,1,0,-95,1,-95,-95,-95,-95,-95,-95,-95,-95,-95
6026,2,0,75.57,1,1,1,1,4,5,1,1,1,1
6027,1,0,-95,1,-95,-95,-95,-95,-95,-95,-95,-95,-95
6028,1,-95,-95,1,-95,-95,-95,-95,-95,-95,-95,-95,-95
6029,2,0,44.49,0,2,2,2,4,3,2,2,2,2
6030,2,0,70.86,0,-95,-95,-95,-95,-95,-95,-95,-95,-95
6031,2,0,55.01,0,4,2,2,4,4,3,3,3,4
6032,2,0,74.26,0,2,2,2,4,4,2,2,2,2
6033,2,0,-98,1,4,2,5,5,5,-98,3,3,3
6034,1,-95,-95,0,-95,-95,-95,-95,-95,-95,-95,-95,-95
6035,1,0,-95,0,-95,-95,-95,-95,-95,-95,-95,-95,-95
6036,1,0,-95,0,-95,-95,-95,-95,-95,-95,-95,-95,-95
6037,2,-95,53.15,0,1,1,1,5,5,1,3,1,1
6038,2,0,42.83,1,-95,-95,-95,-95,-95,-95,-95,-95,-95
6039,1,0,-95,1,-95,-95,-95,-95,-95,-95,-95,-95,-95
6040,1,-95,-95,1,-95,-95,-95,-95,-95,-95,-95,-95,-95
6041,2,0,-98,1,-95,-95,-95,-95,-95,-95,-95,-95,-95
6042,2,0,-98,1,-95,-95,-95,-95,-95,-95,-95,-95,-95
6043,1,0,-95,1,-95,-95,-95,-95,-95,-95,-95,-95,-95
6044,2,0,65.68,1,2,2,4,2,4,2,2,2,2
6045,2,0,72,0,1,1,1,4,4,2,2,1,1
6046,2,0,56.94,1,2,1,1,5,5,2,2,1,1
6047,2,-95,48.7,1,1,1,1,2,4,5,2,2,3
6048,2,0,-98,0,1,1,1,1,1,1,1,2,3
6049,1,0,-95,0,-95,-95,-95,-95,-95,-95,-95,-95,-95
6050,2,0,48.05,1,-98,-98,-98,-98,-98,-98,-98,-98,-98
6051,2,0,82.58,1,-95,-95,-95,-95,-95,-95,-95,-95,-95
6052,2,0,63.95,1,5,4,5,2,4,2,2,2,4
6053,1,-95,-95,0,-95,-95,-95,-95,-95,-95,-95,-95,-95
6054,1,0,-95,1,-95,-95,-95,-95,-95,-95,-95,-95,-95
6055,2,0,46.25,0,2,4,1,2,3,3,3,3,3
6056,1,-95,-95,1,-95,-95,-95,-95,-95,-95,-95,-95,-95
6057,1,-95,-95,0,-95,-95,-95,-95,-95,-95,-95,-95,-95
6058,1,0,-95,0,-95,-95,-95,-95,-95,-95,-95,-95,-95
6059,1,-95,-95,0,-95,-95,-95,-95,-95,-95,-95,-95,-95
6060,1,-95,-95,0,-95,-95,-95,-95,-95,-95,-95,-95,-95
6061,1,0,-95,0,-95,-95,-95,-95,-95,-95,-95,-95,-95
6062,2,-95,-98,0,1,2,2,4,5,3,3,2,2
6063,1,-95,-95,0,-95,-95,-95,-95,-95,-95,-95,-95,-95
6064,1,0,-95,0,-95,-95,-95,-95,-95,-95,-95,-95,-95
6065,1,-95,-95,0,-95,-95,-95,-95,-95,-95,-95,-95,-95
6066,2,0,34.4,0,1,1,1,4,4,2,3,5,2
6067,1,-95,-95,0,-95,-95,-95,-95,-95,-95,-95,-95,-95
6068,1,-95,-95,0,-95,-95,-95,-95,-95,-95,-95,-95,-95
6069,1,-95,-95,1,-95,-95,-95,-95,-95,-95,-95,-95,-95
6070,1,0,-95,1,-95,-95,-95,-95,-95,-95,-95,-95,-95
6071,1,-95,-95,1,-95,-95,-95,-95,-95,-95,-95,-95,-95
6072,2,0,62.96,1,1,1,1,4,4,2,2,-98,1
6073,2,-95,-98,1,-95,-95,-95,-95,-95,-95,-95,-95,-95
6074,2,0,70.05,0,2,2,2,-96,4,2,2,2,3
6075,1,0,-95,0,-95,-95,-95,-95,-95,-95,-95,-95,-95
6076,1,0,-95,1,-95,-95,-95,-95,-95,-95,-95,-95,-95
6077,1,0,-95,0,-95,-95,-95,-95,-95,-95,-95,-95,-95
6078,1,-95,-95,0,-95,-95,-95,-95,-95,-95,-95,-95,-95
6079,2,0,-98,0,-95,-95,-95,-95,-95,-95,-95,-95,-95
6080,2,0,63.48,1,2,2,1,5,5,2,1,2,1
6081,2,0,-96,0,2,2,2,4,4,2,4,3,2
6082,1,1,-95,1,-95,-95,-95,-95,-95,-95,-95,-95,-95
6083,2,0,47.14,0,5,5,5,2,1,1,1,2,1
6084,1,0,-95,1,-95,-95,-95,-95,-95,-95,-95,-95,-95
6085,2,0,-98,0,3,4,2,3,4,2,2,1,1
6086,1,-95,-95,1,-95,-95,-95,-95,-95,-95,-95,-95,-95
6087,2,0,86.18,0,2,1,1,5,5,2,2,1,1
6088,2,-95,74.34,1,4,2,2,4,4,2,2,2,2
6089,1,1,-95,1,-95,-95,-95,-95,-95,-95,-95,-95,-95
6090,1,-95,-95,0,-95,-95,-95,-95,-95,-95,-95,-95,-95
6091,2,0,72.11,1,2,2,2,4,4,2,2,2,2
6092,2,0,41.64,0,3,3,3,3,3,3,3,3,3
6093,2,0,-98,1,2,3,2,1,3,4,5,2,2
6094,1,-95,-95,1,-95,-95,-95,-95,-95,-95,-95,-95,-95
6095,2,-95,59.48,0,1,2,2,5,5,2,2,1,1
6096,1,-95,-95,0,-95,-95,-95,-95,-95,-95,-95,-95,-95
6097,2,0,-98,1,-95,-95,-95,-95,-95,-95,-95,-95,-95
6098,2,0,80.75,1,1,1,2,4,4,3,2,1,2
6099,1,-95,-95,0,-95,-95,-95,-95,-95,-95,-95,-95,-95
6100,2,0,36.37,0,5,2,2,5,5,3,4,2,4
6101,2,0,49.66,0,2,2,2,2,2,2,2,2,2
6102,2,0,61.58,1,2,2,2,2,4,2,2,2,2
6103,2,0,70.52,0,2,2,2,2,4,2,3,3,2
6104,1,1,-95,0,-95,-95,-95,-95,-95,-95,-95,-95,-95
6105,2,-95,63.43,0,2,2,1,4,5,2,2,1,1
6106,2,0,-98,0,-95,-95,-95,-95,-95,-95,-95,-95,-95
6107,2,-95,-98,0,-95,-95,-95,-95,-95,-95,-95,-95,-95
6108,1,-95,-95,1,-95,-95,-95,-95,-95,-95,-95,-95,-95
6109,2,0,80.27,0,3,2,2,3,4,5,3,4,5
6110,2,0,54.08,0,3,2,2,4,4,2,2,2,2
6111,2,0,55.39,1,1,1,1,5,5,1,1,1,1
6112,1,0,-95,0,-95,-95,-95,-95,-95,-95,-95,-95,-95
6113,1,0,-95,0,-95,-95,-95,-95,-95,-95,-95,-95,-95
6114,1,0,-95,0,-95,-95,-95,-95,-95,-95,-95,-95,-95
6115,2,0,59.13,1,-95,-95,-95,-95,-95,-95,-95,-95,-95
6116,2,0,64.75,1,2,1,2,4,5,1,2,1,1
6117,1,0,-95,1,-95,-95,-95,-95,-95,-95,-95,-95,-95
6118,1,0,-95,0,-95,-95,-95,-95,-95,-95,-95,-95,-95
6119,2,0,-98,1,-95,-95,-95,-95,-95,-95,-95,-95,-95
6120,1,-95,-95,0,-95,-95,-95,-95,-95,-95,-95,-95,-95
6121,2,0,-98,0,3,4,2,2,2,1,1,1,1
6122,2,1,59.9,0,-95,-95,-95,-95,-95,-95,-95,-95,-95
6123,1,-95,-95,0,-95,-95,-95,-95,-95,-95,-95,-95,-95
6124,2,-95,-96,0,2,4,1,1,1,1,1,1,1
6125,1,0,-95,0,-95,-95,-95,-95,-95,-95,-95,-95,-95
6126,1,0,-95,1,-95,-95,-95,-95,-95,-95,-95,-95,-95
6127,2,0,48.54,1,2,3,2,3,5,1,2,2,2
6128,2,-99,37.86,0,2,3,4,3,3,2,4,4,3
6129,1,0,-95,1,-95,-95,-95,-95,-95,-95,-95,-95,-95
6130,1,-95,-95,0,-95,-95,-95,-95,-95,-95,-95,-95,-95
6131,2,-95,36.53,0,5,5,5,1,2,4,3,4,2
6132,1,0,-95,0,-95,-95,-95,-95,-95,-95,-95,-95,-95
6133,1,0,-95,1,-95,-95,-95,-95,-95,-95,-95,-95,-95
6134,2,0,-96,0,-95,-95,-95,-95,-95,-95,-95,-95,-95
6135,1,-95,-95,1,-95,-95,-95,-95,-95,-95,-95,-95,-95
6136,1,0,-95,0,-95,-95,-95,-95,-95,-95,-95,-95,-95
6137,1,0,-95,1,-95,-95,-95,-95,-95,-95,-95,-95,-95
6138,1,0,-95,1,-95,-95,-95,-95,-95,-95,-95,-95,-95
6139,2,0,59.29,1,2,2,2,4,4,1,3,3,1
6140,2,-95,-98,0,5,4,3,4,1,2,3,2,4
6141,2,0,44.01,0,3,2,4,3,2,1,3,3,4
6142,2,0,57.79,1,3,3,2,4,4,3,3,2,2
6143,1,0,-95,0,-95,-95,-95,-95,-95,-95,-95,-95,-95
6144,1,0,-95,1,-95,-95,-95,-95,-95,-95,-95,-95,-95
6145,1,-95,-95,0,-95,-95,-95,-95,-95,-95,-95,-95,-95
6146,2,1,81.51,1,2,2,2,2,4,2,2,2,3
6147,2,0,55.08,1,1,2,2,4,5,1,2,1,1
6148,1,0,-95,0,-95,-95,-95,-95,-95,-95,-95,-95,-95
6149,1,0,-95,1,-95,-95,-95,-95,-95,-95,-95,-95,-95
6150,1,0,-95,1,-95,-95,-95,-95,-95,-95,-95,-95,-95
6151,2,0,-98,0,-95,-95,-95,-95,-95,-95,-95,-95,-95
6152,2,-95,-96,1,2,2,2,1,4,4,3,3,3
6153,1,-95,-95,1,-95,-95,-95,-95,-95,-95,-95,-95,-95
6154,2,0,-98,0,-95,-95,-95,-95,-95,-95,-95,-95,-95
6155,2,0,-98,0,2,2,2,5,4,2,2,1,1
6156,2,0,55.35,1,2,2,2,4,4,2,2,2,2
6157,1,-95,-95,1,-95,-95,-95,-95,-95,-95,-95,-95,-95
6158,2,0,81.8,0,5,3,5,1,2,2,2,-98,2
6159,2,-95,52.94,1,1,3,3,2,4,2,3,5,3
6160,2,0,68.95,1,4,2,2,4,4,2,3,2,2
6161,1,0,-95,0,-95,-95,-95,-95,-95,-95,-95,-95,-95
6162,1,-95,-95,1,-95,-95,-95,-95,-95,-95,-95,-95,-95
6163,2,0,-96,0,-95,-95,-95,-95,-95,-95,-95,-95,-95
6164,2,0,61.77,0,1,1,1,3,5,1,1,3,1
6165,1,0,-95,0,-95,-95,-95,-95,-95,-95,-95,-95,-95
6166,2,-95,-98,1,2,2,4,5,4,1,1,2,1
6167,2,0,51.07,0,2,2,2,-98,4,1,1,1,1
6168,1,-95,-95,1,-95,-95,-95,-95,-95,-95,-95,-95,-95
6169,1,0,-95,0,-95,-95,-95,-95,-95,-95,-95,-95,-95
6170,1,0,-95,1,-95,-95,-95,-95,-95,-95,-95,-95,-95
6171,2,1,76.65,0,2,2,2,2,3,3,2,2,2
6172,2,0,76.28,0,4,2,2,4,4,2,2,2,2
6173,1,1,-95,0,-95,-95,-95,-95,-95,-95,-95,-95,-95
6174,1,0,-95,1,-95,-95,-95,-95,-95,-95,-95,-95,-95
6175,2,0,-98,0,-95,-95,-95,-95,-95,-95,-95,-95,-95
6176,1,0,-95,1,-95,-95,-95,-95,-95,-95,-95,-95,-95
6177,2,0,64.57,0,2,2,2,3,5,2,3,1,1
6178,1,-95,-95,0,-95,-95,-95,-95,-95,-95,-95,-95,-95
6179,1,0,-95,0,-95,-95,-95,-95,-95,-95,-95,-95,-95
6180,1,-95,-95,1,-95,-95,-95,-95,-95,-95,-95,-95,-95
6181,1,0,-95,0,-95,-95,-95,-95,-95,-95,-95,-95,-95
6182,1,0,-95,1,-95,-95,-95,-95,-95,-95,-95,-95,-95
6183,2,-95,-98,0,2,1,3,4,5,1,3,3,4
6184,2,0,53.32,1,1,2,2,5,4,3,2,2,3
6185,1,0,-95,1,-95,-95,-95,-95,-95,-95,-95,-95,-95
6186,1,-95,-95,0,-95,-95,-95,-95,-95,-95,-95,-95,-95
6187,1,-95,-95,1,-95,-95,-95,-95,-95,-95,-95,-95,-95
6188,1,0,-95,0,-95,-95,-95,-95,-95,-95,-95,-95,-95
6189,1,0,-95,1,-95,-95,-95,-95,-95,-95,-95,-95,-95
6190,1,0,-95,0,-95,-95,-95,-95,-95,-95,-95,-95,-95
6191,1,0,-95,0,-95,-95,-95,-95,-95,-95,-95,-95,-95
6192,2,0,71.15,1,1,1,2,5,3,3,2,2,1
6193,1,0,-95,1,-95,-95,-95,-95,-95,-95,-95,-95,-95
6194,1,0,-95,0,-95,-95,-95,-95,-95,-95,-95,-95,-95
6195,1,0,-95,1,-95,-95,-95,-95,-95,-95,-95,-95,-95
6196,2,0,63.03,1,2,2,2,5,4,1,1,1,3
6197,2,-95,-98,1,1,2,2,1,4,4,2,1,3
6198,1,-95,-95,0,-95,-95,-95,-95,-95,-95,-95,-95,-95
6199,1,-95,-95,1,-95,-95,-95,-95,-95,-95,-95,-95,-95
6200,1,0,-95,0,-95,-95,-95,-95,-95,-95,-95,-95,-95
6201,1,0,-95,1,-95,-95,-95,-95,-95,-95,-95,-95,-95
6202,1,-95,-95,1,-95,-95,-95,-95,-95,-95,-95,-95,-95
6203,2,-95,-98,1,1,2,2,2,1,1,1,2,2
6204,1,1,-95,1,-95,-95,-95,-95,-95,-95,-95,-95,-95
6205,2,-95,-98,1,4,5,4,2,3,3,3,2,2
6206,2,-95,-96,0,-98,-98,-98,-98,-98,-98,-98,-98,-98
6207,2,1,-98,0,3,3,3,3,3,3,3,3,3
6208,2,1,67.07,0,2,2,1,3,5,1,1,1,1
6209,1,-95,-95,1,-95,-95,-95,-95,-95,-95,-95,-95,-95
6210,1,0,-95,1,-95,-95,-95,-95,-95,-95,-95,-95,-95
6211,2,0,62.24,0,1,1,1,5,5,1,1,1,1
6212,2,0,75.84,1,4,4,4,2,4,2,2,2,1
6213,2,0,69.01,1,2,2,2,3,5,1,3,1,1
6214,1,0,-95,1,-95,-95,-95,-95,-95,-95,-95,-95,-95
6215,1,0,-95,1,-95,-95,-95,-95,-95,-95,-95,-95,-95
6216,2,-95,-98,1,2,2,4,5,4,2,3,2,2
6217,2,0,63.36,1,-95,-95,-95,-95,-95,-95,-95,-95,-95
6218,1,0,-95,1,-95,-95,-95,-95,-95,-95,-95,-95,-95
6219,2,0,52.35,0,1,1,1,5,5,1,1,2,1
6220,2,0,57.17,1,4,3,2,4,5,2,3,2,2
6221,2,1,-98,0,-95,-95,-95,-95,-95,-95,-95,-95,-95
6222,1,0,-95,1,-95,-95,-95,-95,-95,-95,-95,-95,-95
6223,2,-95,28.65,0,2,2,2,2,2,2,2,2,2
6224,1,0,-95,1,-95,-95,-95,-95,-95,-95,-95,-95,-95
6225,1,0,-95,0,-95,-95,-95,-95,-95,-95,-95,-95,-95
6226,2,0,82.07,0,-95,-95,-95,-95,-95,-95,-95,-95,-95
6227,1,0,-95,0,-95,-95,-95,-95,-95,-95,-95,-95,-95
6228,1,0,-95,0,-95,-95,-95,-95,-95,-95,-95,-95,-95
6229,2,0,-98,0,5,4,-96,2,4,1,1,1,1
6230,2,-95,67.45,0,1,1,1,5,5,1,1,1,1
6231,1,-95,-95,0,-95,-95,-95,-95,-95,-95,-95,-95,-95
6232,2,-95,65.87,0,2,1,1,4,5,4,1,2,2
6233,1,-95,-95,0,-95,-95,-95,-95,-95,-95,-95,-95,-95
6234,2,0,68.6,1,2,3,4,2,2,3,4,3,4
6235,1,-95,-95,1,-95,-95,-95,-95,-95,-95,-95,-95,-95
6236,1,0,-95,1,-95,-95,-95,-95,-95,-95,-95,-95,-95
6237,1,0,-95,0,-95,-95,-95,-95,-95,-95,-95,-95,-95
6238,1,-95,-95,1,-95,-95,-95,-95,-95,-95,-95,-95,-95
6239,2,1,-98,0,-95,-95,-95,-95,-95,-95,-95,-95,-95
6240,1,0,-95,0,-95,-95,-95,-95,-95,-95,-95,-95,-95
6241,1,0,-95,1,-95,-95,-95,-95,-95,-95,-95,-95,-95
6242,1,-95,-95,1,-95,-95,-95,-95,-95,-95,-95,-95,-95
6243,2,0,46.37,0,1,1,1,3,3,1,1,1,1
6244,1,0,-95,1,-95,-95,-95,-95,-95,-95,-95,-95,-95
6245,1,-95,-95,0,-95,-95,-95,-95,-95,-95,-95,-95,-95
6246,2,0,52.83,0,4,3,3,2,2,4,5,5,3
6247,1,0,-95,0,-95,-95,-95,-95,-95,-95,-95,-95,-95
6248,2,0,75.4,1,2,2,3,3,4,3,2,1,1
6249,2,0,-98,0,-95,-95,-95,-95,-95,-95,-95,-95,-95
6250,2,0,68.16,1,3,3,2,3,3,3,3,3,3
6251,1,0,-95,0,-95,-95,-95,-95,-95,-95,-95,-95,-95
6252,1,-95,-95,0,-95,-95,-95,-95,-95,-95,-95,-95,-95
6253,2,0,70.19,1,2,1,1,4,4,4,3,2,3
6254,1,0,-95,0,-95,-95,-95,-95,-95,-95,-95,-95,-95
6255,1,-95,-95,1,-95,-95,-95,-95,-95,-95,-95,-95,-95
6256,2,-95,-98,0,2,2,2,4,4,2,3,2,2
6257,2,0,60.5,0,-95,-95,-95,-95,-95,-95,-95,-95,-95
6258,1,0,-95,1,-95,-95,-95,-95,-95,-95,-95,-95,-95
6259,2,0,70.01,1,2,2,2,-98,5,3,2,2,3
6260,2,-95,62.78,0,1,1,1,5,5,1,1,1,1
6261,2,0,62.22,0,5,3,4,2,2,1,1,1,1
6262,2,0,68.53,1,-95,-95,-95,-95,-95,-95,-95,-95,-95
6263,1,0,-95,1,-95,-95,-95,-95,-95,-95,-95,-95,-95
6264,2,0,74.09,1,4,4,2,4,4,1,1,2,2
6265,1,0,-95,1,-95,-95,-95,-95,-95,-95,-95,-95,-95
6266,2,0,46.91,1,2,2,2,4,4,2,2,2,2
6267,1,0,-95,1,-95,-95,-95,-95,-95,-95,-95,-95,-95
6268,2,0,89.58,0,2,1,1,3,4,2,2,3,3
6269,2,0,61.88,0,2,2,2,2,2,1,2,2,2
6270,2,0,43.44,0,5,4,4,4,5,3,3,5,3
6271,2,0,-98,1,5,5,5,1,1,1,5,5,1
6272,1,-95,-95,1,-95,-95,-95,-95,-95,-95,-95,-95,-95
6273,1,-95,-95,0,-95,-95,-95,-95,-95,-95,-95,-95,-95
6274,1,-95,-95,0,-95,-95,-95,-95,-95,-95,-95,-95,-95
6275,2,0,64.35,1,-95,-95,-95,-95,-95,-95,-95,-95,-95
6276,2,0,-98,0,2,2,2,4,4,2,4,2,2
6277,2,-95,34.56,0,2,3,2,2,3,2,2,2,2
6278,2,0,53.54,1,5,5,3,2,4,3,2,2,5
6279,1,0,-95,1,-95,-95,-95,-95,-95,-95,-95,-95,-95
6280,1,0,-95,1,-95,-95,-95,-95,-95,-95,-95,-95,-95
6281,2,-95,47.71,1,1,1,1,4,4,2,2,2,2
6282,1,0,-95,1,-95,-95,-95,-95,-95,-95,-95,-95,-95
6283,1,0,-95,0,-95,-95,-95,-95,-95,-95,-95,-95,-95
6284,2,1,74.77,1,2,2,2,4,5,2,1,2,2
6285,2,1,69.74,0,2,2,3,2,2,2,2,3,2
6286,2,1,-98,0,2,2,2,4,4,2,2,3,2
6287,2,-95,-98,0,-95,-95,-95,-95,-95,-95,-95,-95,-95
6288,2,0,60.78,1,2,2,3,2,4,2,2,2,3
6289,1,0,-95,1,-95,-95,-95,-95,-95,-95,-95,-95,-95
6290,1,0,-95,0,-95,-95,-95,-95,-95,-95,-95,-95,-95
6291,1,0,-95,1,-95,-95,-95,-95,-95,-95,-95,-95,-95
6292,2,0,-98,0,2,2,2,-98,4,1,2,1,1
6293,1,0,-95,0,-95,-95,-95,-95,-95,-95,-95,-95,-95
6294,2,0,53.54,0,2,2,2,5,5,4,3,1,1
6295,2,-95,43.33,0,3,3,1,1,1,1,1,1,1
6296,2,0,52.5,0,4,2,1,2,1,5,3,1,1
6297,2,0,32.61,0,1,1,1,1,1,1,1,1,1
6298,1,0,-95,0,-95,-95,-95,-95,-95,-95,-95,-95,-95
6299,2,0,73.4,0,2,2,2,4,4,2,2,3,2
6300,1,0,-95,0,-95,-95,-95,-95,-95,-95,-95,-95,-95
6301,1,0,-95,1,-95,-95,-95,-95,-95,-95,-95,-95,-95
6302,1,0,-95,1,-95,-95,-95,-95,-95,-95,-95,-95,-95
6303,1,0,-95,0,-95,-95,-95,-95,-95,-95,-95,-95,-95
6304,2,0,-98,1,-95,-95,-95,-95,-95,-95,-95,-95,-95
6305,2,0,76.31,1,2,2,2,4,4,2,2,2,2
6306,2,-95,34.69,1,2,3,3,5,5,1,3,1,3
6307,2,0,50.12,0,3,4,4,2,4,2,2,1,1
6308,1,0,-95,0,-95,-95,-95,-95,-95,-95,-95,-95,-95
6309,2,0,35.26,1,-95,-95,-95,-95,-95,-95,-95,-95,-95
6310,1,0,-95,1,-95,-95,-95,-95,-95,-95,-95,-95,-95
6311,2,-95,46.18,0,1,2,2,2,3,3,3,3,3
6312,1,0,-95,1,-95,-95,-95,-95,-95,-95,-95,-95,-95
6313,1,0,-95,0,-95,-95,-95,-95,-95,-95,-95,-95,-95
6314,1,0,-95,0,-95,-95,-95,-95,-95,-95,-95,-95,-95
6315,2,-95,41.64,0,2,2,2,4,4,3,3,3,3
6316,2,-95,-98,1,2,2,2,3,4,2,2,2,3
6317,2,0,60.33,0,-95,-95,-95,-95,-95,-95,-95,-95,-95
6318,1,0,-95,0,-95,-95,-95,-95,-95,-95,-95,-95,-95
6319,2,0,57.03,0,2,3,2,2,-98,2,2,2,2
6320,1,-95,-95,1,-95,-95,-95,-95,-95,-95,-95,-95,-95
6321,2,0,61.07,1,1,1,1,4,4,2,3,1,1
6322,2,0,54.11,1,3,3,3,2,4,1,1,1,1
6323,1,0,-95,0,-95,-95,-95,-95,-95,-95,-95,-95,-95
6324,1,0,-95,1,-95,-95,-95,-95,-95,-95,-95,-95,-95
6325,1,-95,-95,1,-95,-95,-95,-95,-95,-95,-95,-95,-95
6326,1,0,-95,1,-95,-95,-95,-95,-95,-95,-95,-95,-95
6327,2,0,54.21,0,1,1,1,1,1,1,1,1,1
6328,2,-95,-98,1,3,2,3,2,4,3,-98,4,3
6329,1,0,-95,1,-95,-95,-95,-95,-95,-95,-95,-95,-95
6330,1,-95,-95,0,-95,-95,-95,-95,-95,-95,-95,-95,-95
6331,1,-95,-95,1,-95,-95,-95,-95,-95,-95,-95,-95,-95
6332,1,0,-95,0,-95,-95,-95,-95,-95,-95,-95,-95,-95
6333,2,0,-98,0,2,2,2,4,4,2,2,2,2
6334,2,0,78.05,1,1,2,1,4,4,1,2,1,1
6335,1,0,-95,1,-95,-95,-95,-95,-95,-95,-95,-95,-95
6336,1,0,-95,1,-95,-95,-95,-95,-95,-95,-95,-95,-95
6337,2,0,54.89,1,2,2,2,4,5,2,3,2,3
6338,2,-99,-98,0,-95,-95,-95,-95,-95,-95,-95,-95,-95
6339,1,0,-95,1,-95,-95,-95,-95,-95,-95,-95,-95,-95
6340,1,-95,-95,1,-95,-95,-95,-95,-95,-95,-95,-95,-95
6341,2,0,-98,0,-95,-95,-95,-95,-95,-95,-95,-95,-95
6342,1,0,-95,1,-95,-95,-95,-95,-95,-95,-95,-95,-95
6343,2,0,61.29,1,4,4,2,4,5,2,2,3,2
6344,1,0,-95,0,-95,-95,-95,-95,-95,-95,-95,-95,-95
6345,2,0,58.22,1,4,3,2,4,5,2,3,4,3
6346,2,0,65.85,0,2,2,2,5,4,3,3,1,1
6347,2,-95,40.85,0,1,3,3,2,2,2,2,1,3
6348,2,0,71.56,1,2,2,2,2,4,2,4,-98,1
6349,2,0,33.47,0,-98,-98,-98,-98,-98,-98,-98,-98,-98
6350,2,-95,32.41,0,1,2,3,5,3,2,1,3,4
6351,1,0,-95,1,-95,-95,-95,-95,-95,-95,-95,-95,-95
6352,2,0,61.13,1,2,2,2,4,5,3,2,3,3
6353,1,0,-95,0,-95,-95,-95,-95,-95,-95,-95,-95,-95
6354,2,1,48.49,1,-95,-95,-95,-95,-95,-95,-95,-95,-95
6355,1,0,-95,1,-95,-95,-95,-95,-95,-95,-95,-95,-95
6356,2,0,60.02,0,2,2,2,4,4,3,3,3,3
6357,2,-95,57.59,0,2,2,2,2,2,2,1,3,2
6358,1,0,-95,1,-95,-95,-95,-95,-95,-95,-95,-95,-95
6359,1,0,-95,1,-95,-95,-95,-95,-95,-95,-95,-95,-95
6360,2,0,-98,1,2,2,2,4,4,2,2,2,2
6361,2,0,60.27,1,1,1,1,-98,5,2,1,2,1
6362,1,0,-95,1,-95,-95,-95,-95,-95,-95,-95,-95,-95
6363,2,0,78.05,0,3,1,3,3,3,3,3,5,5
6364,1,0,-95,0,-95,-95,-95,-95,-95,-95,-95,-95,-95
6365,2,0,67.11,1,2,2,2,4,4,3,2,2,2
6366,2,-95,-98,0,2,2,2,3,5,1,1,2,1
6367,1,-95,-95,0,-95,-95,-95,-95,-95,-95,-95,-95,-95
6368,1,-95,-95,0,-95,-95,-95,-95,-95,-95,-95,-95,-95
6369,2,0,57.65,1,3,3,-96,2,1,1,1,1,2
6370,2,-95,-98,0,1,4,3,3,4,1,1,1,1
6371,2,1,-96,0,1,1,1,1,5,1,1,1,1
6372,2,-95,-98,0,-95,-95,-95,-95,-95,-95,-95,-95,-95
6373,1,0,-95,1,-95,-95,-95,-95,-95,-95,-95,-95,-95
6374,2,0,62.55,1,2,2,2,3,4,1,1,2,2
6375,2,0,58.05,1,1,1,1,4,4,1,1,1,1
6376,1,0,-95,1,-95,-95,-95,-95,-95,-95,-95,-95,-95
6377,1,0,-95,0,-95,-95,-95,-95,-95,-95,-95,-95,-95
6378,2,-95,59.36,0,3,2,2,3,5,1,2,2,3
6379,2,-95,57.52,1,4,4,4,3,4,3,4,4,4
6380,1,0,-95,0,-95,-95,-95,-95,-95,-95,-95,-95,-95
6381,1,0,-95,0,-95,-95,-95,-95,-95,-95,-95,-95,-95
6382,1,0,-95,1,-95,-95,-95,-95,-95,-95,-95,-95,-95
6383,2,0,58.16,1,5,3,5,1,1,2,3,2,2
6384,1,1,-95,0,-95,-95,-95,-95,-95,-95,-95,-95,-95
6385,2,0,67.86,0,2,2,2,3,3,2,1,1,2
6386,1,0,-95,1,-95,-95,-95,-95,-95,-95,-95,-95,-95
6387,2,0,47.73,1,1,1,1,5,4,1,1,1,1
6388,1,0,-95,1,-95,-95,-95,-95,-95,-95,-95,-95,-95
6389,2,0,62.5,1,2,2,2,1,1,3,3,3,-98
6390,2,0,35.23,0,1,1,1,2,2,2,1,1,1
6391,1,-95,-95,0,-95,-95,-95,-95,-95,-95,-95,-95,-95
6392,1,0,-95,1,-95,-95,-95,-95,-95,-95,-95,-95,-95
6393,1,0,-95,1,-95,-95,-95,-95,-95,-95,-95,-95,-95
6394,2,-95,63.51,0,3,4,4,-98,3,3,3,3,3
6395,1,0,-95,0,-95,-95,-95,-95,-95,-95,-95,-95,-95
6396,2,-95,66.67,0,-98,-98,-98,-98,-98,-98,-98,-98,-98
6397,1,-95,-95,1,-95,-95,-95,-95,-95,-95,-95,-95,-95
6398,2,0,85.97,0,2,1,1,4,4,2,2,2,2
6399,1,-95,-95,1,-95,-95,-95,-95,-95,-95,-95,-95,-95
6400,1,-95,-95,1,-95,-95,-95,-95,-95,-95,-95,-95,-95
6401,2,0,-98,1,2,2,2,4,5,3,2,1,3
6402,2,-95,-98,0,2,4,2,2,2,2,4,2,2
6403,1,0,-95,1,-95,-95,-95,-95,-95,-95,-95,-95,-95
6404,2,0,44.59,0,2,2,3,2,4,3,2,2,3
6405,1,0,-95,1,-95,-95,-95,-95,-95,-95,-95,-95,-95
6406,2,0,49.68,0,2,2,2,5,4,1,2,1,2
6407,2,0,41.68,0,1,2,5,4,3,2,3,5,3
6408,1,0,-95,0,-95,-95,-95,-95,-95,-95,-95,-95,-95
6409,1,0,-95,1,-95,-95,-95,-95,-95,-95,-95,-95,-95
6410,1,1,-95,0,-95,-95,-95,-95,-95,-95,-95,-95,-95
6411,1,-95,-95,0,-95,-95,-95,-95,-95,-95,-95,-95,-95
6412,1,0,-95,1,-95,-95,-95,-95,-95,-95,-95,-95,-95
6413,1,-95,-95,1,-95,-95,-95,-95,-95,-95,-95,-95,-95
6414,2,0,58.09,1,2,2,2,4,4,2,2,2,1
6415,2,0,54.91,1,5,2,3,5,4,4,3,3,4
6416,2,0,74.7,0,5,5,5,5,5,5,5,5,5
6417,2,0,-98,1,4,4,2,4,5,1,3,1,1
6418,2,0,68.23,1,3,3,2,3,3,2,3,2,2
6419,1,0,-95,0,-95,-95,-95,-95,-95,-95,-95,-95,-95
6420,2,0,48.18,0,5,1,1,4,5,4,4,4,4
6421,1,0,-95,0,-95,-95,-95,-95,-95,-95,-95,-95,-95
6422,2,0,52.41,0,3,3,3,3,3,3,3,3,3
6423,2,0,55.07,1,1,1,1,3,5,2,3,1,1
6424,2,0,50.72,0,1,1,2,5,5,3,2,3,3
6425,1,-95,-95,0,-95,-95,-95,-95,-95,-95,-95,-95,-95
6426,2,-95,39.49,0,2,1,2,4,5,3,1,1,1
6427,1,0,-95,1,-95,-95,-95,-95,-95,-95,-95,-95,-95
6428,1,0,-95,1,-95,-95,-95,-95,-95,-95,-95,-95,-95
6429,1,0,-95,0,-95,-95,-95,-95,-95,-95,-95,-95,-95
6430,1,0,-95,1,-95,-95,-95,-95,-95,-95,-95,-95,-95
6431,1,0,-95,1,-95,-95,-95,-95,-95,-95,-95,-95,-95
6432,2,0,69.02,1,1,2,2,4,4,1,1,1,2
6433,2,0,67.9,1,1,1,1,5,1,1,1,1,1
6434,1,-95,-95,1,-95,-95,-95,-95,-95,-95,-95,-95,-95
6435,2,-95,-98,0,2,2,2,4,4,2,2,2,2
6436,2,-95,-98,1,2,4,4,3,3,2,2,2,2
6437,2,0,64.93,1,2,2,2,2,2,2,3,1,1
6438,1,0,-95,0,-95,-95,-95,-95,-95,-95,-95,-95,-95
6439,1,0,-95,0,-95,-95,-95,-95,-95,-95,-95,-95,-95
6440,2,0,-98,1,2,2,3,4,1,1,1,2,5
6441,1,0,-95,0,-95,-95,-95,-95,-95,-95,-95,-95,-95
6442,2,0,53.89,1,4,4,4,4,4,2,4,1,3
6443,2,0,-98,1,-95,-95,-95,-95,-95,-95,-95,-95,-95
6444,1,0,-95,1,-95,-95,-95,-95,-95,-95,-95,-95,-95
6445,1,0,-95,1,-95,-95,-95,-95,-95,-95,-95,-95,-95
6446,1,-95,-95,0,-95,-95,-95,-95,-95,-95,-95,-95,-95
6447,2,1,74.73,0,1,1,1,5,5,1,2,1,1
6448,2,-95,52.89,0,2,2,3,3,2,1,2,-98,3
6449,1,0,-95,1,-95,-95,-95,-95,-95,-95,-95,-95,-95
6450,2,0,-96,1,2,2,2,4,3,3,3,3,3
6451,2,0,42.03,0,3,4,4,4,4,2,2,3,2
6452,1,0,-95,1,-95,-95,-95,-95,-95,-95,-95,-95,-95
6453,2,0,34.1,0,4,3,4,3,3,3,3,3,3
6454,1,0,-95,1,-95,-95,-95,-95,-95,-95,-95,-95,-95
6455,2,0,-98,0,2,3,2,4,4,2,2,2,2
6456,2,-95,-98,0,4,4,2,2,3,2,3,3,2
6457,2,0,-98,1,-95,-95,-95,-95,-95,-95,-95,-95,-95
6458,2,-95,52.43,0,2,2,2,4,4,3,2,4,3
6459,2,-95,34.4,0,1,2,3,5,3,2,1,3,4
6460,1,-95,-95,1,-95,-95,-95,-95,-95,-95,-95,-95,-95
6461,1,0,-95,1,-95,-95,-95,-95,-95,-95,-95,-95,-95
6462,1,0,-95,1,-95,-95,-95,-95,-95,-95,-95,-95,-95
6463,2,0,83.24,0,1,1,1,5,5,1,1,1,1
6464,2,0,-98,0,5,5,5,5,5,5,5,5,5
6465,2,0,63.4,0,4,3,2,4,5,2,2,3,2
6466,1,0,-95,1,-95,-95,-95,-95,-95,-95,-95,-95,-95
6467,2,-95,-98,0,-95,-95,-95,-95,-95,-95,-95,-95,-95
6468,1,-95,-95,0,-95,-95,-95,-95,-95,-95,-95,-95,-95
6469,2,0,57.17,0,2,1,1,5,5,1,1,3,1
6470,2,0,70.28,1,1,1,1,5,1,1,3,1,1
6471,2,-95,-98,0,-95,-95,-95,-95,-95,-95,-95,-95,-95
6472,1,0,-95,1,-95,-95,-95,-95,-95,-95,-95,-95,-95
6473,2,0,-98,1,1,2,3,2,3,2,2,1,1
6474,2,0,58.27,0,4,3,4,2,4,2,2,2,2
6475,1,-95,-95,0,-95,-95,-95,-95,-95,-95,-95,-95,-95
6476,1,-95,-95,1,-95,-95,-95,-95,-95,-95,-95,-95,-95
6477,1,0,-95,1,-95,-95,-95,-95,-95,-95,-95,-95,-95
6478,1,1,-95,0,-95,-95,-95,-95,-95,-95,-95,-95,-95
6479,2,0,39.34,0,-95,-95,-95,-95,-95,-95,-95,-95,-95
6480,2,0,62.38,1,2,2,2,4,5,1,2,1,1
6481,2,0,51.09,1,2,3,4,1,1,1,5,1,3
6482,1,0,-95,0,-95,-95,-95,-95,-95,-95,-95,-95,-95
6483,1,0,-95,1,-95,-95,-95,-95,-95,-95,-95,-95,-95
6484,1,0,-95,0,-95,-95,-95,-95,-95,-95,-95,-95,-95
6485,2,0,-98,0,2,2,2,4,2,3,3,2,2
6486,2,0,-98,0,3,3,2,2,4,2,2,3,3
6487,1,0,-95,0,-95,-95,-95,-95,-95,-95,-95,-95,-95
6488,1,-95,-95,0,-95,-95,-95,-95,-95,-95,-95,-95,-95
6489,2,0,43.63,0,2,1,2,4,3,2,3,3,2
6490,2,0,78.7,1,2,2,2,4,4,2,2,2,2
6491,1,0,-95,1,-95,-95,-95,-95,-95,-95,-95,-95,-95
6492,1,0,-95,1,-95,-95,-95,-95,-95,-95,-95,-95,-95
6493,2,0,55.8,0,3,4,2,4,4,2,2,2,3
6494,1,0,-95,1,-95,-95,-95,-95,-95,-95,-95,-95,-95
6495,1,-95,-95,1,-95,-95,-95,-95,-95,-95,-95,-95,-95
6496,2,0,-98,1,-95,-95,-95,-95,-95,-95,-95,-95,-95
6497,1,-95,-95,1,-95,-95,-95,-95,-95,-95,-95,-95,-95
6498,1,0,-95,0,-95,-95,-95,-95,-95,-95,-95,-95,-95
6499,2,0,42.89,1,3,4,2,4,4,1,1,1,1
6500,1,0,-95,1,-95,-95,-95,-95,-95,-95,-95,-95,-95
6501,1,0,-95,0,-95,-95,-95,-95,-95,-95,-95,-95,-95
6502,1,-95,-95,1,-95,-95,-95,-95,-95,-95,-95,-95,-95
6503,1,0,-95,0,-95,-95,-95,-95,-95,-95,-95,-95,-95
6504,2,0,50.52,0,-95,-95,-95,-95,-95,-95,-95,-95,-95
6505,2,0,-98,0,1,1,1,5,5,2,1,1,1
6506,2,0,61.64,0,2,1,1,5,5,1,1,1,1
6507,1,0,-95,1,-95,-95,-95,-95,-95,-95,-95,-95,-95
6508,1,0,-95,0,-95,-95,-95,-95,-95,-95,-95,-95,-95
6509,1,1,-95,0,-95,-95,-95,-95,-95,-95,-95,-95,-95
6510,2,0,50.46,0,1,1,2,4,5,1,1,1,1
6511,1,-95,-95,0,-95,-95,-95,-95,-95,-95,-95,-95,-95
6512,2,0,50.91,1,3,3,3,3,2,2,3,3,2
6513,1,-95,-95,0,-95,-95,-95,-95,-95,-95,-95,-95,-95
6514,1,0,-95,0,-95,-95,-95,-95,-95,-95,-95,-95,-95
6515,2,0,57.28,0,-95,-95,-95,-95,-95,-95,-95,-95,-95
6516,2,0,-98,0,4,1,2,3,3,3,3,3,3
6517,1,1,-95,0,-95,-95,-95,-95,-95,-95,-95,-95,-95
6518,2,0,-98,0,-95,-95,-95,-95,-95,-95,-95,-95,-95
6519,1,0,-95,1,-95,-95,-95,-95,-95,-95,-95,-95,-95
6520,2,0,66.23,1,2,2,2,4,4,2,2,2,2
6521,1,-95,-95,0,-95,-95,-95,-95,-95,-95,-95,-95,-95
6522,2,-95,-98,0,1,2,1,4,5,1,1,1,1
6523,2,-95,34.21,1,5,3,3,3,2,3,3,3,3
6524,2,0,-96,1,1,1,1,5,5,1,1,1,1
6525,1,0,-95,0,-95,-95,-95,-95,-95,-95,-95,-95,-95
6526,2,1,66,0,2,1,2,4,4,2,2,3,3
6527,2,0,72.83,0,1,1,1,5,5,1,1,1,1
6528,1,0,-95,1,-95,-95,-95,-95,-95,-95,-95,-95,-95
6529,2,0,50.97,1,4,4,2,2,3,1,2,1,1
6530,2,-95,-98,0,-95,-95,-95,-95,-95,-95,-95,-95,-95
6531,2,-95,47.55,1,1,1,1,5,5,1,1,1,1
6532,1,1,-95,1,-95,-95,-95,-95,-95,-95,-95,-95,-95
6533,2,0,37.79,1,4,4,4,2,4,4,4,2,4
6534,2,0,43.53,1,2,3,2,5,4,2,3,3,2
6535,2,0,-98,1,-95,-95,-95,-95,-95,-95,-95,-95,-95
6536,1,0,-95,1,-95,-95,-95,-95,-95,-95,-95,-95,-95
6537,2,-95,-98,0,3,3,2,4,4,2,2,2,2
6538,2,0,-96,0,2,2,4,4,5,1,1,1,1
6539,2,0,-98,0,2,3,2,4,2,1,1,1,1
6540,2,0,48.43,1,2,2,2,4,3,3,3,3,3
6541,2,0,47.49,0,4,4,2,2,2,2,2,2,2
6542,2,-95,41.66,0,5,5,3,3,1,1,1,4,2
6543,2,-95,70.1,1,3,2,3,4,4,2,2,2,3
6544,1,0,-95,0,-95,-95,-95,-95,-95,-95,-95,-95,-95
6545,2,0,-96,1,2,2,2,4,4,1,2,1,1
6546,2,0,62.5,1,1,1,1,5,5,1,1,1,1
6547,2,0,80.51,1,1,1,1,5,5,1,1,4,1
6548,1,0,-95,0,-95,-95,-95,-95,-95,-95,-95,-95,-95
6549,2,0,75.81,0,2,2,2,3,4,2,2,3,2
6550,1,0,-95,0,-95,-95,-95,-95,-95,-95,-95,-95,-95
6551,1,0,-95,1,-95,-95,-95,-95,-95,-95,-95,-95,-95
6552,1,0,-95,1,-95,-95,-95,-95,-95,-95,-95,-95,-95
6553,1,-95,-95,0,-95,-95,-95,-95,-95,-95,-95,-95,-95
6554,1,1,-95,0,-95,-95,-95,-95,-95,-95,-95,-95,-95
6555,2,0,-98,1,-95,-95,-95,-95,-95,-95,-95,-95,-95
6556,1,-95,-95,0,-95,-95,-95,-95,-95,-95,-95,-95,-95
6557,2,0,76.83,1,1,1,1,5,5,1,1,1,1
6558,1,0,-95,1,-95,-95,-95,-95,-95,-95,-95,-95,-95
6559,1,0,-95,0,-95,-95,-95,-95,-95,-95,-95,-95,-95
6560,2,-95,-98,0,-95,-95,-95,-95,-95,-95,-95,-95,-95
6561,1,-95,-95,1,-95,-95,-95,-95,-95,-95,-95,-95,-95
6562,2,0,59.02,1,2,2,2,4,5,1,2,1,1
6563,1,-95,-95,1,-95,-95,-95,-95,-95,-95,-95,-95,-95
6564,2,-95,-98,1,-95,-95,-95,-95,-95,-95,-95,-95,-95
6565,2,0,53.61,0,2,1,2,5,4,2,2,1,2
6566,1,0,-95,0,-95,-95,-95,-95,-95,-95,-95,-95,-95
6567,1,-95,-95,1,-95,-95,-95,-95,-95,-95,-95,-95,-95
6568,1,0,-95,0,-95,-95,-95,-95,-95,-95,-95,-95,-95
6569,2,0,38.37,1,-98,-98,-98,-98,-98,-98,-98,-98,-98
6570,1,0,-95,0,-95,-95,-95,-95,-95,-95,-95,-95,-95
6571,2,0,36.16,0,2,2,2,4,4,4,3,3,2
6572,2,0,73.3,1,3,2,2,4,4,2,3,4,3
6573,2,0,52.66,0,4,4,4,3,2,3,3,3,3
6574,1,0,-95,0,-95,-95,-95,-95,-95,-95,-95,-95,-95
6575,1,0,-95,1,-95,-95,-95,-95,-95,-95,-95,-95,-95
6576,1,0,-95,0,-95,-95,-95,-95,-95,-95,-95,-95,-95
6577,2,0,75.27,0,1,1,1,4,3,2,3,3,2
6578,2,0,76.8,0,1,1,2,5,4,3,1,1,1
6579,2,0,41.15,1,3,3,3,3,3,3,2,2,2
6580,1,-95,-95,0,-95,-95,-95,-95,-95,-95,-95,-95,-95
6581,2,0,66.78,0,2,2,2,4,4,2,3,1,1
6582,1,0,-95,1,-95,-95,-95,-95,-95,-95,-95,-95,-95
6583,1,-95,-95,0,-95,-95,-95,-95,-95,-95,-95,-95,-95
6584,1,0,-95,1,-95,-95,-95,-95,-95,-95,-95,-95,-95
6585,2,0,-98,1,1,2,2,5,-98,5,3,1,2
6586,2,-95,40.21,1,-95,-95,-95,-95,-95,-95,-95,-95,-95
6587,1,0,-95,0,-95,-95,-95,-95,-95,-95,-95,-95,-95
6588,1,0,-95,1,-95,-95,-95,-95,-95,-95,-95,-95,-95
6589,1,0,-95,0,-95,-95,-95,-95,-95,-95,-95,-95,-95
6590,2,0,-98,1,2,2,2,2,4,2,2,2,2
6591,2,-95,-98,1,4,3,3,3,4,3,3,3,3
6592,1,0,-95,0,-95,-95,-95,-95,-95,-95,-95,-95,-95
6593,2,0,55.37,1,2,3,2,3,4,2,3,1,1
6594,2,0,64.23,0,3,4,2,4,4,2,3,2,3
6595,2,-95,-98,0,2,1,2,4,4,3,3,2,3
6596,2,0,58.97,0,1,1,1,5,5,1,1,1,1
6597,2,0,61.25,0,-95,-95,-95,-95,-95,-95,-95,-95,-95
6598,1,0,-95,1,-95,-95,-95,-95,-95,-95,-95,-95,-95
6599,2,0,-96,1,1,2,2,5,5,1,1,1,1
6600,2,0,52.14,1,2,2,3,5,5,5,3,3,2
6601,1,0,-95,1,-95,-95,-95,-95,-95,-95,-95,-95,-95
6602,1,-95,-95,0,-95,-95,-95,-95,-95,-95,-95,-95,-95
6603,1,0,-95,1,-95,-95,-95,-95,-95,-95,-95,-95,-95
6604,2,0,52.11,0,2,2,2,4,5,3,4,1,1
6605,1,0,-95,0,-95,-95,-95,-95,-95,-95,-95,-95,-95
6606,2,0,42.26,1,1,1,1,1,3,2,2,3,3
6607,1,0,-95,1,-95,-95,-95,-95,-95,-95,-95,-95,-95
6608,2,0,68.92,0,1,2,1,5,5,2,3,3,3
6609,2,0,68.29,1,4,3,4,2,2,4,4,4,4
6610,2,-95,52.25,1,2,3,4,1,4,5,2,1,2
6611,2,0,56.93,1,4,3,2,4,4,1,2,1,2
6612,1,0,-95,1,-95,-95,-95,-95,-95,-95,-95,-95,-95
6613,2,0,69.33,0,2,1,2,4,3,2,2,2,2
6614,1,0,-95,1,-95,-95,-95,-95,-95,-95,-95,-95,-95
6615,1,0,-95,1,-95,-95,-95,-95,-95,-95,-95,-95,-95
6616,2,-95,-98,1,-95,-95,-95,-95,-95,-95,-95,-95,-95
6617,1,0,-95,0,-95,-95,-95,-95,-95,-95,-95,-95,-95
6618,2,-95,-96,0,2,2,2,4,4,2,2,2,2
6619,1,0,-95,0,-95,-95,-95,-95,-95,-95,-95,-95,-95
6620,1,0,-95,1,-95,-95,-95,-95,-95,-95,-95,-95,-95
6621,1,0,-95,0,-95,-95,-95,-95,-95,-95,-95,-95,-95
6622,2,-95,-98,0,3,2,-98,3,3,2,1,1,1
6623,1,-95,-95,0,-95,-95,-95,-95,-95,-95,-95,-95,-95
6624,1,0,-95,1,-95,-95,-95,-95,-95,-95,-95,-95,-95
6625,1,0,-95,0,-95,-95,-95,-95,-95,-95,-95,-95,-95
6626,1,0,-95,1,-95,-95,-95,-95,-95,-95,-95,-95,-95
6627,2,0,49.99,1,-95,-95,-95,-95,-95,-95,-95,-95,-95
6628,2,-95,67.26,0,1,1,1,3,4,3,3,1,1
6629,2,0,40.31,0,5,2,1,2,1,1,1,1,1
6630,2,0,58.1,1,5,5,4,2,2,1,1,1,1
6631,1,0,-95,0,-95,-95,-95,-95,-95,-95,-95,-95,-95
6632,2,-95,40.88,0,-95,-95,-95,-95,-95,-95,-95,-95,-95
6633,1,0,-95,0,-95,-95,-95,-95,-95,-95,-95,-95,-95
6634,2,-95,-98,0,-95,-95,-95,-95,-95,-95,-95,-95,-95
6635,1,0,-95,1,-95,-95,-95,-95,-95,-95,-95,-95,-95
6636,1,0,-95,1,-95,-95,-95,-95,-95,-95,-95,-95,-95
6637,1,0,-95,1,-95,-95,-95,-95,-95,-95,-95,-95,-95
6638,2,0,76.76,1,1,1,1,4,4,2,2,2,1
6639,2,0,-96,0,3,3,3,3,3,3,3,3,3
6640,2,-95,-98,1,2,2,2,3,2,1,1,1,1
6641,2,0,60.45,1,3,2,2,4,4,4,3,3,3
6642,2,0,67.73,1,2,2,2,5,5,3,3,1,2
6643,2,-95,-98,1,-95,-95,-95,-95,-95,-95,-95,-95,-95
6644,2,-95,-96,0,2,3,2,4,5,2,2,2,3
6645,2,0,62.61,1,2,2,2,4,4,2,3,2,2
6646,1,0,-95,0,-95,-95,-95,-95,-95,-95,-95,-95,-95
6647,2,-95,50.67,0,2,2,2,4,5,1,2,1,1
6648,1,0,-95,0,-95,-95,-95,-95,-95,-95,-95,-95,-95
6649,2,0,55.07,0,2,2,2,2,4,3,2,3,3
6650,2,-95,-98,0,-95,-95,-95,-95,-95,-95,-95,-95,-95
6651,2,0,74.69,1,1,1,1,3,4,2,1,1,1
6652,2,-95,-98,0,5,5,5,5,5,5,5,1,5
6653,1,0,-95,1,-95,-95,-95,-95,-95,-95,-95,-95,-95
6654,1,-95,-95,0,-95,-95,-95,-95,-95,-95,-95,-95,-95
6655,2,0,73.09,1,1,1,2,5,4,-98,-98,-98,-98
6656,1,0,-95,0,-95,-95,-95,-95,-95,-95,-95,-95,-95
6657,1,-95,-95,1,-95,-95,-95,-95,-95,-95,-95,-95,-95
6658,1,0,-95,1,-95,-95,-95,-95,-95,-95,-95,-95,-95
6659,1,0,-95,1,-95,-95,-95,-95,-95,-95,-95,-95,-95
6660,2,0,70.41,1,1,1,2,4,4,2,2,1,1
6661,1,-95,-95,0,-95,-95,-95,-95,-95,-95,-95,-95,-95
6662,1,-95,-95,0,-95,-95,-95,-95,-95,-95,-95,-95,-95
6663,1,0,-95,1,-95,-95,-95,-95,-95,-95,-95,-95,-95
6664,2,-95,44.72,1,2,3,1,5,5,1,3,1,1
6665,1,-95,-95,1,-95,-95,-95,-95,-95,-95,-95,-95,-95
6666,1,0,-95,0,-95,-95,-95,-95,-95,-95,-95,-95,-95
6667,2,0,34.56,0,3,2,2,5,5,2,2,2,2
6668,1,-95,-95,1,-95,-95,-95,-95,-95,-95,-95,-95,-95
6669,2,-95,-96,1,2,2,2,4,4,2,2,4,2
6670,2,0,51.09,0,2,1,5,5,5,1,1,1,1
6671,2,-95,58.67,0,3,2,2,4,5,3,3,3,3
6672,1,0,-95,0,-95,-95,-95,-95,-95,-95,-95,-95,-95
6673,2,0,54.19,0,3,3,3,3,2,2,2,2,2
6674,1,0,-95,1,-95,-95,-95,-95,-95,-95,-95,-95,-95
6675,2,-95,84.78,0,2,2,2,4,2,4,4,2,2
6676,2,-95,61.97,1,3,2,2,4,2,2,3,2,2
6677,1,0,-95,1,-95,-95,-95,-95,-95,-95,-95,-95,-95
6678,2,0,66.87,1,2,2,2,2,4,1,1,1,1
6679,1,0,-95,0,-95,-95,-95,-95,-95,-95,-95,-95,-95
6680,2,0,62.59,1,3,2,2,3,5,3,3,1,1
6681,1,0,-95,1,-95,-95,-95,-95,-95,-95,-95,-95,-95
6682,1,0,-95,0,-95,-95,-95,-95,-95,-95,-95,-95,-95
6683,2,-95,67.86,1,3,3,2,2,3,2,3,2,3
6684,1,0,-95,1,-95,-95,-95,-95,-95,-95,-95,-95,-95
6685,2,0,42.12,0,5,5,5,2,2,2,2,2,2
6686,2,0,70.99,0,2,2,2,3,4,2,2,2,2
6687,2,-95,55.83,0,1,1,2,3,3,3,3,3,3
6688,2,-95,35.64,0,5,2,4,3,5,5,5,1,1
6689,2,-95,37.31,0,1,2,2,-98,-98,-98,-98,-98,1
6690,2,0,-98,0,-95,-95,-95,-95,-95,-95,-95,-95,-95
6691,1,0,-95,1,-95,-95,-95,-95,-95,-95,-95,-95,-95
6692,2,0,48.56,1,2,2,2,3,4,1,3,1,-98
6693,2,0,-98,1,1,2,2,4,5,1,4,4,1
6694,2,0,58.48,1,2,2,4,4,4,2,2,2,2
6695,2,-95,-98,0,2,2,2,4,4,2,2,2,2
6696,1,0,-95,1,-95,-95,-95,-95,-95,-95,-95,-95,-95
6697,2,-95,58.45,0,-95,-95,-95,-95,-95,-95,-95,-95,-95
6698,2,0,52.3,1,2,2,2,3,3,3,3,3,3
6699,2,0,49.47,0,1,1,1,4,4,2,2,2,2
6700,2,0,70.88,1,-98,-98,-98,-98,-98,-98,-98,-98,-98
6701,2,-95,55.72,1,3,2,2,2,4,2,2,2,2
6702,2,0,-96,0,3,4,4,2,3,2,4,2,3
6703,2,-95,-98,1,1,1,1,5,5,5,5,3,3
6704,2,-95,67.83,0,3,4,4,2,4,1,1,1,1
6705,1,0,-95,0,-95,-95,-95,-95,-95,-95,-95,-95,-95
6706,1,0,-95,0,-95,-95,-95,-95,-95,-95,-95,-95,-95
6707,1,-95,-95,1,-95,-95,-95,-95,-95,-95,-95,-95,-95
6708,2,0,37.21,0,-98,-98,-98,-98,-98,-98,-98,-98,-98
6709,2,0,87.79,1,1,1,2,4,4,2,1,1,1
6710,1,-95,-95,0,-95,-95,-95,-95,-95,-95,-95,-95,-95
6711,1,-95,-95,0,-95,-95,-95,-95,-95,-95,-95,-95,-95
6712,2,0,66.06,0,2,2,2,4,5,2,2,1,1
6713,2,0,88.89,1,4,1,1,5,5,4,2,2,4
6714,2,0,44.25,1,1,3,2,2,2,3,3,3,3
6715,2,0,64.33,1,4,4,4,2,5,1,1,2,2
6716,1,0,-95,0,-95,-95,-95,-95,-95,-95,-95,-95,-95
6717,1,-95,-95,0,-95,-95,-95,-95,-95,-95,-95,-95,-95
6718,1,0,-95,0,-95,-95,-95,-95,-95,-95,-95,-95,-95
6719,2,0,-98,0,4,2,2,4,5,1,2,1,2
6720,2,0,75.39,0,1,1,1,5,5,1,1,1,1
6721,2,0,42.16,0,2,2,2,1,3,2,3,2,2
6722,2,0,77.36,1,-95,-95,-95,-95,-95,-95,-95,-95,-95
6723,2,-95,44.26,1,1,1,1,4,4,2,2,1,1
6724,1,0,-95,0,-95,-95,-95,-95,-95,-95,-95,-95,-95
6725,2,0,63.56,1,2,2,2,4,5,2,2,1,2
6726,1,-95,-95,1,-95,-95,-95,-95,-95,-95,-95,-95,-95
6727,2,0,63.84,1,4,2,2,4,4,4,2,2,2
6728,2,0,45.68,1,1,2,2,3,1,2,2,2,2
6729,1,0,-95,1,-95,-95,-95,-95,-95,-95,-95,-95,-95
6730,1,-95,-95,1,-95,-95,-95,-95,-95,-95,-95,-95,-95
6731,2,-95,-98,0,2,2,2,2,4,2,2,2,3
6732,1,0,-95,1,-95,-95,-95,-95,-95,-95,-95,-95,-95
6733,1,0,-95,0,-95,-95,-95,-95,-95,-95,-95,-95,-95
6734,1,0,-95,0,-95,-95,-95,-95,-95,-95,-95,-95,-95
6735,1,0,-95,0,-95,-95,-95,-95,-95,-95,-95,-95,-95
6736,1,0,-95,1,-95,-95,-95,-95,-95,-95,-95,-95,-95
6737,2,-95,-98,1,-95,-95,-95,-95,-95,-95,-95,-95,-95
6738,1,0,-95,1,-95,-95,-95,-95,-95,-95,-95,-95,-95
6739,1,0,-95,1,-95,-95,-95,-95,-95,-95,-95,-95,-95
6740,2,-95,-98,1,-98,-98,-98,-98,-98,-98,-98,-98,-98
6741,2,-95,39.88,1,-98,-98,-98,-98,-98,-98,-98,-98,-98
6742,2,-95,-96,0,3,2,2,2,2,2,2,3,3
6743,1,0,-95,1,-95,-95,-95,-95,-95,-95,-95,-95,-95
6744,2,0,68.51,1,4,4,4,2,3,3,3,2,2
6745,2,-95,-98,1,-95,-95,-95,-95,-95,-95,-95,-95,-95
6746,1,0,-95,0,-95,-95,-95,-95,-95,-95,-95,-95,-95
6747,1,-95,-95,0,-95,-95,-95,-95,-95,-95,-95,-95,-95
6748,2,0,66.98,1,-95,-95,-95,-95,-95,-95,-95,-95,-95
6749,2,0,76,0,-98,-98,-98,-98,-98,-98,-98,-98,-98
6750,1,0,-95,0,-95,-95,-95,-95,-95,-95,-95,-95,-95
6751,1,0,-95,1,-95,-95,-95,-95,-95,-95,-95,-95,-95
6752,2,1,72.45,1,1,1,3,3,5,3,2,1,1
6753,2,-95,-98,0,-95,-95,-95,-95,-95,-95,-95,-95,-95
6754,1,-95,-95,1,-95,-95,-95,-95,-95,-95,-95,-95,-95
6755,1,0,-95,1,-95,-95,-95,-95,-95,-95,-95,-95,-95
6756,2,0,39,0,-95,-95,-95,-95,-95,-95,-95,-95,-95
6757,1,0,-95,0,-95,-95,-95,-95,-95,-95,-95,-95,-95
6758,1,-95,-95,0,-95,-95,-95,-95,-95,-95,-95,-95,-95
6759,2,0,67.11,0,-98,-98,-98,-98,-98,-98,-98,-98,-98
6760,2,-95,72.42,0,3,3,3,3,2,3,3,3,3
6761,1,-95,-95,0,-95,-95,-95,-95,-95,-95,-95,-95,-95
6762,1,-95,-95,1,-95,-95,-95,-95,-95,-95,-95,-95,-95
6763,2,0,83.58,0,-95,-95,-95,-95,-95,-95,-95,-95,-95
6764,1,-95,-95,0,-95,-95,-95,-95,-95,-95,-95,-95,-95
6765,1,-95,-95,0,-95,-95,-95,-95,-95,-95,-95,-95,-95
6766,2,0,66.27,0,1,1,1,2,5,1,1,1,1
6767,1,-95,-95,1,-95,-95,-95,-95,-95,-95,-95,-95,-95
6768,1,-95,-95,0,-95,-95,-95,-95,-95,-95,-95,-95,-95
6769,1,0,-95,0,-95,-95,-95,-95,-95,-95,-95,-95,-95
6770,2,-95,66.61,0,-95,-95,-95,-95,-95,-95,-95,-95,-95
6771,1,0,-95,0,-95,-95,-95,-95,-95,-95,-95,-95,-95
6772,1,0,-95,1,-95,-95,-95,-95,-95,-95,-95,-95,-95
6773,2,-95,-98,0,1,1,5,5,5,1,1,1,1
6774,2,0,-98,0,-95,-95,-95,-95,-95,-95,-95,-95,-95
6775,2,0,55.67,0,1,1,1,5,4,2,1,1,1
6776,2,0,69.51,0,1,1,1,4,4,2,2,2,2
6777,2,0,64.21,0,1,1,1,5,2,2,1,1,1
6778,1,0,-95,1,-95,-95,-95,-95,-95,-95,-95,-95,-95
6779,2,0,-98,0,2,2,2,3,3,3,3,2,2
6780,2,0,37.07,1,4,4,4,2,2,2,2,2,2
6781,2,1,87.22,0,4,2,2,2,4,2,1,2,2
6782,1,-95,-95,1,-95,-95,-95,-95,-95,-95,-95,-95,-95
6783,1,-95,-95,1,-95,-95,-95,-95,-95,-95,-95,-95,-95
6784,2,0,57.96,1,2,2,2,5,4,2,3,3,3
6785,2,0,68.68,1,2,2,2,4,4,2,2,3,3
6786,1,0,-95,0,-95,-95,-95,-95,-95,-95,-95,-95,-95
6787,2,0,49.06,0,1,1,1,5,5,1,1,1,1
6788,2,1,75.66,0,2,1,1,4,3,1,1,1,1
6789,2,-95,-98,1,5,3,4,1,4,4,4,4,4
6790,1,-95,-95,0,-95,-95,-95,-95,-95,-95,-95,-95,-95
6791,1,0,-95,0,-95,-95,-95,-95,-95,-95,-95,-95,-95
6792,1,0,-95,1,-95,-95,-95,-95,-95,-95,-95,-95,-95
6793,2,-95,85.75,0,2,2,1,4,2,2,1,2,1
6794,1,0,-95,1,-95,-95,-95,-95,-95,-95,-95,-95,-95
6795,2,0,-98,1,2,2,1,4,4,2,3,2,1
6796,2,0,48.96,0,1,1,1,5,5,1,2,1,1
6797,1,0,-95,0,-95,-95,-95,-95,-95,-95,-95,-95,-95
6798,2,0,79.97,0,4,2,4,3,3,1,1,1,1
6799,2,0,-96,1,1,1,1,5,5,1,1,3,3
6800,2,0,46.39,1,2,2,3,4,4,1,3,2,2
6801,1,0,-95,0,-95,-95,-95,-95,-95,-95,-95,-95,-95
6802,1,0,-95,0,-95,-95,-95,-95,-95,-95,-95,-95,-95
6803,2,-95,44.89,1,5,5,2,5,5,5,5,3,5
6804,1,0,-95,0,-95,-95,-95,-95,-95,-95,-95,-95,-95
6805,2,-99,43.54,1,2,4,2,2,2,2,2,2,3
6806,2,0,-96,1,1,1,1,-98,5,1,1,1,1
6807,2,-95,56.59,0,2,2,1,5,5,2,2,2,3
6808,2,0,57.86,1,2,3,-98,4,4,2,2,2,2
6809,2,0,37.95,0,2,1,1,2,5,3,3,2,2
6810,2,0,46.92,0,1,1,1,5,5,1,1,1,1
6811,2,0,51.12,1,1,1,2,5,5,1,3,3,1
6812,2,0,36.56,1,3,2,1,2,2,2,1,4,4
6813,2,0,-96,0,2,2,2,5,5,1,1,1,1
6814,2,0,62.07,1,2,2,5,2,3,2,2,2,1
6815,2,0,59.43,0,4,3,2,-96,4,4,4,2,4
6816,2,-95,69.33,1,4,3,4,3,4,3,3,3,4
6817,2,0,-98,1,2,2,2,5,3,3,3,3,3
6818,1,-95,-95,0,-95,-95,-95,-95,-95,-95,-95,-95,-95
6819,2,0,64.48,0,2,3,2,3,4,2,3,2,1
6820,2,-95,43.08,0,2,2,2,4,4,3,3,2,3
6821,2,0,-98,0,2,2,2,5,5,1,1,1,1
6822,2,-95,63.58,0,3,2,2,3,2,4,4,2,2
6823,1,-95,-95,1,-95,-95,-95,-95,-95,-95,-95,-95,-95
6824,2,0,-96,0,2,2,4,4,2,1,2,4,5
6825,2,-95,-98,0,-95,-95,-95,-95,-95,-95,-95,-95,-95
6826,1,0,-95,1,-95,-95,-95,-95,-95,-95,-95,-95,-95
6827,1,0,-95,1,-95,-95,-95,-95,-95,-95,-95,-95,-95
6828,1,-95,-95,0,-95,-95,-95,-95,-95,-95,-95,-95,-95
6829,1,0,-95,1,-95,-95,-95,-95,-95,-95,-95,-95,-95
6830,1,-95,-95,0,-95,-95,-95,-95,-95,-95,-95,-95,-95
6831,1,-95,-95,1,-95,-95,-95,-95,-95,-95,-95,-95,-95
6832,1,0,-95,0,-95,-95,-95,-95,-95,-95,-95,-95,-95
6833,1,0,-95,1,-95,-95,-95,-95,-95,-95,-95,-95,-95
6834,1,0,-95,1,-95,-95,-95,-95,-95,-95,-95,-95,-95
6835,2,0,-98,1,2,1,2,2,5,1,1,3,3
6836,1,0,-95,0,-95,-95,-95,-95,-95,-95,-95,-95,-95
6837,2,-95,42.78,0,2,2,2,4,4,2,1,1,1
6838,2,0,-96,0,3,3,3,3,3,3,3,3,3
6839,2,0,-98,0,-95,-95,-95,-95,-95,-95,-95,-95,-95
6840,1,-95,-95,1,-95,-95,-95,-95,-95,-95,-95,-95,-95
6841,1,-95,-95,0,-95,-95,-95,-95,-95,-95,-95,-95,-95
6842,1,0,-95,0,-95,-95,-95,-95,-95,-95,-95,-95,-95
6843,1,0,-95,0,-95,-95,-95,-95,-95,-95,-95,-95,-95
6844,2,-95,48.52,1,2,4,2,4,2,2,3,2,3
6845,2,0,41.13,0,1,1,1,5,5,1,1,1,1
6846,2,1,-98,0,-95,-95,-95,-95,-95,-95,-95,-95,-95
6847,1,-95,-95,0,-95,-95,-95,-95,-95,-95,-95,-95,-95
6848,1,0,-95,1,-95,-95,-95,-95,-95,-95,-95,-95,-95
6849,2,0,-98,1,1,1,1,5,4,1,1,1,1
6850,1,-95,-95,1,-95,-95,-95,-95,-95,-95,-95,-95,-95
6851,1,0,-95,1,-95,-95,-95,-95,-95,-95,-95,-95,-95
6852,1,-95,-95,1,-95,-95,-95,-95,-95,-95,-95,-95,-95
6853,1,0,-95,1,-95,-95,-95,-95,-95,-95,-95,-95,-95
6854,2,0,55.39,1,1,2,2,2,3,3,4,3,3
6855,1,-95,-95,1,-95,-95,-95,-95,-95,-95,-95,-95,-95
6856,2,0,37.08,1,2,3,3,4,4,2,2,1,2
6857,1,0,-95,0,-95,-95,-95,-95,-95,-95,-95,-95,-95
6858,1,-95,-95,0,-95,-95,-95,-95,-95,-95,-95,-95,-95
6859,2,0,63.98,0,2,2,1,1,5,1,-98,3,2
6860,2,0,-98,1,-95,-95,-95,-95,-95,-95,-95,-95,-95
6861,1,-95,-95,1,-95,-95,-95,-95,-95,-95,-95,-95,-95
6862,2,0,-98,0,1,1,1,4,4,1,1,1,1
6863,2,0,74.56,1,1,2,2,5,4,2,2,2,1
6864,1,-95,-95,0,-95,-95,-95,-95,-95,-95,-95,-95,-95
6865,2,0,70.38,1,2,3,2,2,5,2,2,-98,2
6866,2,0,58.91,1,2,2,2,5,5,2,1,2,1
6867,2,0,65.62,0,2,4,2,2,4,2,1,1,2
6868,1,0,-95,1,-95,-95,-95,-95,-95,-95,-95,-95,-95
6869,1,0,-95,0,-95,-95,-95,-95,-95,-95,-95,-95,-95
6870,2,0,57.75,1,4,2,2,5,4,2,2,2,2
6871,2,-95,40.52,0,2,1,2,3,3,3,3,3,2
6872,2,1,90.96,0,1,2,1,4,4,2,2,1,1
6873,2,0,63.27,0,1,1,1,5,5,2,1,2,1
6874,2,0,-98,0,4,1,1,5,5,1,1,1,1
6875,2,0,50.4,0,-98,-98,-98,-98,-98,-98,-98,-98,-98
6876,2,-95,68.61,0,-95,-95,-95,-95,-95,-95,-95,-95,-95
6877,2,0,-98,1,-95,-95,-95,-95,-95,-95,-95,-95,-95
6878,1,0,-95,1,-95,-95,-95,-95,-95,-95,-95,-95,-95
6879,1,-95,-95,1,-95,-95,-95,-95,-95,-95,-95,-95,-95
6880,2,0,54.19,1,3,2,3,2,2,1,2,1,1
6881,1,-95,-95,0,-95,-95,-95,-95,-95,-95,-95,-95,-95
6882,1,0,-95,1,-95,-95,-95,-95,-95,-95,-95,-95,-95
6883,1,-95,-95,0,-95,-95,-95,-95,-95,-95,-95,-95,-95
6884,2,-95,39.81,0,5,5,5,4,4,4,4,3,4
6885,1,0,-95,0,-95,-95,-95,-95,-95,-95,-95,-95,-95
6886,1,0,-95,1,-95,-95,-95,-95,-95,-95,-95,-95,-95
6887,2,0,49.6,1,4,3,3,2,4,3,3,3,3
6888,1,0,-95,0,-95,-95,-95,-95,-95,-95,-95,-95,-95
6889,2,0,49.38,0,4,2,2,4,2,4,3,3,2
6890,1,0,-95,0,-95,-95,-95,-95,-95,-95,-95,-95,-95
6891,2,-95,-96,0,2,2,2,5,5,2,2,2,1
6892,2,0,-96,0,2,2,2,4,4,3,3,2,2
6893,1,-95,-95,0,-95,-95,-95,-95,-95,-95,-95,-95,-95
6894,2,0,72.07,1,2,2,2,4,4,2,2,2,2
6895,1,0,-95,0,-95,-95,-95,-95,-95,-95,-95,-95,-95
6896,2,-95,-98,0,2,2,2,4,4,2,2,2,2
6897,1,0,-95,0,-95,-95,-95,-95,-95,-95,-95,-95,-95
6898,2,-95,-96,0,2,-96,5,2,2,1,3,4,4
6899,2,0,93.29,0,2,1,2,3,4,2,2,2,1
6900,1,-95,-95,0,-95,-95,-95,-95,-95,-95,-95,-95,-95
6901,2,0,-96,1,1,2,2,4,5,2,2,3,2
6902,2,0,52.99,1,2,2,2,4,4,3,3,2,3
6903,1,0,-95,1,-95,-95,-95,-95,-95,-95,-95,-95,-95
6904,1,0,-95,1,-95,-95,-95,-95,-95,-95,-95,-95,-95
6905,2,-95,-98,0,1,1,4,3,4,2,2,2,1
6906,1,0,-95,1,-95,-95,-95,-95,-95,-95,-95,-95,-95
6907,1,-95,-95,0,-95,-95,-95,-95,-95,-95,-95,-95,-95
6908,1,-95,-95,1,-95,-95,-95,-95,-95,-95,-95,-95,-95
6909,1,0,-95,1,-95,-95,-95,-95,-95,-95,-95,-95,-95
6910,2,0,-98,0,2,2,2,5,-96,1,3,2,1
6911,2,0,-96,1,2,3,2,4,4,3,2,1,4
6912,1,0,-95,1,-95,-95,-95,-95,-95,-95,-95,-95,-95
6913,1,1,-95,0,-95,-95,-95,-95,-95,-95,-95,-95,-95
6914,2,0,47.78,1,3,2,2,5,5,3,3,-98,1
6915,2,0,-96,0,2,5,3,3,4,2,1,2,2
6916,1,0,-95,1,-95,-95,-95,-95,-95,-95,-95,-95,-95
6917,2,0,-98,1,1,2,2,3,3,1,1,1,1
6918,2,0,-98,0,1,1,1,5,5,1,1,4,1
6919,2,-95,57.36,1,3,2,3,3,3,2,2,2,2
6920,2,0,60.76,0,2,2,2,2,5,1,1,1,1
6921,1,0,-95,0,-95,-95,-95,-95,-95,-95,-95,-95,-95
6922,1,0,-95,0,-95,-95,-95,-95,-95,-95,-95,-95,-95
6923,1,1,-95,0,-95,-95,-95,-95,-95,-95,-95,-95,-95
6924,2,0,70.27,1,1,1,1,2,5,1,2,3,3
6925,2,0,-96,0,-95,-95,-95,-95,-95,-95,-95,-95,-95
6926,1,-95,-95,0,-95,-95,-95,-95,-95,-95,-95,-95,-95
6927,2,-95,63.49,0,1,2,2,4,4,2,2,2,2
6928,1,-95,-95,0,-95,-95,-95,-95,-95,-95,-95,-95,-95
6929,2,-95,-98,1,-95,-95,-95,-95,-95,-95,-95,-95,-95
6930,2,0,67.01,1,2,2,3,4,4,3,3,3,2
6931,2,0,64.55,1,4,3,3,1,4,1,1,1,1
6932,1,0,-95,1,-95,-95,-95,-95,-95,-95,-95,-95,-95
6933,2,0,83.18,0,1,1,1,4,4,2,1,2,2
6934,2,-95,47.44,0,1,1,1,4,2,3,2,2,2
6935,1,-95,-95,0,-95,-95,-95,-95,-95,-95,-95,-95,-95
6936,1,0,-95,0,-95,-95,-95,-95,-95,-95,-95,-95,-95
6937,2,0,65.27,1,3,3,2,4,4,1,2,1,1
6938,1,0,-95,1,-95,-95,-95,-95,-95,-95,-95,-95,-95
6939,2,-95,72.28,1,1,2,2,4,1,1,1,1,1
6940,1,0,-95,1,-95,-95,-95,-95,-95,-95,-95,-95,-95
6941,1,-95,-95,0,-95,-95,-95,-95,-95,-95,-95,-95,-95
6942,1,0,-95,0,-95,-95,-95,-95,-95,-95,-95,-95,-95
6943,2,-95,59.67,0,2,2,1,5,5,1,1,1,1
6944,1,0,-95,1,-95,-95,-95,-95,-95,-95,-95,-95,-95
6945,1,0,-95,1,-95,-95,-95,-95,-95,-95,-95,-95,-95
